Time,Commanded,Actual
0.0,0.0,0.0
0.003,0.0,0.0
0.006,0.0,0.0
0.009,0.0,0.0
0.012,0.0,0.0
0.015,0.0,0.0
0.018,0.0,0.0
0.021,0.0,0.0
0.024,0.0,0.0
0.027,0.0,0.0
0.03,0.0,0.0
0.033,0.0,0.0
0.036,0.0,0.0
0.039,0.0,0.0
0.042,0.0,0.0
0.045,0.0,0.0
0.048,0.0,0.0
0.051,0.0,0.0
0.054,0.0,0.0
0.057,0.0,0.0
0.06,0.0,0.0
0.063,0.0,0.0
0.066,0.0,0.0
0.069,0.0,0.0
0.072,0.0,0.0
0.075,0.0,0.0
0.078,0.0,0.0
0.081,0.0,0.0
0.084,0.0,0.0
0.087,0.0,0.0
0.09,0.0,0.0
0.093,0.0,0.0
0.096,0.0,0.0
0.099,0.0,0.0
0.102,0.0,0.0
0.105,0.0,0.0
0.108,-0.003665191429188092,-2.7077901430795763e-05
0.111,-0.003665191429188092,-0.00012811361126057366
0.114,-0.003665191429188092,-0.0003095122032073595
0.117,-0.003665191429188092,-0.000546694233018261
0.12,-0.003665191429188092,-0.0008193099738457752
0.123,-0.003665191429188092,-0.0011108292386613912
0.126,-0.003665191429188092,-0.0014081164242037033
0.129,-0.025132741228718343,-0.0018596060057508167
0.132,-0.025132741228718343,-0.002732276452165567
0.135,-0.025132741228718343,-0.004058212452403268
0.138,-0.025132741228718343,-0.00568983183498095
0.141,-0.025132741228718343,-0.007505813465443969
0.144,-0.025132741228718343,-0.009408402106370835
0.147,-0.025132741228718343,-0.01132066141694804
0.15,-0.047647488579445195,-0.013350104352562023
0.153,-0.047647488579445195,-0.015741404782464146
0.156,-0.047647488579445195,-0.018503693508376284
0.159,-0.047647488579445195,-0.02146661878163048
0.162,-0.047647488579445195,-0.02449463953928468
0.165,-0.047647488579445195,-0.027482705826688752
0.168,-0.047647488579445195,-0.030352071195539912
0.171,-0.05672320068981571,-0.0331133793065813
0.174,-0.05672320068981571,-0.035844971666000355
0.177,-0.05672320068981571,-0.03854028243635424
0.18,-0.05672320068981571,-0.04112833813715952
0.183,-0.05672320068981571,-0.043558308201730185
0.186,-0.05672320068981571,-0.04579618989581847
0.189,-0.05672320068981571,-0.04782178875475019
0.192,-0.06544984694978735,-0.049690484291778504
0.195,-0.06544984694978735,-0.05151351986728533
0.198,-0.06544984694978735,-0.05331241301053994
0.201,-0.06544984694978735,-0.055039777562762564
0.204,-0.06544984694978735,-0.05666167358076887
0.207,-0.06544984694978735,-0.058155394635376514
0.21,-0.06544984694978735,-0.05950745231319774
0.213,-0.06021385919380437,-0.06067308760494452
0.216,-0.06021385919380437,-0.0615850719899499
0.219,-0.06021385919380437,-0.06223843317167349
0.222,-0.06021385919380437,-0.06267571338178896
0.225,-0.06021385919380437,-0.06293566633662388
0.228,-0.06021385919380437,-0.06305301803686564
0.231,-0.06021385919380437,-0.06305840379695186
0.234,-0.04276056667386108,-0.06284949883175699
0.237,-0.04276056667386108,-0.0622258396315202
0.24,-0.04276056667386108,-0.06117610268638697
0.243,-0.04276056667386108,-0.05983320610400253
0.246,-0.04276056667386108,-0.058306943785157495
0.249,-0.04276056667386108,-0.05668627103401389
0.252,-0.04276056667386108,-0.05504165937259375
0.255,-0.031415926535897934,-0.05334362186910982
0.258,-0.031415926535897934,-0.051487489676506994
0.261,-0.031415926535897934,-0.049482110074933604
0.264,-0.031415926535897934,-0.04742243753388822
0.267,-0.031415926535897934,-0.04538232250589973
0.27,-0.031415926535897934,-0.04341737608633074
0.273,-0.031415926535897934,-0.04156768858598159
0.276,-0.010122909661567111,-0.03970304690263438
0.279,-0.010122909661567111,-0.03756751072371027
0.282,-0.010122909661567111,-0.035131663131852855
0.285,-0.010122909661567111,-0.03253930663436379
0.288,-0.010122909661567111,-0.029904478294359178
0.291,-0.010122909661567111,-0.027315198207660096
0.294,-0.010122909661567111,-0.02483709036621079
0.297,0.0024434609527920616,-0.0224239609060645
0.3,0.0024434609527920616,-0.019945904546587664
0.303,0.0024434609527920616,-0.017398840177883682
0.306,0.0024434609527920616,-0.014874540495061619
0.309,0.0024434609527920616,-0.012442157938453413
0.312,0.0024434609527920616,-0.01015159079603403
0.315,0.0024434609527920616,-0.008036613286807784
0.318,-0.0006981317007977319,-0.006140943200727764
0.321,-0.0006981317007977319,-0.004514571961681395
0.324,-0.0006981317007977319,-0.003164367704973993
0.327,-0.0006981317007977319,-0.002064185289055253
0.33,-0.0006981317007977319,-0.0011867437074266798
0.333,-0.0006981317007977319,-0.0005047039242476645
0.336,-0.0006981317007977319,8.509340604088356e-06
0.339,-0.008726646259971648,0.00031879142883190306
0.342,-0.008726646259971648,0.00034687724887403444
0.345,-0.008726646259971648,0.0001001108284660967
0.348,-0.008726646259971648,-0.0003484843638207862
0.351,-0.008726646259971648,-0.0009373841638421752
0.354,-0.008726646259971648,-0.001615631768773946
0.357,-0.008726646259971648,-0.0023418163885563703
0.36,-0.031241393610698498,-0.003249349735802044
0.363,-0.031241393610698498,-0.004600714555139624
0.366,-0.031241393610698498,-0.006416169067114146
0.369,-0.031241393610698498,-0.008531076530911329
0.372,-0.031241393610698498,-0.010811323977038916
0.375,-0.031241393610698498,-0.013149985647301661
0.378,-0.031241393610698498,-0.015463980955574113
0.381,-0.050789081233034994,-0.01783524251602483
0.384,-0.050789081233034994,-0.020468831856695294
0.387,-0.050789081233034994,-0.023368602216762555
0.39,-0.050789081233034994,-0.026385203828651872
0.393,-0.050789081233034994,-0.029401551532417497
0.396,-0.050789081233034994,-0.032328568697158236
0.399,-0.050789081233034994,-0.035101121295851204
0.402,-0.052185344634630454,-0.03768453220311324
0.405,-0.052185344634630454,-0.040068322156882163
0.408,-0.052185344634630454,-0.04224010171174831
0.411,-0.052185344634630454,-0.044186394186777764
0.414,-0.052185344634630454,-0.04590360932496593
0.417,-0.052185344634630454,-0.04739578504287923
0.42,-0.052185344634630454,-0.04867264381963647
0.423,-0.0439822971502571,-0.049687342993149586
0.426,-0.0439822971502571,-0.050351386633749655
0.429,-0.0439822971502571,-0.050668407986905174
0.432,-0.0439822971502571,-0.05071202932711392
0.435,-0.0439822971502571,-0.050546345451144316
0.438,-0.0439822971502571,-0.05022630809109935
0.441,-0.0439822971502571,-0.049798288585266026
0.444,-0.01710422666954443,-0.04910218827135337
0.447,-0.01710422666954443,-0.04782554712314142
0.45,-0.01710422666954443,-0.04594635730472444
0.453,-0.01710422666954443,-0.043664251619838196
0.456,-0.01710422666954443,-0.041143027235548205
0.459,-0.01710422666954443,-0.03851437536970484
0.462,-0.01710422666954443,-0.03588166779649004
0.465,0.004537856055185257,-0.03316378612451638
0.468,0.004537856055185257,-0.03014163995630373
0.471,0.004537856055185257,-0.026817414576483012
0.474,0.004537856055185257,-0.02336158808684322
0.477,0.004537856055185257,-0.019907757590876093
0.48,0.004537856055185257,-0.01655751133516055
0.483,0.004537856055185257,-0.01338508158069582
0.486,-0.0015707963267948964,-0.010486822979591543
0.489,-0.0015707963267948964,-0.007973074567860328
0.492,-0.0015707963267948964,-0.0058712950404416755
0.495,-0.0015707963267948964,-0.004145072219036049
0.498,-0.0015707963267948964,-0.002755603698517863
0.501,-0.0015707963267948964,-0.0016634151380321418
0.504,-0.0015707963267948964,-0.0008296874778194705
0.507,-0.016231562043547264,-0.0003255589921310792
0.51,-0.016231562043547264,-0.00030372665286789715
0.513,-0.016231562043547264,-0.0007578056670612304
0.516,-0.016231562043547264,-0.001560562709675575
0.519,-0.016231562043547264,-0.0026048884942321774
0.522,-0.016231562043547264,-0.003802150321481304
0.525,-0.016231562043547264,-0.005080392608241816
0.528,-0.00767944870877505,-0.0063192931590135715
0.531,-0.00767944870877505,-0.007365285778180021
0.534,-0.00767944870877505,-0.008170412242703692
0.537,-0.00767944870877505,-0.008768483290057116
0.54,-0.00767944870877505,-0.00919134256944942
0.543,-0.00767944870877505,-0.009468396047823895
0.546,-0.00767944870877505,-0.009626325995820877
0.549,-0.02076941809873252,-0.009785660654179115
0.552,-0.02076941809873252,-0.010134769101581096
0.555,-0.02076941809873252,-0.010714656899577152
0.558,-0.02076941809873252,-0.011452996443264743
0.561,-0.02076941809873252,-0.012290074868372863
0.564,-0.02076941809873252,-0.013177541824061672
0.567,-0.02076941809873252,-0.01407712093864095
0.57,-0.0006981317007977319,-0.014811047993165178
0.573,-0.0006981317007977319,-0.015100682755616534
0.576,-0.0006981317007977319,-0.01489543527990491
0.579,-0.0006981317007977319,-0.01431972247099337
0.582,-0.0006981317007977319,-0.013479154590548287
0.585,-0.0006981317007977319,-0.012461911950265903
0.588,-0.0006981317007977319,-0.011340307447445592
0.591,0.01710422666954443,-0.010040923087798803
0.594,0.01710422666954443,-0.008381631270582057
0.597,0.01710422666954443,-0.006366017392819637
0.6,0.01710422666954443,-0.004138860458323137
0.603,0.01710422666954443,-0.0018165668338931923
0.606,0.01710422666954443,0.0005094843812154898
0.609,0.01710422666954443,0.0027696564428143617
0.612,0.04206243497306335,0.005097300736270184
0.615,0.04206243497306335,0.00777627125254672
0.618,0.04206243497306335,0.010827768231985491
0.621,0.04206243497306335,0.014072525557675929
0.624,0.04206243497306335,0.017368437655155736
0.627,0.04206243497306335,0.020605871935167188
0.63,0.04206243497306335,0.02370314264734508
0.633,0.028274333882308142,0.02650037681096968
0.636,0.028274333882308142,0.02878293723771688
0.639,0.028274333882308142,0.03050459124925867
0.642,0.028274333882308142,0.031748602822142265
0.645,0.028274333882308142,0.032592438286500026
0.648,0.028274333882308142,0.03310686359868181
0.651,0.028274333882308142,0.03335545550753267
0.654,-0.011868238913561441,0.033097874585131616
0.657,-0.011868238913561441,0.031869649436218485
0.66,-0.011868238913561441,0.029642638840468864
0.663,-0.011868238913561441,0.02672151459533427
0.666,-0.011868238913561441,0.02335859799537933
0.669,-0.011868238913561441,0.019758923051928463
0.672,-0.011868238913561441,0.016085486245286048
0.675,-0.024260076602721184,0.012372933967151768
0.678,-0.024260076602721184,0.008557233714543137
0.681,-0.024260076602721184,0.0046842636818310475
0.684,-0.024260076602721184,0.0008821717487704273
0.687,-0.024260076602721184,-0.002753635438773927
0.69,-0.024260076602721184,-0.006155481773784375
0.693,-0.024260076602721184,-0.00927878982870344
0.696,-0.004537856055185257,-0.011952169212640867
0.699,-0.004537856055185257,-0.013912808839531093
0.702,-0.004537856055185257,-0.01512751650977251
0.705,-0.004537856055185257,-0.015738786214978123
0.708,-0.004537856055185257,-0.015872866822992444
0.711,-0.004537856055185257,-0.015639916281334997
0.714,-0.004537856055185257,-0.015134594452266042
0.717,0.045029494701453704,-0.014070775779939426
0.72,0.045029494701453704,-0.011881069895942323
0.723,0.045029494701453704,-0.008533246315466503
0.726,0.045029494701453704,-0.004403202906291822
0.729,0.045029494701453704,0.00019994308556488673
0.732,0.045029494701453704,0.0050270192406833185
0.735,0.045029494701453704,0.009881825503235494
0.738,0.047647488579445195,0.014633605138722194
0.741,0.047647488579445195,0.019205257949342573
0.744,0.047647488579445195,0.023524103966851576
0.747,0.047647488579445195,0.02752297414667682
0.75,0.047647488579445195,0.031160218724068784
0.753,0.047647488579445195,0.03441483506404948
0.756,0.047647488579445195,0.03728215053863843
0.759,0.023736477827122883,0.03959340420192534
0.762,0.023736477827122883,0.04105997579037422
0.765,0.023736477827122883,0.04166388147159773
0.768,0.023736477827122883,0.04159358233604271
0.771,0.023736477827122883,0.04101239253648451
0.774,0.023736477827122883,0.04005966703685962
0.777,0.023736477827122883,0.038852413337867965
0.78,-0.02548180707911721,0.03712356062262602
0.783,-0.02548180707911721,0.034321704767636636
0.786,-0.02548180707911721,0.030422636760462515
0.789,-0.02548180707911721,0.025803978905639204
0.792,-0.02548180707911721,0.020774309680494214
0.795,-0.02548180707911721,0.01558055669939516
0.798,-0.02548180707911721,0.010415443514122153
0.801,-0.01117010721276371,0.0055304900698587255
0.804,-0.01117010721276371,0.0012145187214669807
0.807,-0.01117010721276371,-0.002435267298945905
0.81,-0.01117010721276371,-0.005470330482680268
0.813,-0.01117010721276371,-0.007947991949820446
0.816,-0.01117010721276371,-0.009928336432264838
0.819,-0.01117010721276371,-0.011471775764315009
0.822,0.04328416544945937,-0.012234885150604044
0.825,0.04328416544945937,-0.011577129764283713
0.828,0.04328416544945937,-0.009455448101794139
0.831,0.04328416544945937,-0.006282638206332432
0.834,0.04328416544945937,-0.0024038394125962307
0.837,0.04328416544945937,0.0018974863666011412
0.84,0.04328416544945937,0.006393181128708729
0.843,0.05689773361501515,0.011004482254553466
0.846,0.05689773361501515,0.015768622009554846
0.849,0.05689773361501515,0.020608836867227046
0.852,0.05689773361501515,0.02536389818071191
0.855,0.05689773361501515,0.029913651693123273
0.858,0.05689773361501515,0.03417274528742922
0.861,0.05689773361501515,0.03808482829822778
0.864,0.03298672286269283,0.04144062995827364
0.867,0.03298672286269283,0.04392071463212432
0.87,0.03298672286269283,0.0454845697662016
0.873,0.03298672286269283,0.0463050983758622
0.876,0.03298672286269283,0.04653581991153394
0.879,0.03298672286269283,0.04631096913890519
0.882,0.03298672286269283,0.045746141261613256
0.885,-0.014835298641951801,0.044586031445257815
0.888,-0.014835298641951801,0.042300680528998345
0.891,-0.014835298641951801,0.03887342419494256
0.894,-0.014835298641951801,0.0346786304797758
0.897,-0.014835298641951801,0.030023818771807008
0.9,-0.014835298641951801,0.02515655909372537
0.903,-0.014835298641951801,0.0202714930042125
0.906,-0.017976891295541596,0.015494029925747596
0.909,-0.017976891295541596,0.01089319804851988
0.912,-0.017976891295541596,0.00653950733361552
0.915,-0.017976891295541596,0.00250251147675247
0.918,-0.017976891295541596,-0.0011742284401273905
0.921,-0.017976891295541596,-0.004468215082682777
0.924,-0.017976891295541596,-0.007373642277341202
0.927,0.00017453292519943296,-0.009763474801951676
0.93,0.00017453292519943296,-0.011422194497344126
0.933,0.00017453292519943296,-0.0123415300784818
0.936,0.00017453292519943296,-0.012671138278546035
0.939,0.00017453292519943296,-0.012542312563388523
0.942,0.00017453292519943296,-0.012068494815965232
0.945,0.00017453292519943296,-0.011346192190555132
0.948,0.04084070449666731,-0.01015573938219342
0.951,0.04084070449666731,-0.008043402987876867
0.954,0.04084070449666731,-0.004991639104167848
0.957,0.04084070449666731,-0.0013152966469350432
0.96,0.04084070449666731,0.0027276146983699007
0.963,0.04084070449666731,0.006929955873690848
0.966,0.04084070449666731,0.01112941394315193
0.969,0.04276056667386108,0.015216762124086642
0.972,0.04276056667386108,0.019126391990124378
0.975,0.04276056667386108,0.02279945359717063
0.978,0.04276056667386108,0.02618397828536387
0.981,0.04276056667386108,0.02924895242377359
0.984,0.04276056667386108,0.03198022249238459
0.987,0.04276056667386108,0.03437688122736806
0.99,0.008377580409572781,0.036194110073538725
0.993,0.008377580409572781,0.037008745533781
0.996,0.008377580409572781,0.036782468618389214
0.999,0.008377580409572781,0.03577090130105618
1.002,0.008377580409572781,0.03419173976626517
1.005,0.008377580409572781,0.032227391166263865
1.008,0.008377580409572781,0.030028022636096927
1.011,-0.00767944870877505,0.027596206875332166
1.014,-0.00767944870877505,0.024822143468666368
1.017,-0.00767944870877505,0.021751031773140434
1.02,-0.00767944870877505,0.018544666872247744
1.023,-0.00767944870877505,0.015330147327748914
1.026,-0.00767944870877505,0.01220441694256532
1.029,-0.00767944870877505,0.009238611472718887
1.032,-0.013089969389957472,0.006442156343225635
1.035,-0.013089969389957472,0.0037772461968938287
1.038,-0.013089969389957472,0.001251201662485729
1.041,-0.013089969389957472,-0.0010945389020663482
1.044,-0.013089969389957472,-0.0032337753990199676
1.047,-0.013089969389957472,-0.005152675996673766
1.05,-0.013089969389957472,-0.00684722799720275
1.053,0.013788101090755204,-0.008122436885345514
1.056,0.013788101090755204,-0.008643762173498363
1.059,0.013788101090755204,-0.008377518652007943
1.062,0.013788101090755204,-0.007519922013302183
1.065,0.013788101090755204,-0.006237738106562953
1.068,0.013788101090755204,-0.004670397727933489
1.071,0.013788101090755204,-0.0029324134462575145
1.074,0.03804817769347639,-0.0009367248926470247
1.077,0.03804817769347639,0.0015545221252097159
1.08,0.03804817769347639,0.004528424372133815
1.083,0.03804817769347639,0.007781671368079921
1.086,0.03804817769347639,0.011151319491211386
1.089,0.03804817769347639,0.014509953421096672
1.092,0.03804817769347639,0.017760954815595986
1.095,0.039269908169872414,0.020843018360853494
1.098,0.039269908169872414,0.023723518286482805
1.101,0.039269908169872414,0.02637456182938261
1.104,0.039269908169872414,0.02877268160132509
1.107,0.039269908169872414,0.030907496718162265
1.11,0.039269908169872414,0.032778889919966206
1.113,0.039269908169872414,0.03439455648087777
1.116,0.02076941809873252,0.03563122949696647
1.119,0.02076941809873252,0.03626964232567834
1.122,0.02076941809873252,0.03629732451564655
1.125,0.02076941809873252,0.035859514823346254
1.128,0.02076941809873252,0.03508047396597667
1.131,0.02076941809873252,0.0340648294587541
1.134,0.02076941809873252,0.032899179022074274
1.137,-0.003141592653589793,0.031477192267122554
1.14,-0.003141592653589793,0.02954889184776443
1.143,-0.003141592653589793,0.0271156960926165
1.146,-0.003141592653589793,0.02437025558027191
1.149,-0.003141592653589793,0.021468375598444278
1.152,-0.003141592653589793,0.018533223462543953
1.155,-0.003141592653589793,0.01565949414845284
1.158,-0.006981317007977318,0.0128890537830302
1.161,-0.006981317007977318,0.010222336509417472
1.164,-0.006981317007977318,0.007684974805833693
1.167,-0.006981317007977318,0.005321015804042637
1.17,-0.006981317007977318,0.003158848427172822
1.173,-0.006981317007977318,0.0012141091320354291
1.176,-0.006981317007977318,-0.0005077304060866637
1.179,0.00017453292519943296,-0.0019562276931950843
1.182,0.00017453292519943296,-0.0030482148772545043
1.185,0.00017453292519943296,-0.003783815534195204
1.188,0.00017453292519943296,-0.004226521793034385
1.191,0.00017453292519943296,-0.004433297025576344
1.194,0.00017453292519943296,-0.004454453856378659
1.197,0.00017453292519943296,-0.004333757885764464
1.2,0.02129301687433082,-0.003952679792035485
1.203,0.02129301687433082,-0.0030727110237166516
1.206,0.02129301687433082,-0.0016831457891748848
1.209,0.02129301687433082,5.3081815499044665e-05
1.212,0.02129301687433082,0.0020017591711790524
1.215,0.02129301687433082,0.004054492540850831
1.218,0.02129301687433082,0.006125735648447716
1.221,0.032637657012293965,0.008233666253009924
1.224,0.032637657012293965,0.01047484326994429
1.227,0.032637657012293965,0.012834983287030748
1.23,0.032637657012293965,0.01521589070601544
1.233,0.032637657012293965,0.017542239791783206
1.236,0.032637657012293965,0.019758331305481415
1.239,0.032637657012293965,0.02182504480106678
1.242,0.024434609527920616,0.023656426933894255
1.245,0.024434609527920616,0.02513343163555308
1.248,0.024434609527920616,0.026236558094445563
1.251,0.024434609527920616,0.027022620690999612
1.254,0.024434609527920616,0.027544216280213696
1.257,0.024434609527920616,0.027849178505142295
1.26,0.024434609527920616,0.02798030337149169
1.263,0.015707963267948967,0.027910818126754933
1.266,0.015707963267948967,0.027561809866731506
1.269,0.015707963267948967,0.02694596927767628
1.272,0.015707963267948967,0.026145308524037625
1.275,0.015707963267948967,0.025227688182324633
1.278,0.015707963267948967,0.024248196230327135
1.281,0.015707963267948967,0.023250574698181384
1.284,0.00034906585039886593,0.022155171122110188
1.287,0.00034906585039886593,0.020790802296541632
1.29,0.00034906585039886593,0.01914864124577722
1.293,0.00034906585039886593,0.017343650429157066
1.296,0.00034906585039886593,0.01546811077671201
1.299,0.00034906585039886593,0.013594318965767578
1.302,0.00034906585039886593,0.011777230204335803
1.305,-0.0015707963267948964,0.010042797792745223
1.308,-0.0015707963267948964,0.008394142000196706
1.311,-0.0015707963267948964,0.0068452857224776805
1.314,-0.0015707963267948964,0.00541813271213748
1.317,-0.0015707963267948964,0.004125751914597065
1.32,-0.0015707963267948964,0.00297410411467598
1.323,-0.0015707963267948964,0.0019635657102132623
1.326,0.009948376736367679,0.0011753550762811642
1.329,0.009948376736367679,0.0007497990123984094
1.332,0.009948376736367679,0.0006978460996175908
1.335,0.009948376736367679,0.000931684076586789
1.338,0.009948376736367679,0.0013760555403485733
1.341,0.009948376736367679,0.0019674794032005583
1.344,0.009948376736367679,0.002653310532056845
1.347,0.01710422666954443,0.0034435704370917555
1.35,0.01710422666954443,0.004395664335450161
1.353,0.01710422666954443,0.005495620129768737
1.356,0.01710422666954443,0.006675571255110892
1.359,0.01710422666954443,0.007881517523626204
1.362,0.01710422666954443,0.009071604749627718
1.365,0.01710422666954443,0.0102144568723511
1.368,0.026354471705114377,0.011355936775179968
1.371,0.026354471705114377,0.012599319206527505
1.374,0.026354471705114377,0.01395182983218475
1.377,0.026354471705114377,0.015347401934745488
1.38,0.026354471705114377,0.01673449618644556
1.383,0.026354471705114377,0.018074149470561837
1.386,0.026354471705114377,0.01933811868412666
1.389,0.023736477827122883,0.02048781030218429
1.392,0.023736477827122883,0.021477896184313373
1.395,0.023736477827122883,0.02229794639140142
1.398,0.023736477827122883,0.022964391467600622
1.401,0.023736477827122883,0.023494271826538404
1.404,0.023736477827122883,0.02390458833206686
1.407,0.023736477827122883,0.024211809356986445
1.41,0.012915436464758038,0.024351567184588817
1.413,0.012915436464758038,0.024199892192531984
1.416,0.012915436464758038,0.023751018743431888
1.419,0.012915436464758038,0.02308928697387641
1.422,0.012915436464758038,0.022285157263073396
1.425,0.012915436464758038,0.02139644738568023
1.428,0.012915436464758038,0.020469647405272677
1.431,0.007504915783575617,0.019501282719532005
1.434,0.007504915783575617,0.01844996583633321
1.437,0.007504915783575617,0.017326630616377424
1.44,0.007504915783575617,0.01618169646154993
1.443,0.007504915783575617,0.01505416320569978
1.446,0.007504915783575617,0.013973189614624107
1.449,0.007504915783575617,0.012959585203822604
1.452,0.0017453292519943296,0.011984641030865136
1.455,0.0017453292519943296,0.010982820470971804
1.458,0.0017453292519943296,0.009947605267900922
1.461,0.0017453292519943296,0.00891757385953615
1.464,0.0017453292519943296,0.007921925425710076
1.467,0.0017453292519943296,0.006981860069372224
1.47,0.0017453292519943296,0.006111865310206042
1.473,0.0054105206811824215,0.005347971179879996
1.476,0.0054105206811824215,0.004741533571579384
1.479,0.0054105206811824215,0.004299895603513221
1.482,0.0054105206811824215,0.003996696315726747
1.485,0.0054105206811824215,0.0038077879371618364
1.488,0.0054105206811824215,0.003711420200346667
1.491,0.0054105206811824215,0.0036883097274228427
1.494,0.014311699866353503,0.003787380540112358
1.497,0.014311699866353503,0.0041080064219642136
1.5,0.014311699866353503,0.0046534879387622975
1.503,0.014311699866353503,0.0053539309021651575
1.506,0.014311699866353503,0.006151577053901306
1.509,0.014311699866353503,0.006999608585183505
1.512,0.014311699866353503,0.00786091525062389
1.515,0.018500490071139894,0.008737815628807008
1.518,0.018500490071139894,0.00966255916480951
1.521,0.018500490071139894,0.010627322812461365
1.524,0.018500490071139894,0.011594025590282978
1.527,0.018500490071139894,0.012533636315146928
1.53,0.018500490071139894,0.013424867247164695
1.533,0.018500490071139894,0.014252951320891032
1.536,0.02234021442552742,0.015036886432960687
1.539,0.02234021442552742,0.015820799104978592
1.542,0.02234021442552742,0.01660989629739218
1.545,0.02234021442552742,0.017379619185939145
1.548,0.02234021442552742,0.018111854750350213
1.551,0.02234021442552742,0.018793929519726887
1.554,0.02234021442552742,0.019417683218255193
1.557,0.019024088846738195,0.019954131524422682
1.56,0.019024088846738195,0.020359302688871844
1.563,0.019024088846738195,0.02062811932672846
1.566,0.019024088846738195,0.020785246837820157
1.569,0.019024088846738195,0.020852752440620875
1.572,0.019024088846738195,0.020850074412148176
1.575,0.019024088846738195,0.02079407637311693
1.578,0.011868238913561441,0.02064629829650968
1.581,0.011868238913561441,0.02032732375811808
1.584,0.011868238913561441,0.01983465432325726
1.587,0.011868238913561441,0.019224388369794863
1.59,0.011868238913561441,0.018542683439905037
1.593,0.011868238913561441,0.017826769579393477
1.596,0.011868238913561441,0.017105984156154722
1.599,0.008552113334772215,0.01637829338697814
1.602,0.008552113334772215,0.015617854878905473
1.605,0.008552113334772215,0.014830473267278196
1.608,0.008552113334772215,0.014045860264061153
1.611,0.008552113334772215,0.013286540181159866
1.614,0.008552113334772215,0.012568903178511625
1.617,0.008552113334772215,0.011904187899800626
1.62,0.005061454830783556,0.011273592866980655
1.623,0.005061454830783556,0.010636016213877521
1.626,0.005061454830783556,0.009986180418457141
1.629,0.005061454830783556,0.009346220835622384
1.632,0.005061454830783556,0.008732687273321115
1.635,0.005061454830783556,0.00815739071103336
1.638,0.005061454830783556,0.007628187563841948
1.641,0.006981317007977318,0.00716387691465755
1.644,0.006981317007977318,0.006791028025389295
1.647,0.006981317007977318,0.006512969606671546
1.65,0.006981317007977318,0.006315249449354644
1.653,0.006981317007977318,0.006184497494065098
1.656,0.006981317007977318,0.006108562138292353
1.659,0.006981317007977318,0.00607657793837939
1.662,0.012391837689159739,0.006118951252907716
1.665,0.012391837689159739,0.006296591501497206
1.668,0.012391837689159739,0.006611872089017061
1.671,0.012391837689159739,0.007022559210875882
1.674,0.012391837689159739,0.007493699917997882
1.677,0.012391837689159739,0.00799691380262996
1.68,0.012391837689159739,0.008509659850232562
1.683,0.015184364492350668,0.009035136844117756
1.686,0.015184364492350668,0.00959603314009286
1.689,0.015184364492350668,0.01018793367975617
1.692,0.015184364492350668,0.010785932268636958
1.695,0.015184364492350668,0.011370898846002717
1.698,0.015184364492350668,0.011928663437494144
1.701,0.015184364492350668,0.012449248688663957
1.704,0.018500490071139894,0.012950661094648841
1.707,0.018500490071139894,0.013471666518850026
1.71,0.018500490071139894,0.014016681876960176
1.713,0.018500490071139894,0.014563859193865769
1.716,0.018500490071139894,0.015096511569222175
1.719,0.018500490071139894,0.015602372023162387
1.722,0.018500490071139894,0.016072898974829226
1.725,0.017976891295541596,0.016498769453909202
1.728,0.017976891295541596,0.016870341477650205
1.731,0.017976891295541596,0.017185751820518364
1.734,0.017976891295541596,0.017449110778078702
1.737,0.017976891295541596,0.01766508385713049
1.74,0.017976891295541596,0.01783862112407645
1.743,0.017976891295541596,0.017974742870743347
1.746,0.013962634015954637,0.018048717713975152
1.749,0.013962634015954637,0.01801390858403312
1.752,0.013962634015954637,0.0178677031800022
1.755,0.013962634015954637,0.017641062602277227
1.758,0.013962634015954637,0.017359920548563952
1.761,0.013962634015954637,0.01704561924438878
1.764,0.013962634015954637,0.01671537680493457
1.767,0.011693705988362009,0.016366002189756413
1.77,0.011693705988362009,0.01597887037124322
1.773,0.011693705988362009,0.015557688803912858
1.776,0.011693705988362009,0.015123047029847616
1.779,0.011693705988362009,0.014691008351052234
1.782,0.011693705988362009,0.014273717590649502
1.785,0.011693705988362009,0.013879979304025694
1.788,0.008028514559173916,0.013488718518457772
1.791,0.008028514559173916,0.013056749245593486
1.794,0.008028514559173916,0.012579494361630897
1.797,0.008028514559173916,0.012081887521689002
1.8,0.008028514559173916,0.011583500903072481
1.803,0.008028514559173916,0.01109924902211215
1.806,0.008028514559173916,0.010640061873037206
1.809,0.007155849933176752,0.010207067713947261
1.812,0.007155849933176752,0.00979390381956383
1.815,0.007155849933176752,0.0094015902232575
1.818,0.007155849933176752,0.009036733979967043
1.821,0.007155849933176752,0.008703550657523151
1.824,0.007155849933176752,0.00840431168702187
1.827,0.007155849933176752,0.008139742180935296
1.83,0.009250245035569947,0.007924842395089044
1.833,0.009250245035569947,0.007785030535917556
1.836,0.009250245035569947,0.007721953980696256
1.839,0.009250245035569947,0.007719125411270817
1.842,0.009250245035569947,0.007762220053629985
1.845,0.009250245035569947,0.007838981820839063
1.848,0.009250245035569947,0.007939090769341276
1.851,0.010995574287564275,0.008066899276202213
1.854,0.010995574287564275,0.008237794520970329
1.857,0.010995574287564275,0.008449316311789367
1.86,0.010995574287564275,0.008685498003150275
1.863,0.010995574287564275,0.008933462652736278
1.866,0.010995574287564275,0.00918306464792079
1.869,0.010995574287564275,0.009426536322957426
1.872,0.014311699866353503,0.009682647869972224
1.875,0.014311699866353503,0.009989806099587455
1.878,0.014311699866353503,0.010351225242126456
1.881,0.014311699866353503,0.010743248301099028
1.884,0.014311699866353503,0.011146971483748554
1.887,0.014311699866353503,0.011547666101816274
1.89,0.014311699866353503,0.011934215345019311
1.893,0.016057029118347832,0.012311473253338116
1.896,0.016057029118347832,0.012696301829445948
1.899,0.016057029118347832,0.013088412549530037
1.902,0.016057029118347832,0.013474476454057114
1.905,0.016057029118347832,0.013844530908631327
1.908,0.016057029118347832,0.014191468954161818
1.911,0.016057029118347832,0.01451056639016025
1.914,0.015533430342749533,0.014795183270981177
1.917,0.015533430342749533,0.015037418277883725
1.92,0.015533430342749533,0.015236380416031687
1.923,0.015533430342749533,0.015396538819124984
1.926,0.015533430342749533,0.015522440528765084
1.929,0.015533430342749533,0.015618557491178204
1.932,0.015533430342749533,0.015689172363990266
1.935,0.014486232791552936,0.01573056068289941
1.938,0.014486232791552936,0.015733015835590138
1.941,0.014486232791552936,0.015698039628729933
1.944,0.014486232791552936,0.01563561740355089
1.947,0.014486232791552936,0.015554157566346977
1.95,0.014486232791552936,0.015460620233608762
1.953,0.014486232791552936,0.015360657910571804
1.956,0.011868238913561441,0.015239419809960852
1.959,0.011868238913561441,0.015066894095433058
1.962,0.011868238913561441,0.014841103269331765
1.965,0.011868238913561441,0.014581458172184852
1.968,0.011868238913561441,0.014303727965552642
1.971,0.011868238913561441,0.014020445041872635
1.974,0.011868238913561441,0.013741308750854333
1.977,0.00942477796076938,0.013455524360472544
1.98,0.00942477796076938,0.01313702323545876
1.983,0.00942477796076938,0.012784989839296431
1.986,0.00942477796076938,0.012417846532255413
1.989,0.00942477796076938,0.012050056469186478
1.992,0.00942477796076938,0.01169264304046517
1.995,0.00942477796076938,0.01135368673806682
1.998,0.008377580409572781,0.011031053619210352
2.001,0.008377580409572781,0.010714901159036436
2.004,0.008377580409572781,0.010405285712336626
2.007,0.008377580409572781,0.010109793521846424
2.01,0.008377580409572781,0.009833779210989014
2.013,0.008377580409572781,0.009580741241007074
2.016,0.008377580409572781,0.009352662429395019
2.019,0.008552113334772215,0.009151603246329592
2.022,0.008552113334772215,0.00897962235414168
2.025,0.008552113334772215,0.00883613735551699
2.028,0.008552113334772215,0.008718573616051334
2.031,0.008552113334772215,0.008624206217593633
2.034,0.008552113334772215,0.008550276423941383
2.037,0.008552113334772215,0.008494081293027323
2.04,0.009948376736367679,0.0084633556004931
2.043,0.009948376736367679,0.008473547076128194
2.046,0.009948376736367679,0.008524884559289065
2.049,0.009948376736367679,0.008606010848277345
2.052,0.009948376736367679,0.00870740452535457
2.055,0.009948376736367679,0.008821222298688307
2.058,0.009948376736367679,0.008941129457368602
2.061,0.011868238913561441,0.009076309955214258
2.064,0.011868238913561441,0.009247483708700783
2.067,0.011868238913561441,0.00945516813245186
2.07,0.011868238913561441,0.00968449429614901
2.073,0.011868238913561441,0.009923509643976553
2.076,0.011868238913561441,0.01016283375590568
2.079,0.011868238913561441,0.010395320423728918
2.082,0.013439035240356337,0.010627339332697933
2.085,0.013439035240356337,0.010875355489705186
2.088,0.013439035240356337,0.011139818723548436
2.091,0.013439035240356337,0.011408980436697786
2.094,0.013439035240356337,0.011673762873001786
2.097,0.013439035240356337,0.011927388644040323
2.1,0.013439035240356337,0.012165030875467862
2.103,0.013962634015954637,0.012387357652361725
2.106,0.013962634015954637,0.012599198151666081
2.109,0.013962634015954637,0.01280066826087875
2.112,0.013962634015954637,0.012988294340998284
2.115,0.013962634015954637,0.013159842587742079
2.118,0.013962634015954637,0.013314088535996855
2.121,0.013962634015954637,0.013450611860091648
2.124,0.013788101090755204,0.013568327060438949
2.127,0.013788101090755204,0.013665674618552592
2.13,0.013788101090755204,0.013743359292850187
2.133,0.013788101090755204,0.013803787788099257
2.136,0.013788101090755204,0.013849301187935705
2.139,0.013788101090755204,0.013882121465876666
2.142,0.013788101090755204,0.013904314308147791
2.145,0.012566370614359171,0.013908739478833717
2.148,0.012566370614359171,0.01388146342888279
2.151,0.012566370614359171,0.013821847613734417
2.154,0.012566370614359171,0.013739387850436347
2.157,0.012566370614359171,0.013641984093564057
2.16,0.012566370614359171,0.013536088632362586
2.163,0.012566370614359171,0.013426861626967032
2.166,0.010995574287564275,0.013306722817339333
2.169,0.010995574287564275,0.013158622414125815
2.172,0.010995574287564275,0.012982019220723126
2.175,0.010995574287564275,0.012788948580982227
2.178,0.010995574287564275,0.01258905421139409
2.181,0.010995574287564275,0.012389875175511838
2.184,0.010995574287564275,0.01219712642365074
2.187,0.010122909661567111,0.012008519027001488
2.19,0.010122909661567111,0.011815741953914822
2.193,0.010122909661567111,0.011619042102988668
2.196,0.010122909661567111,0.011425170369827747
2.199,0.010122909661567111,0.011239179592136373
2.202,0.010122909661567111,0.011064681323334739
2.205,0.010122909661567111,0.010904083790519312
2.208,0.009075712110370514,0.010751071961287944
2.211,0.009075712110370514,0.010592880337587093
2.214,0.009075712110370514,0.010427685915722792
2.217,0.009075712110370514,0.010262045150927431
2.22,0.009075712110370514,0.010100959706088507
2.223,0.009075712110370514,0.00994810047556155
2.226,0.009075712110370514,0.009806017359576051
2.229,0.00890117918517108,0.009675042573984546
2.232,0.00890117918517108,0.00955381119410946
2.235,0.00890117918517108,0.00944228621070663
2.238,0.00890117918517108,0.009341442051420913
2.241,0.00890117918517108,0.009251704475109751
2.244,0.00890117918517108,0.009173069204719615
2.247,0.00890117918517108,0.009105204897170002
2.25,0.009599310885968814,0.009052698848668874
2.253,0.009599310885968814,0.00902374513640857
2.256,0.009599310885968814,0.009018724515888773
2.259,0.009599310885968814,0.009032061732254583
2.262,0.009599310885968814,0.009058972357953011
2.265,0.009599310885968814,0.0090954150522636
2.268,0.009599310885968814,0.009138033278737048
2.271,0.010122909661567111,0.009187958995658378
2.274,0.010122909661567111,0.009249705777352941
2.277,0.010122909661567111,0.00932249017175244
2.28,0.010122909661567111,0.009401521641339722
2.283,0.010122909661567111,0.009482970700200027
2.286,0.010122909661567111,0.009563852244370686
2.289,0.010122909661567111,0.009641911831162581
2.292,0.011344640137963142,0.009724543529954903
2.295,0.011344640137963142,0.009826263966255784
2.298,0.011344640137963142,0.009948528034568405
2.301,0.011344640137963142,0.010082809629402195
2.304,0.011344640137963142,0.010222266536427538
2.307,0.011344640137963142,0.010361539925465959
2.31,0.011344640137963142,0.010496557958813763
2.313,0.012042771838760876,0.010629506029876442
2.316,0.012042771838760876,0.010767265759011388
2.319,0.012042771838760876,0.010909773133788166
2.322,0.012042771838760876,0.011051681455235293
2.325,0.012042771838760876,0.011188940395325336
2.328,0.012042771838760876,0.011318605661587544
2.331,0.012042771838760876,0.011438661495687149
2.334,0.012217304763960308,0.011549147606012559
2.337,0.012217304763960308,0.011651666427443518
2.34,0.012217304763960308,0.01174638319186752
2.343,0.012217304763960308,0.011832364753785294
2.346,0.012217304763960308,0.011909159267942743
2.349,0.012217304763960308,0.011976694438594577
2.352,0.012217304763960308,0.012035188886325463
2.355,0.012217304763960308,0.012085076114588806
2.358,0.012217304763960308,0.012126940309625365
2.361,0.012217304763960308,0.012161463041001467
2.364,0.012217304763960308,0.012189379830947922
2.367,0.012217304763960308,0.012211445515804557
2.37,0.012217304763960308,0.012228407320548368
2.373,0.012217304763960308,0.012240984597500112
2.376,0.011519173063162575,0.012244696538704036
2.379,0.011519173063162575,0.012231238213361114
2.382,0.011519173063162575,0.012199955923896609
2.385,0.011519173063162575,0.01215603672405654
2.388,0.011519173063162575,0.012103800617450545
2.391,0.011519173063162575,0.012046780251169816
2.394,0.011519173063162575,0.011987804818103678
2.397,0.010471975511965976,0.011921348138742054
2.4,0.010471975511965976,0.011835690162756318
2.403,0.010471975511965976,0.011730217669652336
2.406,0.010471975511965976,0.01161278618154491
2.409,0.010471975511965976,0.011489725970341095
2.412,0.010471975511965976,0.011366019754242186
2.415,0.010471975511965976,0.011245477720084269
2.418,0.009599310885968814,0.011124458219498805
2.421,0.009599310885968814,0.010993757498158433
2.424,0.009599310885968814,0.010853106101400459
2.427,0.009599310885968814,0.01070904019085889
2.43,0.009599310885968814,0.010566633702714873
2.433,0.009599310885968814,0.010429698098272332
2.436,0.009599310885968814,0.010300971651919661
2.439,0.009250245035569947,0.010179716337138359
2.442,0.009250245035569947,0.010062570996852408
2.445,0.009250245035569947,0.009949435690028713
2.448,0.009250245035569947,0.00984269472220424
2.451,0.009250245035569947,0.009743973228225249
2.454,0.009250245035569947,0.00965427070358933
2.457,0.009250245035569947,0.00957408109017211
2.46,0.00890117918517108,0.009500920235411206
2.463,0.00890117918517108,0.009430111516613205
2.466,0.00890117918517108,0.009360606068584562
2.469,0.00890117918517108,0.00929414619748088
2.472,0.00890117918517108,0.009231967534190057
2.475,0.00890117918517108,0.009174883691551802
2.478,0.00890117918517108,0.00912336314695575
2.481,0.009075712110370514,0.009078887361513993
2.484,0.009075712110370514,0.009043664744777488
2.487,0.009075712110370514,0.009017812694945676
2.49,0.009075712110370514,0.008999854196907
2.493,0.009075712110370514,0.008988432199445345
2.496,0.009075712110370514,0.008982321028550443
2.499,0.009075712110370514,0.00898043118884158
2.502,0.009599310885968814,0.008985677264087675
2.505,0.009599310885968814,0.009003934207842514
2.508,0.009599310885968814,0.009035419211760173
2.511,0.009599310885968814,0.009076038346332683
2.514,0.009599310885968814,0.00912240682261214
2.517,0.009599310885968814,0.009171779425896018
2.52,0.009599310885968814,0.009221978685935661
2.523,0.009773843811168246,0.009272612871530406
2.526,0.009773843811168246,0.009324660505573812
2.529,0.009773843811168246,0.009377534903008392
2.532,0.009773843811168246,0.009429475829149223
2.535,0.009773843811168246,0.009479171596486305
2.538,0.009773843811168246,0.009525690556433937
2.541,0.009773843811168246,0.009568417744203146
2.544,0.010471975511965976,0.009612155012167459
2.547,0.010471975511965976,0.009665683691414458
2.55,0.010471975511965976,0.009730238003871875
2.553,0.010471975511965976,0.009801273487525467
2.556,0.010471975511965976,0.009875140964907216
2.559,0.010471975511965976,0.009948980273327742
2.562,0.010471975511965976,0.010020616093117307
2.565,0.01064650843716541,0.010089747874435567
2.568,0.01064650843716541,0.010157510365984496
2.571,0.01064650843716541,0.01022351798082817
2.574,0.01064650843716541,0.010286239780725877
2.577,0.01064650843716541,0.010344608053244032
2.58,0.01064650843716541,0.01039793908328734
2.583,0.01064650843716541,0.01044586152452648
2.586,0.010821041362364843,0.010489542093803476
2.589,0.010821041362364843,0.01053128326374561
2.592,0.010821041362364843,0.010571604756617819
2.595,0.010821041362364843,0.010609654532212003
2.598,0.010821041362364843,0.010644851449002037
2.601,0.010821041362364843,0.01067683765202664
2.604,0.010821041362364843,0.010705435748819886
2.607,0.01064650843716541,0.010729321469957708
2.61,0.01064650843716541,0.010746337079796884
2.613,0.01064650843716541,0.010756333312606507
2.616,0.01064650843716541,0.010760693456120761
2.619,0.01064650843716541,0.010760636537949534
2.622,0.01064650843716541,0.010757220584546002
2.625,0.01064650843716541,0.010751349858601607
2.628,0.010122909661567111,0.010739916637915573
2.631,0.010122909661567111,0.010716852522940018
2.634,0.010122909661567111,0.01068175235862187
2.637,0.010122909661567111,0.010638531837082483
2.64,0.010122909661567111,0.010590410177078182
2.643,0.010122909661567111,0.010539981553777384
2.646,0.010122909661567111,0.010489287916964263
2.649,0.009599310885968814,0.010436022442111207
2.652,0.009599310885968814,0.010374637713766878
2.655,0.009599310885968814,0.010305021193173171
2.658,0.009599310885968814,0.010231198788091976
2.661,0.009599310885968814,0.010156357896524562
2.664,0.009599310885968814,0.010082953744974251
2.667,0.009599310885968814,0.01001281193252029
2.67,0.009075712110370514,0.009943356786130885
2.673,0.009075712110370514,0.00986874004380376
2.676,0.009075712110370514,0.009788532864988311
2.679,0.009075712110370514,0.009706442443714521
2.682,0.009075712110370514,0.009625345047572774
2.685,0.009075712110370514,0.009547399736763157
2.688,0.009075712110370514,0.009474156081623343
2.691,0.008726646259971648,0.009404075282943401
2.694,0.008726646259971648,0.009333314232136024
2.697,0.008726646259971648,0.009261547853803809
2.7,0.008726646259971648,0.009191137371244908
2.703,0.008726646259971648,0.009123839250350067
2.706,0.008726646259971648,0.009060897921844627
2.709,0.008726646259971648,0.00900313146028491
2.712,0.008552113334772215,0.0089497199483943
2.715,0.008552113334772215,0.008898621434063312
2.718,0.008552113334772215,0.008849503371461395
2.721,0.008552113334772215,0.008803343642124772
2.724,0.008552113334772215,0.008760798843359778
2.727,0.008552113334772215,0.00872226172028568
2.73,0.008552113334772215,0.008687912660157044
2.733,0.008377580409572781,0.00865647572336912
2.736,0.008377580409572781,0.008625604631215934
2.739,0.008377580409572781,0.008594786922108353
2.742,0.008377580409572781,0.008564920536459356
2.745,0.008377580409572781,0.008536660558433228
2.748,0.008377580409572781,0.008510457936578715
2.751,0.008377580409572781,0.008486594976883437
2.754,0.008552113334772215,0.00846650675513568
2.757,0.008552113334772215,0.008452463022421346
2.76,0.008552113334772215,0.008444722669625034
2.763,0.008552113334772215,0.008442006975938292
2.766,0.008552113334772215,0.008443194542028
2.769,0.008552113334772215,0.008447316805399136
2.772,0.008552113334772215,0.008453550111717341
2.775,0.008726646259971648,0.008462494823918119
2.778,0.008726646259971648,0.008475817025566216
2.781,0.008726646259971648,0.008493365569880706
2.784,0.008726646259971648,0.00851361113867652
2.787,0.008726646259971648,0.008535310450746278
2.79,0.008726646259971648,0.008557474596572346
2.793,0.008726646259971648,0.008579337428777905
2.796,0.00890117918517108,0.00860161435297165
2.799,0.00890117918517108,0.008626126871712724
2.802,0.00890117918517108,0.008652905384648982
2.805,0.00890117918517108,0.00868061663410364
2.808,0.00890117918517108,0.008708218648535267
2.811,0.00890117918517108,0.008734921872922683
2.814,0.00890117918517108,0.008760152135588478
2.817,0.009250245035569947,0.008786094954413405
2.82,0.009250245035569947,0.008816970969339453
2.823,0.009250245035569947,0.008853266819614396
2.826,0.009250245035569947,0.008892613752676191
2.829,0.009250245035569947,0.008933119341533067
2.832,0.009250245035569947,0.008973309494959095
2.835,0.009250245035569947,0.009012071973590536
2.838,0.009250245035569947,0.00904860272096487
2.841,0.009250245035569947,0.009082355922300219
2.844,0.009250245035569947,0.00911299837535651
2.847,0.009250245035569947,0.00914036849054573
2.85,0.009250245035569947,0.009164440024806956
2.853,0.009250245035569947,0.009185290488877246
2.856,0.009250245035569947,0.009203074043921431
2.859,0.009250245035569947,0.009217998614829394
2.862,0.009250245035569947,0.009230306888095433
2.865,0.009250245035569947,0.009240260826817835
2.868,0.009250245035569947,0.009248129319299825
2.871,0.009250245035569947,0.009254178576849553
2.874,0.009250245035569947,0.009258664907064203
2.877,0.009250245035569947,0.009261829508058678
2.88,0.009075712110370514,0.009262605530288367
2.883,0.009075712110370514,0.009258962424289783
2.886,0.009075712110370514,0.00925077526379131
2.889,0.009075712110370514,0.009239372705889995
2.892,0.009075712110370514,0.009225860677647522
2.895,0.009075712110370514,0.009211142960473427
2.898,0.009075712110370514,0.009195942825424576
2.901,0.00890117918517108,0.009179535404861782
2.904,0.00890117918517108,0.009160115437042694
2.907,0.00890117918517108,0.009137687839184316
2.91,0.00890117918517108,0.009113634656158177
2.913,0.00890117918517108,0.00908905545385749
2.916,0.00890117918517108,0.009064802380577627
2.919,0.00890117918517108,0.009041514154975549
2.922,0.008377580409572781,0.00901577996129253
2.925,0.008377580409572781,0.008981208693747536
2.928,0.008377580409572781,0.008937067105195751
2.931,0.008377580409572781,0.00888694839342802
2.934,0.008377580409572781,0.00883376307208645
2.937,0.008377580409572781,0.008779816225411581
2.94,0.008377580409572781,0.008726884178741972
2.943,0.00820304748437335,0.008674999034889917
2.946,0.00820304748437335,0.008622864857909151
2.949,0.00820304748437335,0.008570792419309001
2.952,0.00820304748437335,0.008520305768722109
2.955,0.00820304748437335,0.008472517615598365
2.958,0.00820304748437335,0.008428194819452419
2.961,0.00820304748437335,0.008387818438413295
2.964,0.007853981633974483,0.00834905901518814
2.967,0.007853981633974483,0.008307517553225823
2.97,0.007853981633974483,0.008262508141068152
2.973,0.007853981633974483,0.00821619023422759
2.976,0.007853981633974483,0.008170245520281533
2.979,0.007853981633974483,0.008125942481268243
2.982,0.007853981633974483,0.008084197726735144
2.985,0.00767944870877505,0.008044343633384698
2.988,0.00767944870877505,0.008004526945059012
2.991,0.00767944870877505,0.007964625932052802
2.994,0.00767944870877505,0.00792583989222543
2.997,0.00767944870877505,0.007889048361190563
3.0,0.00767944870877505,0.00785486159223183
3.003,0.00767944870877505,0.00782366692157418
3.006,0.007504915783575617,0.0077943812089947846
3.009,0.007504915783575617,0.007764834511973238
3.012,0.007504915783575617,0.00773467296811404
3.015,0.007504915783575617,0.007704934935018979
3.018,0.007504915783575617,0.0076763979307527
3.021,0.007504915783575617,0.0076496180371007074
3.024,0.007504915783575617,0.007624966423257421
3.027,0.007504915783575617,0.007602662599269407
3.03,0.007504915783575617,0.007582804198629421
3.033,0.007504915783575617,0.0075653932399602445
3.036,0.007504915783575617,0.007550358933747242
3.039,0.007504915783575617,0.007537577186403227
3.042,0.007504915783575617,0.0075268870151288724
3.045,0.007504915783575617,0.00751810412727242
3.048,0.007504915783575617,0.007511031941012009
3.051,0.007504915783575617,0.007505470333593903
3.054,0.007504915783575617,0.007501222402060907
3.057,0.007504915783575617,0.007498099511996697
3.06,0.007504915783575617,0.007495924894511091
3.063,0.007504915783575617,0.007494536032359819
3.066,0.007504915783575617,0.007493786054265133
3.069,0.007504915783575617,0.007493544333422845
3.072,0.007504915783575617,0.007493696462828618
3.075,0.007504915783575617,0.007494143757186894
3.078,0.007504915783575617,0.007494802409339975
3.081,0.007504915783575617,0.007495602408767805
3.084,0.007504915783575617,0.00749648631101932
3.087,0.007504915783575617,0.0074974079300903045
3.09,0.00767944870877505,0.007499620434694855
3.093,0.00767944870877505,0.007505328573454041
3.096,0.00767944870877505,0.007514817102465137
3.099,0.00767944870877505,0.007526901538365979
3.102,0.00767944870877505,0.007540603955369384
3.105,0.00767944870877505,0.007555132485919752
3.108,0.00767944870877505,0.007569860225502177
3.111,0.00767944870877505,0.007584304307494382
3.114,0.00767944870877505,0.007598105725763357
3.117,0.00767944870877505,0.007611010322453784
3.12,0.00767944870877505,0.007622851224149332
3.123,0.00767944870877505,0.0076335328990634645
3.126,0.00767944870877505,0.007643016918721621
3.129,0.00767944870877505,0.007651309437266601
3.132,0.00767944870877505,0.00765845034762019
3.135,0.00767944870877505,0.007664504033930154
3.138,0.00767944870877505,0.007669551611827679
3.141,0.00767944870877505,0.007673684529995481
3.144,0.00767944870877505,0.007676999396570576
3.147,0.00767944870877505,0.007679593890348441
3.15,0.00767944870877505,0.007681563618187092
3.153,0.00767944870877505,0.007682999785194593
3.156,0.00767944870877505,0.007683987552171374
3.159,0.00767944870877505,0.007684604964489601
3.162,0.00767944870877505,0.007684922347403069
3.165,0.00767944870877505,0.007685002074109729
3.168,0.00767944870877505,0.007684898624276834
3.171,0.00767944870877505,0.007684658861834742
3.174,0.007504915783575617,0.007683033047514259
3.177,0.007504915783575617,0.0076778218542847415
3.18,0.007504915783575617,0.007668747303145701
3.183,0.007504915783575617,0.007657001485619023
3.186,0.007504915783575617,0.007643570343133136
3.189,0.007504915783575617,0.007629253832043258
3.192,0.007504915783575617,0.007614686762290899
3.195,0.007330382858376184,0.007599070108911522
3.198,0.007330382858376184,0.007580537527316813
3.201,0.007330382858376184,0.007559044604667938
3.204,0.007330382858376184,0.007535934455653074
3.207,0.007330382858376184,0.007512276779157451
3.21,0.007330382858376184,0.0074889016347894025
3.213,0.007330382858376184,0.0074664322233990955
3.216,0.007155849933176752,0.007444026517197585
3.219,0.007155849933176752,0.007419752553674215
3.222,0.007155849933176752,0.007393485034494421
3.225,0.007155849933176752,0.0073664769628128575
3.228,0.007155849933176752,0.00733970356928268
3.231,0.007155849933176752,0.00731389992216038
3.234,0.007155849933176752,0.007289596640058301
3.237,0.006981317007977318,0.007265863681858257
3.24,0.006981317007977318,0.007240687148888896
3.243,0.006981317007977318,0.007213866851792724
3.246,0.006981317007977318,0.007186588476123908
3.249,0.006981317007977318,0.007159767686497036
3.252,0.006981317007977318,0.007134087643159617
3.255,0.006981317007977318,0.007110034417274929
3.258,0.0066322511575784525,0.007085350913113503
3.261,0.0066322511575784525,0.007055759599366064
3.264,0.0066322511575784525,0.007020729800833813
3.267,0.0066322511575784525,0.006982597316484015
3.27,0.0066322511575784525,0.0069432310255394675
3.273,0.0066322511575784525,0.0069040893237408705
3.276,0.0066322511575784525,0.006866275193193314
3.279,0.006457718232379019,0.006829299181306807
3.282,0.006457718232379019,0.006791474697063879
3.285,0.006457718232379019,0.006752832996708398
3.288,0.006457718232379019,0.006714711435297223
3.291,0.006457718232379019,0.006678112167328768
3.294,0.006457718232379019,0.006643752695183647
3.297,0.006457718232379019,0.006612112740732241
3.3,0.006283185307179586,0.006582187510427094
3.303,0.006283185307179586,0.006551872411630547
3.306,0.006283185307179586,0.006520867112050648
3.309,0.006283185307179586,0.006490252924434289
3.312,0.006283185307179586,0.0064608410066585445
3.315,0.006283185307179586,0.006433212998655027
3.318,0.006283185307179586,0.0064077587235565475
3.321,0.006108652381980154,0.006383421117160085
3.324,0.006108652381980154,0.006358073490135376
3.327,0.006108652381980154,0.006331417024317927
3.33,0.006108652381980154,0.0063045524661077745
3.333,0.006108652381980154,0.0062783234667974745
3.336,0.006108652381980154,0.006253353136015523
3.339,0.006108652381980154,0.006230078370698564
3.342,0.005934119456780721,0.006207492053229231
3.345,0.005934119456780721,0.006183518150623833
3.348,0.005934119456780721,0.006157907544118472
3.351,0.005934119456780721,0.006131808482734567
3.354,0.005934119456780721,0.006106109045198776
3.357,0.005934119456780721,0.006081473115926664
3.36,0.005934119456780721,0.006058374382576054
3.363,0.005934119456780721,0.006037127823637646
3.366,0.005934119456780721,0.006017918355819827
3.369,0.005934119456780721,0.006000826473894749
3.372,0.005934119456780721,0.005985850844567506
3.375,0.005934119456780721,0.0059729279151358
3.378,0.005934119456780721,0.005961948671392001
3.381,0.005934119456780721,0.005952772731309227
3.384,0.005934119456780721,0.005945239995172718
3.387,0.005934119456780721,0.005939180092257037
3.39,0.005934119456780721,0.005934419871844506
3.393,0.005934119456780721,0.005930789184912264
3.396,0.005934119456780721,0.005928125194419125
3.399,0.005934119456780721,0.0059262754387038475
3.402,0.005934119456780721,0.005925099855661668
3.405,0.005934119456780721,0.0059244719564126086
3.408,0.005934119456780721,0.005924279317177886
3.411,0.005934119456780721,0.005924423537879909
3.414,0.005934119456780721,0.0059248197962228815
3.417,0.005934119456780721,0.005925396107172715
3.42,0.005934119456780721,0.005926092380173735
3.423,0.005934119456780721,0.005926859350334176
3.426,0.005934119456780721,0.005927657445305959
3.429,0.005934119456780721,0.005928455636722792
3.432,0.005934119456780721,0.005929230313831167
3.435,0.005934119456780721,0.005929964207292567
3.438,0.005934119456780721,0.005930645382961585
3.441,0.005934119456780721,0.005931266318640407
3.444,0.005934119456780721,0.005931823071249036
3.447,0.005759586531581287,0.005931025113521858
3.45,0.005759586531581287,0.0059266411587323336
3.453,0.005759586531581287,0.005918368929642594
3.456,0.005759586531581287,0.005907382766798072
3.459,0.005759586531581287,0.005894656366694611
3.462,0.005759586531581287,0.005880981991878299
3.465,0.005759586531581287,0.0058669904485624935
3.468,0.005759586531581287,0.005853171057842677
3.471,0.005759586531581287,0.0058398910318624864
3.474,0.005759586531581287,0.005827413824644233
3.477,0.005759586531581287,0.005815916160500766
3.48,0.005759586531581287,0.005805503553072622
3.483,0.005759586531581287,0.005796224217349277
3.486,0.005759586531581287,0.0057880813478739055
3.489,0.005585053606381855,0.005779754367144354
3.492,0.005585053606381855,0.005768954531876436
3.495,0.005585053606381855,0.005755302954123671
3.498,0.005585053606381855,0.005739885054260183
3.501,0.005585053606381855,0.005723578870684545
3.504,0.005585053606381855,0.005707078708133373
3.507,0.005585053606381855,0.005690918560068895
3.51,0.005585053606381855,0.0056754946670061635
3.513,0.005585053606381855,0.005661086750790155
3.516,0.005585053606381855,0.0056478776139675755
3.519,0.005585053606381855,0.005635970916053307
3.522,0.005585053606381855,0.005625407037374907
3.525,0.005585053606381855,0.005616177019053585
3.528,0.005585053606381855,0.005608234627269202
3.531,0.0054105206811824215,0.005600217209994733
3.534,0.0054105206811824215,0.005589800787944095
3.537,0.0054105206811824215,0.00557657748152656
3.54,0.0054105206811824215,0.005561609327229867
3.543,0.0054105206811824215,0.0055457559372505336
3.546,0.0054105206811824215,0.005529697506693013
3.549,0.0054105206811824215,0.00551395762060518
3.552,0.005235987755982988,0.005497635810861565
3.555,0.005235987755982988,0.005478774729924386
3.558,0.005235987755982988,0.005457249594696705
3.561,0.005235987755982988,0.0054343336145369694
3.564,0.005235987755982988,0.005411036611033292
3.567,0.005235987755982988,0.005388138165775162
3.57,0.005235987755982988,0.005366219644723047
3.573,0.005061454830783556,0.005344404997595336
3.576,0.005061454830783556,0.0053207351888565745
3.579,0.005061454830783556,0.005295063934689827
3.582,0.005061454830783556,0.005268628504619088
3.585,0.005061454830783556,0.005242392856484408
3.588,0.005061454830783556,0.005217084512865649
3.591,0.005061454830783556,0.005193229605472272
3.594,0.004886921905584123,0.0051698960661426974
3.597,0.004886921905584123,0.005145069900645966
3.6,0.004886921905584123,0.005118552296456529
3.603,0.004886921905584123,0.005091531395540888
3.606,0.004886921905584123,0.005064926067733252
3.609,0.004886921905584123,0.005039423153511256
3.612,0.004886921905584123,0.005015512656923592
3.615,0.00471238898038469,0.004992230915014061
3.618,0.00471238898038469,0.004967536721255038
3.621,0.00471238898038469,0.004941208189405744
3.624,0.00471238898038469,0.004914414218414263
3.627,0.00471238898038469,0.004888057918336961
3.63,0.00471238898038469,0.004862813485817752
3.633,0.00471238898038469,0.004839161025477993
3.636,0.004537856055185257,0.004816129355555291
3.639,0.004537856055185257,0.004791671784200585
3.642,0.004537856055185257,0.0047655626491256665
3.645,0.004537856055185257,0.004738968485318267
3.648,0.004537856055185257,0.004712791183117913
3.651,0.004537856055185257,0.004687704626092644
3.654,0.004537856055185257,0.00466418930485672
3.657,0.004363323129985824,0.004641274944119822
3.66,0.004363323129985824,0.004616916127723521
3.663,0.004363323129985824,0.004590888712291372
3.666,0.004363323129985824,0.004564360891891446
3.669,0.004363323129985824,0.004538236273562542
3.672,0.004363323129985824,0.004513190450680409
3.675,0.004363323129985824,0.004489705567896316
3.678,0.0041887902047863905,0.0044668129126447425
3.681,0.0041887902047863905,0.0044424685158365
3.684,0.0041887902047863905,0.004416449550405017
3.687,0.0041887902047863905,0.004389925388341275
3.69,0.0041887902047863905,0.004363800674506109
3.693,0.0041887902047863905,0.004338751902832543
3.696,0.0041887902047863905,0.0043152619874786404
3.699,0.004014257279586958,0.004292362862936005
3.702,0.004014257279586958,0.004268011094885415
3.705,0.004014257279586958,0.004241984289793458
3.708,0.004014257279586958,0.004215452163346836
3.711,0.004014257279586958,0.0041893196255926735
3.714,0.004014257279586958,0.004164263368079838
3.717,0.004014257279586958,0.00414076644533147
3.72,0.004014257279586958,0.004119150308374757
3.723,0.004014257279586958,0.0040996039530345665
3.726,0.004014257279586958,0.004082210011624474
3.729,0.004014257279586958,0.004066967747978051
3.732,0.004014257279586958,0.0040538130168537466
3.735,0.004014257279586958,0.004042635323857474
3.738,0.004014257279586958,0.004033292175151952
3.741,0.003839724354387525,0.004024331517170877
3.744,0.003839724354387525,0.004013347829297655
3.747,0.003839724354387525,0.0039998600807055005
3.75,0.003839724354387525,0.003984865701964388
3.753,0.003839724354387525,0.003969168110247003
3.756,0.003839724354387525,0.003953399365697393
3.759,0.003839724354387525,0.003938042473351098
3.762,0.003665191429188092,0.003922163332442402
3.765,0.003665191429188092,0.0039037772425870414
3.768,0.003665191429188092,0.0038827376541322174
3.771,0.003665191429188092,0.0038603009034371017
3.774,0.003665191429188092,0.003837464160969534
3.777,0.003665191429188092,0.003814997943269968
3.78,0.003665191429188092,0.00379347754759383
3.783,0.003665191429188092,0.0037733127379364906
3.786,0.003665191429188092,0.0037547752233601885
3.789,0.003665191429188092,0.003738023644572434
3.792,0.003665191429188092,0.003723125926271049
3.795,0.003665191429188092,0.0037100789646916984
3.798,0.003665191429188092,0.003698825705851801
3.801,0.003665191429188092,0.0036892697338218893
3.804,0.003490658503988659,0.0036799981095219053
3.807,0.003490658503988659,0.0036686379728201692
3.81,0.003490658503988659,0.003654735077690282
3.813,0.003490658503988659,0.0036393083774647
3.816,0.003490658503988659,0.0036231781724338184
3.819,0.003490658503988659,0.0036069893768699377
3.822,0.003490658503988659,0.0035912344046262674
3.825,0.003490658503988659,0.003576275088227197
3.828,0.003490658503988659,0.0035623632148510742
3.831,0.003490658503988659,0.003549659403109543
3.834,0.003490658503988659,0.0035382501595878748
3.837,0.003490658503988659,0.0035281630464132118
3.84,0.003490658503988659,0.003519379963377003
3.843,0.003490658503988659,0.0035118486030122024
3.846,0.0033161255787892262,0.003504202753173376
3.849,0.0033161255787892262,0.003494116892078391
3.852,0.0033161255787892262,0.003481183178329494
3.855,0.0033161255787892262,0.003466464888144511
3.858,0.0033161255787892262,0.0034508237510026425
3.861,0.0033161255787892262,0.0034349426844073926
3.864,0.0033161255787892262,0.0034193483757571524
3.867,0.003141592653589793,0.0034031436566838366
3.87,0.003141592653589793,0.003384374532091351
3.873,0.003141592653589793,0.0033629195123398483
3.876,0.003141592653589793,0.0033400549580401657
3.879,0.003141592653589793,0.0033167936407125158
3.882,0.003141592653589793,0.003293917851529447
3.885,0.003141592653589793,0.003272011403093124
3.888,0.0029670597283903604,0.0032502004194032152
3.891,0.0029670597283903604,0.0032265277677272788
3.894,0.0029670597283903604,0.0032008488042668723
3.897,0.0029670597283903604,0.0031744021901602684
3.9,0.0029670597283903604,0.0031481530447394976
3.903,0.0029670597283903604,0.0031228298426643286
3.906,0.0029670597283903604,0.003098959480257843
3.909,0.0027925268031909274,0.0030756104887431157
3.912,0.0027925268031909274,0.0030507693298468678
3.915,0.0027925268031909274,0.0030242375244007593
3.918,0.0027925268031909274,0.0029972034445968684
3.921,0.0027925268031909274,0.0029705861052238777
3.924,0.0027925268031909274,0.002945072422551854
3.927,0.0027925268031909274,0.0029211524215602682
3.93,0.002617993877991494,0.0028978624178637273
3.933,0.002617993877991494,0.002873161151909131
3.936,0.002617993877991494,0.0028468266619572063
3.939,0.002617993877991494,0.0028200277565900516
3.942,0.002617993877991494,0.0027936674468565692
3.945,0.002617993877991494,0.002768419826744169
3.948,0.002617993877991494,0.002744764898474976
3.951,0.002617993877991494,0.002723020804986809
3.954,0.002617993877991494,0.0027033731371575807
3.957,0.002617993877991494,0.0026859011492809184
3.96,0.002617993877991494,0.0026706008474831227
3.963,0.002617993877991494,0.002657405016625012
3.966,0.002617993877991494,0.002646200326029502
3.969,0.002617993877991494,0.0026368417071379697
3.972,0.0024434609527920616,0.002627874806758382
3.975,0.0024434609527920616,0.002616892081911848
3.978,0.0024434609527920616,0.002603410750128588
3.981,0.0024434609527920616,0.0025884267480756483
3.984,0.0024434609527920616,0.0025727422392710217
3.987,0.0024434609527920616,0.002556988250043981
3.99,0.0024434609527920616,0.0025416469494309764
3.993,0.0020943951023931952,0.0025244941520023963
3.996,0.0020943951023931952,0.002501312272903138
3.999,0.0020943951023931952,0.0024716493823184866
4.002,0.0020943951023931952,0.0024379320007102117
4.005,0.0020943951023931952,0.0024021261598591737
4.008,0.0020943951023931952,0.0023657894301368945
4.011,0.0020943951023931952,0.0023301225760204427
4.014,0.0019198621771937625,0.0022947299783851794
4.017,0.0019198621771937625,0.0022580131022450767
4.02,0.0019198621771937625,0.002220084261939634
4.023,0.0019198621771937625,0.0021823541508667215
4.026,0.0019198621771937625,0.0021458902210456945
4.029,0.0019198621771937625,0.0021114672248933263
4.032,0.0019198621771937625,0.0020796143195751303
4.035,0.0019198621771937625,0.0020506581639949434
4.038,0.0019198621771937625,0.0020247616932099694
4.041,0.0019198621771937625,0.0020019584581800337
4.044,0.0019198621771937625,0.0019821825766172395
4.047,0.0019198621771937625,0.001965294459455383
4.05,0.0019198621771937625,0.001951102562949944
4.053,0.0019198621771937625,0.0019393814740774405
4.056,0.0015707963267948964,0.0019273078239244994
4.059,0.0015707963267948964,0.001910165025829244
4.062,0.0015707963267948964,0.0018870931175164862
4.065,0.0015707963267948964,0.0018601918588674047
4.068,0.0015707963267948964,0.0018311720129545923
4.071,0.0015707963267948964,0.0018013978195178164
4.074,0.0015707963267948964,0.001771929551124258
4.077,0.0013962634015954637,0.0017422754507666438
4.08,0.0013962634015954637,0.0017107774333072103
4.083,0.0013962634015954637,0.0016775178604659321
4.086,0.0013962634015954637,0.0016439008774182043
4.089,0.0013962634015954637,0.001611005388683747
4.092,0.0013962634015954637,0.0015796309565751716
4.095,0.0013962634015954637,0.0015503409779480358
4.098,0.0012217304763960308,0.0015222130903372476
4.101,0.0012217304763960308,0.0014932217498098224
4.104,0.0012217304763960308,0.0014631407632982403
4.107,0.0012217304763960308,0.0014331196564811254
4.11,0.0012217304763960308,0.0014040312753641473
4.113,0.0012217304763960308,0.0013765121606454515
4.116,0.0012217304763960308,0.0013510002496708027
4.119,0.0012217304763960308,0.0013277694309416117
4.122,0.0012217304763960308,0.001306960682756032
4.125,0.0012217304763960308,0.0012886096926999129
4.128,0.0012217304763960308,0.0012726709834005178
4.131,0.0012217304763960308,0.0012590386671232797
4.134,0.0012217304763960308,0.00124756402209919
4.137,0.0012217304763960308,0.0012380701312634979
4.14,0.0010471975511965976,0.0012290744294596672
4.143,0.0010471975511965976,0.0012181447623071566
4.146,0.0010471975511965976,0.0012047772027212373
4.149,0.0010471975511965976,0.0011899498053087893
4.152,0.0010471975511965976,0.0011744498622796276
4.155,0.0010471975511965976,0.0011588962588509326
4.158,0.0010471975511965976,0.0011437614590012785
4.161,0.0008726646259971648,0.0011281031363886253
4.164,0.0008726646259971648,0.0011099303698611064
4.167,0.0008726646259971648,0.0010890920981876542
4.17,0.0008726646259971648,0.0010668415799078206
4.173,0.0008726646259971648,0.0010441740894976948
4.176,0.0008726646259971648,0.0010218592027278403
4.179,0.0008726646259971648,0.001000472030664537
4.182,0.0006981317007977319,0.0009791333068605583
4.185,0.0006981317007977319,0.0009558831866708834
4.188,0.0006981317007977319,0.0009305764324856765
4.191,0.0006981317007977319,0.0009044527407350757
4.194,0.0006981317007977319,0.0008784794749503315
4.197,0.0006981317007977319,0.0008533882074672021
4.2,0.0006981317007977319,0.000829709490111022
4.203,0.0005235987755982988,0.0008065158260034387
4.206,0.0005235987755982988,0.000781797772124349
4.209,0.0005235987755982988,0.0007553609173922923
4.212,0.0005235987755982988,0.000728397561199031
4.215,0.0005235987755982988,0.0007018304222847123
4.218,0.0005235987755982988,0.0006763498415556535
4.221,0.0005235987755982988,0.0006524489549080133
4.224,0.00034906585039886593,0.0006291668582478335
4.227,0.00034906585039886593,0.0006044647385959812
4.23,0.00034906585039886593,0.0005781227545787991
4.233,0.00034906585039886593,0.0005513115242888747
4.236,0.00034906585039886593,0.000524935578298167
4.239,0.00034906585039886593,0.0004996702645763981
4.242,0.00034906585039886593,0.00047599660023463604
4.245,0.00017453292519943296,0.000452944107316619
4.248,0.00017453292519943296,0.0004284666182042266
4.251,0.00017453292519943296,0.00040233884271881316
4.254,0.00017453292519943296,0.000375727561219906
4.257,0.00017453292519943296,0.0003495348057394279
4.26,0.00017453292519943296,0.0003244345184662233
4.263,0.00017453292519943296,0.0003009071836980844
4.266,0.0,0.00027798247060744285
4.269,0.0,0.00025361487169022146
4.272,0.0,0.00022758012767893303
4.275,0.0,0.00020104630150001473
4.278,0.0,0.0001749168613226664
4.281,0.0,0.000149867259877
4.284,0.0,0.00012637950397362835
4.287,-0.0,0.00010477417329159129
4.29,-0.0,8.52395522438704e-05
4.293,-0.0,6.785770444272573e-05
4.296,-0.0,5.262745040756292e-05
4.299,-0.0,3.948431008390518e-05
4.302,-0.0,2.8317546712017603e-05
4.305,-0.0,1.898450158963685e-05
4.308,-0.00034906585039886593,8.743596246127476e-06
4.311,-0.00034906585039886593,-7.043115927281275e-06
4.314,-0.00034906585039886593,-2.916167804879238e-05
4.317,-0.00034906585039886593,-5.544418738557421e-05
4.32,-0.00034906585039886593,-8.411814662780641e-05
4.323,-0.00034906585039886593,-0.00011376428212105963
4.326,-0.00034906585039886593,-0.00014327401164786582
4.329,-0.0005235987755982988,-0.00017309732633415584
4.332,-0.0005235987755982988,-0.0002048567584978818
4.335,-0.0005235987755982988,-0.00023844017143753808
4.338,-0.0005235987755982988,-0.00027241892095197724
4.341,-0.0005235987755982988,-0.00030569434168271003
4.344,-0.0005235987755982988,-0.00033745129948429506
4.347,-0.0005235987755982988,-0.0003671144730393423
4.35,-0.0006981317007977319,-0.00039559742783466757
4.353,-0.0006981317007977319,-0.00042491955033110133
4.356,-0.0006981317007977319,-0.00045530306635182573
4.359,-0.0006981317007977319,-0.00048559626664434173
4.362,-0.0006981317007977319,-0.0005149255432608054
4.365,-0.0006981317007977319,-0.0005426546977245262
4.368,-0.0006981317007977319,-0.0005683469648999258
4.371,-0.0008726646259971648,-0.0005930196492291139
4.374,-0.0008726646259971648,-0.0006187663198407643
4.377,-0.0008726646259971648,-0.0006458587051492096
4.38,-0.0008726646259971648,-0.0006731743578081037
4.383,-0.0008726646259971648,-0.0006998526669387069
4.386,-0.0008726646259971648,-0.0007252576719655564
4.389,-0.0008726646259971648,-0.0007489431308230715
4.392,-0.0010471975511965976,-0.0007719097595598417
4.395,-0.0010471975511965976,-0.0007962296183712241
4.398,-0.0010471975511965976,-0.0008221498185696304
4.401,-0.0010471975511965976,-0.0008485216583299034
4.404,-0.0010471975511965976,-0.0008744578023549097
4.407,-0.0010471975511965976,-0.0008992959978421737
4.41,-0.0010471975511965976,-0.0009225648163041123
4.413,-0.0012217304763960308,-0.0009452413730125135
4.416,-0.0012217304763960308,-0.0009693760312590333
4.419,-0.0012217304763960308,-0.0009951962951867289
4.422,-0.0012217304763960308,-0.0010215360251931613
4.425,-0.0012217304763960308,-0.0010474926140949126
4.428,-0.0012217304763960308,-0.0010723906364252622
4.431,-0.0012217304763960308,-0.0010957474774943997
4.434,-0.0015707963267948964,-0.0011198203322154653
4.437,-0.0015707963267948964,-0.0011488842737595838
4.44,-0.0015707963267948964,-0.0011834656460929668
4.443,-0.0015707963267948964,-0.0012212230218676826
4.446,-0.0015707963267948964,-0.0012602810728729794
4.449,-0.0015707963267948964,-0.0012991745205986887
4.452,-0.0015707963267948964,-0.001336793373523582
4.455,-0.0015707963267948964,-0.0013723307617230333
4.458,-0.0015707963267948964,-0.001405234289206007
4.461,-0.0015707963267948964,-0.0014351615003205126
4.464,-0.0015707963267948964,-0.0014619397923751084
4.467,-0.0015707963267948964,-0.001485530895798615
4.47,-0.0015707963267948964,-0.0015059998791686557
4.473,-0.0015707963267948964,-0.0015234885129277935
4.476,-0.0019198621771937625,-0.001540771584298301
4.479,-0.0019198621771937625,-0.0015625452099539963
4.482,-0.0019198621771937625,-0.0015896708758621257
4.485,-0.0019198621771937625,-0.0016200670346772131
4.488,-0.0019198621771937625,-0.0016520532953471553
4.491,-0.0019198621771937625,-0.0016843041441490013
4.494,-0.0019198621771937625,-0.001715803246253916
4.497,-0.0020943951023931952,-0.0017470889633184902
4.5,-0.0020943951023931952,-0.0017798666370130265
4.503,-0.0020943951023931952,-0.0018141002616372352
4.506,-0.0020943951023931952,-0.0018484299929949265
4.509,-0.0020943951023931952,-0.0018818183548131816
4.512,-0.0020943951023931952,-0.0019135038030469744
4.515,-0.0020943951023931952,-0.001942957241135106
4.518,-0.0024434609527920616,-0.0019724209132758845
4.521,-0.0024434609527920616,-0.0020061793741913553
4.524,-0.0024434609527920616,-0.002044786758471869
4.527,-0.0024434609527920616,-0.0020859425385824828
4.53,-0.0024434609527920616,-0.0021278210515920043
4.533,-0.0024434609527920616,-0.002169011885787374
4.536,-0.0024434609527920616,-0.0022084622526225553
4.539,-0.0024434609527920616,-0.002245422572197966
4.542,-0.0024434609527920616,-0.002279396111777909
4.545,-0.0024434609527920616,-0.00231009319631137
4.548,-0.0024434609527920616,-0.002337390250701375
4.551,-0.0024434609527920616,-0.0023612937286647787
4.554,-0.0024434609527920616,-0.0023819088255031214
4.557,-0.0024434609527920616,-0.0023994127552897605
4.56,-0.0027925268031909274,-0.0024166111383411865
4.563,-0.0027925268031909274,-0.0024382265053413364
4.566,-0.0027925268031909274,-0.0024651426134401095
4.569,-0.0027925268031909274,-0.0024952963762632503
4.572,-0.0027925268031909274,-0.0025270224191861817
4.575,-0.0027925268031909274,-0.00255900718037891
4.578,-0.0027925268031909274,-0.0025902435920619167
4.581,-0.0029670597283903604,-0.0026212769663258727
4.584,-0.0029670597283903604,-0.00265381762728545
4.587,-0.0029670597283903604,-0.002687832907103306
4.59,-0.0029670597283903604,-0.002721964949529385
4.593,-0.0029670597283903604,-0.0027551771804073225
4.596,-0.0029670597283903604,-0.0027867081049973968
4.599,-0.0029670597283903604,-0.002816028025726047
4.602,-0.003141592653589793,-0.0028440886848687293
4.605,-0.003141592653589793,-0.0028729408514877844
4.608,-0.003141592653589793,-0.0029028320372565877
4.611,-0.003141592653589793,-0.002932630432832569
4.614,-0.003141592653589793,-0.0029614776442196664
4.617,-0.003141592653589793,-0.0029887486719922265
4.62,-0.003141592653589793,-0.003014014564384393
4.623,-0.0033161255787892262,-0.0030382976323193953
4.626,-0.0033161255787892262,-0.0030636941678398367
4.629,-0.0033161255787892262,-0.0030904768043580606
4.632,-0.0033161255787892262,-0.003117522589622116
4.635,-0.0033161255787892262,-0.0031439693500445094
4.638,-0.0033161255787892262,-0.0031691788036927525
4.641,-0.0033161255787892262,-0.003192701878526782
4.644,-0.003490658503988659,-0.0032155361572693687
4.647,-0.003490658503988659,-0.003239750428579685
4.65,-0.003490658503988659,-0.0032655885237552755
4.653,-0.003490658503988659,-0.0032918985514341914
4.656,-0.003490658503988659,-0.0033177901498780134
4.659,-0.003490658503988659,-0.003342598253369689
4.662,-0.003490658503988659,-0.0033658488660942565
4.665,-0.003839724354387525,-0.0033898062225967336
4.668,-0.003839724354387525,-0.0034187510260834915
4.671,-0.003839724354387525,-0.0034532140116901853
4.674,-0.003839724354387525,-0.0034908570708831513
4.677,-0.003839724354387525,-0.003529807280289813
4.68,-0.003839724354387525,-0.0035686009997739254
4.683,-0.003839724354387525,-0.0036061292446083215
4.686,-0.004014257279586958,-0.0036428750652509633
4.689,-0.004014257279586958,-0.0036805185358125773
4.692,-0.004014257279586958,-0.00371902198840018
4.695,-0.004014257279586958,-0.003757041925866294
4.698,-0.004014257279586958,-0.0037935704382226934
4.701,-0.004014257279586958,-0.0038278847318267014
4.704,-0.004014257279586958,-0.00385950030311743
4.707,-0.0041887902047863905,-0.003889417692964611
4.71,-0.0041887902047863905,-0.003919737769499709
4.713,-0.0041887902047863905,-0.003950757652431731
4.716,-0.0041887902047863905,-0.003981393300863556
4.719,-0.0041887902047863905,-0.00401083127796877
4.722,-0.0041887902047863905,-0.00403848807398668
4.725,-0.0041887902047863905,-0.004063972362490257
4.728,-0.004363323129985824,-0.004088340027690488
4.731,-0.004363323129985824,-0.004113716859780214
4.734,-0.004363323129985824,-0.004140401018045265
4.737,-0.004363323129985824,-0.004167291299478355
4.74,-0.004363323129985824,-0.004193543763571133
4.743,-0.004363323129985824,-0.004218535147385643
4.746,-0.004363323129985824,-0.0042418285086105265
4.749,-0.00471238898038469,-0.004265720426829002
4.752,-0.00471238898038469,-0.004294519412012381
4.755,-0.00471238898038469,-0.004328779731390972
4.758,-0.00471238898038469,-0.004366182860740091
4.761,-0.00471238898038469,-0.004404871878582998
4.764,-0.00471238898038469,-0.004443395948124892
4.767,-0.00471238898038469,-0.004480656076006024
4.77,-0.004886921905584123,-0.0045171428693048885
4.773,-0.004886921905584123,-0.0045545418829690204
4.776,-0.004886921905584123,-0.004592819188617634
4.779,-0.004886921905584123,-0.004630633593222362
4.782,-0.004886921905584123,-0.004666978330706598
4.785,-0.004886921905584123,-0.004701130834792314
4.788,-0.004886921905584123,-0.004732606125210405
4.791,-0.005061454830783556,-0.004762403744516613
4.794,-0.005061454830783556,-0.004792623195166743
4.797,-0.005061454830783556,-0.004823559992045015
4.8,-0.005061454830783556,-0.004854128354897988
4.803,-0.005061454830783556,-0.004883513056585174
4.806,-0.005061454830783556,-0.004911128811166963
4.809,-0.005061454830783556,-0.004936582579280745
4.812,-0.005235987755982988,-0.004960928630940235
4.815,-0.005235987755982988,-0.0049862912649677625
4.818,-0.005235987755982988,-0.005012967286803388
4.821,-0.005235987755982988,-0.005039854284237701
4.824,-0.005235987755982988,-0.005066107253345838
4.827,-0.005235987755982988,-0.005091102010119648
4.83,-0.005235987755982988,-0.005114400826700555
4.833,-0.005585053606381855,-0.005138299623451142
4.836,-0.005585053606381855,-0.005167106366718453
4.839,-0.005585053606381855,-0.00520137488412476
4.842,-0.005585053606381855,-0.005238786303969064
4.845,-0.005585053606381855,-0.005277483437665044
4.848,-0.005585053606381855,-0.005316015250348761
4.851,-0.005585053606381855,-0.005353282608973889
4.854,-0.005934119456780721,-0.005391065453358256
4.857,-0.005934119456780721,-0.00543328166346454
4.86,-0.005934119456780721,-0.005480202294590619
4.863,-0.005934119456780721,-0.005529315708836366
4.866,-0.005934119456780721,-0.005578646129007048
4.869,-0.005934119456780721,-0.005626683874042271
4.872,-0.005934119456780721,-0.005672318504905567
4.875,-0.005934119456780721,-0.0057147761605289655
4.878,-0.005934119456780721,-0.005753561933568734
4.881,-0.005934119456780721,-0.005788407783574908
4.884,-0.005934119456780721,-0.0058192262025366
4.887,-0.005934119456780721,-0.005846069626365892
4.89,-0.005934119456780721,-0.005869095417621967
4.893,-0.005934119456780721,-0.005888536121918314
4.896,-0.006283185307179586,-0.005907253463527421
4.899,-0.006283185307179586,-0.005930025006829618
4.902,-0.006283185307179586,-0.005957787102041398
4.905,-0.006283185307179586,-0.005988525844704476
4.908,-0.006283185307179586,-0.006020620993344122
4.911,-0.006283185307179586,-0.0060527997050316695
4.914,-0.006283185307179586,-0.006084091069010778
4.917,-0.0066322511575784525,-0.006116361438880934
4.92,-0.0066322511575784525,-0.006153580744772237
4.923,-0.0066322511575784525,-0.006196044408470005
4.926,-0.0066322511575784525,-0.006241243375395317
4.929,-0.0066322511575784525,-0.006287187801632225
4.932,-0.0066322511575784525,-0.006332341686921505
4.935,-0.0066322511575784525,-0.006375559728511394
4.938,-0.006806784082777886,-0.006417317154681172
4.941,-0.006806784082777886,-0.006459308129557066
4.944,-0.006806784082777886,-0.006501525330754033
4.947,-0.006806784082777886,-0.006542667077855919
4.95,-0.006806784082777886,-0.0065817747697316745
4.953,-0.006806784082777886,-0.006618179164826054
4.956,-0.006806784082777886,-0.006651450957583226
4.959,-0.006981317007977318,-0.006682645507993502
4.962,-0.006981317007977318,-0.006713916595052257
4.965,-0.006981317007977318,-0.006745611233846048
4.968,-0.006981317007977318,-0.006776691510046135
4.971,-0.006981317007977318,-0.0068063858827940235
4.974,-0.006981317007977318,-0.006834148281363282
4.977,-0.006981317007977318,-0.006859620320930764
4.98,-0.007330382858376184,-0.006885175855852191
4.983,-0.007330382858376184,-0.006915197411339193
4.986,-0.007330382858376184,-0.006950308602595027
4.989,-0.007330382858376184,-0.006988254652951014
4.992,-0.007330382858376184,-0.00702723624358372
4.995,-0.007330382858376184,-0.007065853762768058
4.998,-0.007330382858376184,-0.007103053076062039
5.001,-0.00767944870877505,-0.007140652904014171
5.004,-0.00767944870877505,-0.007182604030428851
5.007,-0.00767944870877505,-0.00722920497066502
5.01,-0.00767944870877505,-0.007277966593504463
5.013,-0.00767944870877505,-0.007326931194556093
5.016,-0.00767944870877505,-0.007374603257974035
5.019,-0.00767944870877505,-0.00741988311824864
5.022,-0.008028514559173916,-0.007464583636658667
5.025,-0.008028514559173916,-0.007512680095138763
5.028,-0.008028514559173916,-0.007564517880622974
5.031,-0.008028514559173916,-0.00761767037116119
5.034,-0.008028514559173916,-0.00767025242231699
5.037,-0.008028514559173916,-0.007720846581005042
5.04,-0.008028514559173916,-0.007768433124415581
5.043,-0.00820304748437335,-0.007813614500579536
5.046,-0.00820304748437335,-0.00785820958149827
5.049,-0.00820304748437335,-0.007902330156208379
5.052,-0.00820304748437335,-0.007944785877747513
5.055,-0.00820304748437335,-0.007984720270517366
5.058,-0.00820304748437335,-0.008021556194703001
5.061,-0.00820304748437335,-0.008054946098158714
5.064,-0.008377580409572781,-0.0080860168048384
5.067,-0.008377580409572781,-0.008116983617123763
5.07,-0.008377580409572781,-0.00814824569210545
5.073,-0.008377580409572781,-0.008178808578772751
5.076,-0.008377580409572781,-0.008207936312012347
5.079,-0.008377580409572781,-0.008235111344276822
5.082,-0.008377580409572781,-0.008259997605083308
5.085,-0.008726646259971648,-0.008284985879718244
5.088,-0.008726646259971648,-0.008314471028028843
5.091,-0.008726646259971648,-0.008349085138261127
5.094,-0.008726646259971648,-0.008386578718309457
5.097,-0.008726646259971648,-0.008425155151795302
5.1,-0.008726646259971648,-0.008463415484975242
5.103,-0.008726646259971648,-0.008500304666416708
5.106,-0.009075712110370514,-0.008537639328459861
5.109,-0.009075712110370514,-0.008579367337290318
5.112,-0.009075712110370514,-0.008625783745811867
5.115,-0.009075712110370514,-0.008674395648133338
5.118,-0.009075712110370514,-0.008723241439187027
5.121,-0.009075712110370514,-0.008770821721851207
5.124,-0.009075712110370514,-0.00881603307879862
5.127,-0.009250245035569947,-0.008859395404982479
5.13,-0.009250245035569947,-0.008902648327350368
5.133,-0.009250245035569947,-0.008945829248595792
5.136,-0.009250245035569947,-0.008987679330380687
5.139,-0.009250245035569947,-0.009027280114928775
5.142,-0.009250245035569947,-0.009063999264425424
5.145,-0.009250245035569947,-0.009097440821640114
5.148,-0.009599310885968814,-0.009129979228141408
5.151,-0.009599310885968814,-0.00916602661271212
5.154,-0.009599310885968814,-0.009206257396368208
5.157,-0.009599310885968814,-0.009248482238575446
5.16,-0.009599310885968814,-0.009290976454380866
5.163,-0.009599310885968814,-0.009332419858481957
5.166,-0.009599310885968814,-0.009371839042104611
5.169,-0.009948376736367679,-0.009411132054436812
5.172,-0.009948376736367679,-0.009454325600720839
5.175,-0.009948376736367679,-0.009501789281801225
5.178,-0.009948376736367679,-0.009551099271838621
5.181,-0.009948376736367679,-0.009600356844165424
5.184,-0.009948376736367679,-0.009648118903393225
5.187,-0.009948376736367679,-0.00969333166628124
5.19,-0.010297442586766544,-0.009737847545916287
5.193,-0.010297442586766544,-0.009785675390703874
5.196,-0.010297442586766544,-0.009837188608173886
5.199,-0.010297442586766544,-0.009889983549349895
5.202,-0.010297442586766544,-0.009942193523406589
5.205,-0.010297442586766544,-0.009992415546986566
5.208,-0.010297442586766544,-0.010039640908273284
5.211,-0.010471975511965976,-0.010084480109325307
5.214,-0.010471975511965976,-0.010128757588359225
5.217,-0.010471975511965976,-0.010172588643287553
5.22,-0.010471975511965976,-0.010214784767006914
5.223,-0.010471975511965976,-0.010254489999537573
5.226,-0.010471975511965976,-0.010291126693898802
5.229,-0.010471975511965976,-0.010324346027582072
5.232,-0.010821041362364843,-0.010356562434919375
5.235,-0.010821041362364843,-0.010392221421661576
5.238,-0.010821041362364843,-0.010432024765834226
5.241,-0.010821041362364843,-0.010473805095194499
5.244,-0.010821041362364843,-0.010515854943885471
5.247,-0.010821041362364843,-0.01055686722343112
5.25,-0.010821041362364843,-0.010595878098429106
5.253,-0.01117010721276371,-0.010634792227715222
5.256,-0.01117010721276371,-0.010677640475908516
5.259,-0.01117010721276371,-0.010724794616028361
5.262,-0.01117010721276371,-0.010773831418258667
5.265,-0.01117010721276371,-0.010822851535128332
5.268,-0.01117010721276371,-0.010870410342969572
5.271,-0.01117010721276371,-0.010915451884972865
5.274,-0.011519173063162575,-0.010959825973920513
5.277,-0.011519173063162575,-0.011007538610074703
5.28,-0.011519173063162575,-0.011058960248420744
5.283,-0.011519173063162575,-0.011111684295255903
5.286,-0.011519173063162575,-0.011163841207997927
5.289,-0.011519173063162575,-0.011214025306541609
5.292,-0.011519173063162575,-0.011261225379953879
5.295,-0.011693705988362009,-0.011306049655396775
5.298,-0.011693705988362009,-0.011350320534014337
5.301,-0.011693705988362009,-0.011394151517793102
5.304,-0.011693705988362009,-0.011436352540251995
5.307,-0.011693705988362009,-0.011476066308092935
5.31,-0.011693705988362009,-0.011512714052415367
5.313,-0.011693705988362009,-0.011545946022787607
5.316,-0.012042771838760876,-0.01157817590064214
5.319,-0.012042771838760876,-0.01161384859424613
5.322,-0.012042771838760876,-0.01165366542004589
5.325,-0.012042771838760876,-0.01169545866126248
5.328,-0.012042771838760876,-0.011737520606736525
5.331,-0.012042771838760876,-0.01177854400544044
5.334,-0.012042771838760876,-0.01181756492718486
5.337,-0.012391837689159739,-0.011856487990378261
5.34,-0.012391837689159739,-0.011899344061766595
5.343,-0.012391837689159739,-0.011946504948810596
5.346,-0.012391837689159739,-0.011995547479704188
5.349,-0.012391837689159739,-0.012044572381204188
5.352,-0.012391837689159739,-0.01209213511401656
5.355,-0.012391837689159739,-0.012137179810931611
5.358,-0.012740903539558606,-0.012181556375659954
5.361,-0.012740903539558606,-0.01222927089771577
5.364,-0.012740903539558606,-0.012280693917423431
5.367,-0.012740903539558606,-0.012333418920920235
5.37,-0.012740903539558606,-0.012385576438920616
5.373,-0.012740903539558606,-0.012435760857471553
5.376,-0.012740903539558606,-0.012482961024401365
5.379,-0.012915436464758038,-0.012527785218273739
5.382,-0.012915436464758038,-0.012572055884515713
5.385,-0.012915436464758038,-0.012615886562671982
5.388,-0.012915436464758038,-0.012658087217593138
5.391,-0.012915436464758038,-0.012697800581649451
5.394,-0.012915436464758038,-0.012734447906541251
5.397,-0.012915436464758038,-0.012767679457973385
5.4,-0.013264502315156905,-0.012799908929641297
5.403,-0.013264502315156905,-0.012835581238765529
5.406,-0.013264502315156905,-0.0128753977079631
5.409,-0.013264502315156905,-0.012917190624326225
5.412,-0.013264502315156905,-0.012959252278702683
5.415,-0.013264502315156905,-0.013000275420594476
5.418,-0.013264502315156905,-0.013039296119202005
5.421,-0.013788101090755204,-0.013079508415351958
5.424,-0.013788101090755204,-0.013127175550250128
5.427,-0.013788101090755204,-0.013182974332407347
5.43,-0.013788101090755204,-0.013243311137600926
5.433,-0.013788101090755204,-0.013305317655190158
5.436,-0.013788101090755204,-0.013366762191341664
5.439,-0.013788101090755204,-0.013425963371241835
5.442,-0.014137166941154071,-0.013484287064553744
5.445,-0.014137166941154071,-0.013545377270659529
5.448,-0.014137166941154071,-0.013609345920942375
5.451,-0.014137166941154071,-0.013673614268426565
5.454,-0.014137166941154071,-0.01373621141941425
5.457,-0.014137166941154071,-0.013795687207509018
5.46,-0.014137166941154071,-0.013851030515667901
5.463,-0.014311699866353503,-0.013902883580957662
5.466,-0.014311699866353503,-0.013953127614354102
5.469,-0.014311699866353503,-0.014001952058762803
5.472,-0.014311699866353503,-0.014048253578631568
5.475,-0.014311699866353503,-0.0140912672581381
5.478,-0.014311699866353503,-0.01413050827214209
5.481,-0.014311699866353503,-0.01416571922950682
5.484,-0.014660765716752368,-0.014199402236072623
5.487,-0.014660765716752368,-0.014236085017592633
5.49,-0.014660765716752368,-0.014276544994603745
5.493,-0.014660765716752368,-0.01431868319755313
5.496,-0.014660765716752368,-0.014360853033466067
5.499,-0.014660765716752368,-0.014401800758821505
5.502,-0.014660765716752368,-0.0144406085791366
5.505,-0.015184364492350668,-0.014480509700201304
5.508,-0.015184364492350668,-0.01452780006665668
5.511,-0.015184364492350668,-0.014583183307768388
5.514,-0.015184364492350668,-0.014643087351645349
5.517,-0.015184364492350668,-0.014704660794601577
5.52,-0.015184364492350668,-0.014765684815703308
5.523,-0.015184364492350668,-0.014824487463317047
5.526,-0.015533430342749533,-0.014882441127101798
5.529,-0.015533430342749533,-0.014943193924875522
5.532,-0.015533430342749533,-0.015006859957526856
5.535,-0.015533430342749533,-0.015070861100631713
5.538,-0.015533430342749533,-0.01513322588764825
5.541,-0.015533430342749533,-0.015192502686748734
5.544,-0.015533430342749533,-0.015247678279640247
5.547,-0.015707963267948967,-0.015299392380472511
5.55,-0.015707963267948967,-0.01534952343103505
5.553,-0.015707963267948967,-0.015398257999506832
5.556,-0.015707963267948967,-0.015444489880261017
5.559,-0.015707963267948967,-0.015487451375754904
5.562,-0.015707963267948967,-0.015526655028555799
5.565,-0.015707963267948967,-0.015561841006714743
5.568,-0.016231562043547264,-0.015596798616954418
5.571,-0.016231562043547264,-0.015638285969973454
5.574,-0.016231562043547264,-0.015687383733170784
5.577,-0.016231562043547264,-0.01574082096127546
5.58,-0.016231562043547264,-0.01579598072129922
5.583,-0.016231562043547264,-0.015850821018968182
5.586,-0.016231562043547264,-0.01590379764541797
5.589,-0.016580627893946133,-0.015956369612664324
5.592,-0.016580627893946133,-0.01601223781464124
5.595,-0.016580627893946133,-0.016071541816863728
5.598,-0.016580627893946133,-0.016131707427096992
5.601,-0.016580627893946133,-0.01619075061185207
5.604,-0.016580627893946133,-0.016247194990372735
5.607,-0.016580627893946133,-0.01629999405815446
5.61,-0.01710422666954443,-0.01635232757896152
5.613,-0.01710422666954443,-0.016410496902281278
5.616,-0.01710422666954443,-0.01647525567609221
5.619,-0.01710422666954443,-0.01654311431351065
5.622,-0.01710422666954443,-0.016611326160258923
5.625,-0.01710422666954443,-0.01667779098916653
5.628,-0.01710422666954443,-0.01674096247121379
5.631,-0.017278759594743863,-0.016801050830363765
5.634,-0.017278759594743863,-0.016859596549854416
5.637,-0.017278759594743863,-0.01691652786822653
5.64,-0.017278759594743863,-0.01697054846980646
5.643,-0.017278759594743863,-0.017020758069838465
5.646,-0.017278759594743863,-0.01706658430801119
5.649,-0.017278759594743863,-0.0171077212390786
5.652,-0.01780235837034216,-0.017147942932196524
5.655,-0.01780235837034216,-0.017194016202558834
5.658,-0.01780235837034216,-0.017247048381125
5.661,-0.01780235837034216,-0.017303808062376642
5.664,-0.01780235837034216,-0.01736172648146087
5.667,-0.01780235837034216,-0.017418814953699492
5.67,-0.01780235837034216,-0.017473584916324895
5.673,-0.01815142422074103,-0.01752755116075308
5.676,-0.01815142422074103,-0.01758446881338182
5.679,-0.01815142422074103,-0.01764452889255848
5.682,-0.01815142422074103,-0.01770520502349643
5.685,-0.01815142422074103,-0.017764556811102842
5.688,-0.01815142422074103,-0.017821147043813303
5.691,-0.01815142422074103,-0.01787396382841996
5.694,-0.018675022996339326,-0.017926217049300683
5.697,-0.018675022996339326,-0.017984233869717425
5.7,-0.018675022996339326,-0.01804878971173529
5.703,-0.018675022996339326,-0.01811641304550928
5.706,-0.018675022996339326,-0.018184371912076763
5.709,-0.018675022996339326,-0.018250577787550633
5.712,-0.018675022996339326,-0.01831349342386154
5.715,-0.019024088846738195,-0.018374625286245894
5.718,-0.019024088846738195,-0.0184377511281725
5.721,-0.019024088846738195,-0.018503107477149443
5.724,-0.019024088846738195,-0.018568229532507096
5.727,-0.019024088846738195,-0.018631248876674042
5.73,-0.019024088846738195,-0.018690806063989956
5.733,-0.019024088846738195,-0.018745969073143784
5.736,-0.01937315469713706,-0.018798737478547288
5.739,-0.01937315469713706,-0.01885328226621105
5.742,-0.01937315469713706,-0.018910145584562544
5.745,-0.01937315469713706,-0.018967092563098926
5.748,-0.01937315469713706,-0.019022420330414853
5.751,-0.01937315469713706,-0.01907488110838539
5.754,-0.01937315469713706,-0.019123610249795153
5.757,-0.019896753472735357,-0.019171928435406976
5.76,-0.019896753472735357,-0.019226242618027835
5.763,-0.019896753472735357,-0.019287382059848413
5.766,-0.019896753472735357,-0.019351907736505736
5.769,-0.019896753472735357,-0.019417103001492565
5.772,-0.019896753472735357,-0.019480881109574192
5.775,-0.019896753472735357,-0.019541696241590634
5.778,-0.020420352248333655,-0.019602328094260935
5.781,-0.020420352248333655,-0.01966876528502705
5.784,-0.020420352248333655,-0.019741524420250484
5.787,-0.020420352248333655,-0.01981694346533816
5.79,-0.020420352248333655,-0.0198921575605914
5.793,-0.020420352248333655,-0.0199649930367509
5.796,-0.020420352248333655,-0.02003386635116551
5.799,-0.020594885173533087,-0.02009897917827019
5.802,-0.020594885173533087,-0.020161885513481647
5.805,-0.020594885173533087,-0.020222543493844367
5.808,-0.020594885173533087,-0.02027969828616527
5.811,-0.020594885173533087,-0.02033249867596088
5.814,-0.020594885173533087,-0.020380425696260186
5.817,-0.020594885173533087,-0.0204232285065109
5.82,-0.02111848394913139,-0.020464735954222317
5.823,-0.02111848394913139,-0.020511767765868057
5.826,-0.02111848394913139,-0.02056548119952267
5.829,-0.02111848394913139,-0.020622691030866867
5.832,-0.02111848394913139,-0.02068087046145032
5.835,-0.02111848394913139,-0.020738068326006595
5.838,-0.02111848394913139,-0.020792829088939226
5.841,-0.021642082724729686,-0.02084798559879626
5.844,-0.021642082724729686,-0.020909549802491354
5.847,-0.021642082724729686,-0.020978038256126073
5.85,-0.021642082724729686,-0.02104977108788573
5.853,-0.021642082724729686,-0.021121852594772148
5.856,-0.021642082724729686,-0.021192069280027627
5.859,-0.021642082724729686,-0.021258792114842325
5.862,-0.022165681500327987,-0.021324753174041935
5.865,-0.022165681500327987,-0.02139592193738086
5.868,-0.022165681500327987,-0.021472818111260054
5.871,-0.022165681500327987,-0.021551799589069144
5.874,-0.022165681500327987,-0.021630033653716865
5.877,-0.022165681500327987,-0.021705387122177427
5.88,-0.022165681500327987,-0.021776322089847658
5.883,-0.022514747350726852,-0.021844377864172343
5.886,-0.022514747350726852,-0.02191338955778137
5.889,-0.022514747350726852,-0.021983668015999932
5.892,-0.022514747350726852,-0.022052833462756053
5.895,-0.022514747350726852,-0.022119108138722515
5.898,-0.022514747350726852,-0.022181224863758123
5.901,-0.022514747350726852,-0.022238342378387656
5.904,-0.02303834612632515,-0.022293836616519323
5.907,-0.02303834612632515,-0.02235419239606028
5.91,-0.02303834612632515,-0.0224203317475619
5.913,-0.02303834612632515,-0.022488917012717068
5.916,-0.02303834612632515,-0.022557336457111964
5.919,-0.02303834612632515,-0.022623607845303463
5.922,-0.02303834612632515,-0.022686286473419623
5.925,-0.02356194490192345,-0.0227482475826625
5.928,-0.02356194490192345,-0.02281556827294028
5.931,-0.02356194490192345,-0.022888845645169412
5.934,-0.02356194490192345,-0.0229644897029887
5.937,-0.02356194490192345,-0.023039699062113946
5.94,-0.02356194490192345,-0.02311235513790019
5.943,-0.02356194490192345,-0.023180921460349672
5.946,-0.02408554367752175,-0.023248218137349425
5.949,-0.02408554367752175,-0.023320296636800096
5.952,-0.02408554367752175,-0.023397751631114905
5.955,-0.02408554367752175,-0.023477008421559656
5.958,-0.02408554367752175,-0.02355529395632014
5.961,-0.02408554367752175,-0.023630527063504814
5.964,-0.02408554367752175,-0.023701214488994524
5.967,-0.024434609527920616,-0.02376893327088911
5.97,-0.024434609527920616,-0.023837549872533767
5.973,-0.024434609527920616,-0.02390740070933973
5.976,-0.024434609527920616,-0.023976126421502382
5.979,-0.024434609527920616,-0.024041965141354028
5.982,-0.024434609527920616,-0.024103661668248358
5.985,-0.024434609527920616,-0.024160383391627127
5.988,-0.02495820830351891,-0.02421551210466069
5.991,-0.02495820830351891,-0.024275536188862572
5.994,-0.02495820830351891,-0.024341379386433343
5.997,-0.02495820830351891,-0.02440970429107357
6.0,-0.02495820830351891,-0.024477898302363018
6.003,-0.02495820830351891,-0.0245439774938039
6.006,-0.02495820830351891,-0.024606494892705482
6.009,-0.025656340004316644,-0.0246696125227842
6.012,-0.025656340004316644,-0.024741637013713187
6.015,-0.025656340004316644,-0.02482346755101373
6.018,-0.025656340004316644,-0.02491034080105671
6.021,-0.025656340004316644,-0.024998483566598718
6.024,-0.025656340004316644,-0.02508498749806846
6.027,-0.025656340004316644,-0.025167688210290962
6.03,-0.026179938779914945,-0.025248919594990198
6.033,-0.026179938779914945,-0.02533436908384319
6.036,-0.026179938779914945,-0.02542437103131879
6.039,-0.026179938779914945,-0.02551517702745852
6.042,-0.026179938779914945,-0.025603911337278882
6.045,-0.026179938779914945,-0.025688447181781354
6.048,-0.026179938779914945,-0.025767290473763065
6.051,-0.02652900463031381,-0.025842051509132602
6.054,-0.02652900463031381,-0.02591665496425211
6.057,-0.02652900463031381,-0.025991512734419242
6.06,-0.02652900463031381,-0.026064351846659606
6.063,-0.02652900463031381,-0.026133502565820362
6.066,-0.02652900463031381,-0.026197803472722263
6.069,-0.02652900463031381,-0.026256514221502547
6.072,-0.027052603405912107,-0.02631310498944012
6.075,-0.027052603405912107,-0.026374146977740414
6.078,-0.027052603405912107,-0.026440640067175315
6.081,-0.027052603405912107,-0.026509315656689555
6.084,-0.027052603405912107,-0.02657762233825944
6.087,-0.027052603405912107,-0.026643629777233627
6.09,-0.027052603405912107,-0.026705937226181333
6.093,-0.02775073510670984,-0.026768745963196477
6.096,-0.02775073510670984,-0.026840395408517768
6.099,-0.02775073510670984,-0.026921811651239105
6.102,-0.02775073510670984,-0.02700825298715215
6.105,-0.02775073510670984,-0.027095963196420752
6.108,-0.02775073510670984,-0.027182046865694278
6.111,-0.02775073510670984,-0.027264349089001702
6.114,-0.028448866807507574,-0.02734649975075677
6.117,-0.028448866807507574,-0.027436422819484284
6.12,-0.028448866807507574,-0.027534759858050623
6.123,-0.028448866807507574,-0.027636592658707222
6.126,-0.028448866807507574,-0.027738075902968055
6.129,-0.028448866807507574,-0.027836294213753093
6.132,-0.028448866807507574,-0.02792912591255788
6.135,-0.028623399732707007,-0.02801640532818258
6.138,-0.028623399732707007,-0.028099459911571475
6.141,-0.028623399732707007,-0.0281781350784395
6.144,-0.028623399732707007,-0.02825115320757086
6.147,-0.028623399732707007,-0.028317709395550027
6.15,-0.028623399732707007,-0.02837738219189458
6.153,-0.028623399732707007,-0.028430054350386577
6.156,-0.029321531433504737,-0.028481001238640342
6.159,-0.029321531433504737,-0.028539445294856136
6.162,-0.029321531433504737,-0.028607024155039563
6.165,-0.029321531433504737,-0.028679556171085762
6.168,-0.029321531433504737,-0.02875371336717032
6.171,-0.029321531433504737,-0.028826915629629815
6.174,-0.029321531433504737,-0.028897228101043948
6.177,-0.030019663134302467,-0.028968421739892385
6.18,-0.030019663134302467,-0.02904849733216435
6.183,-0.030019663134302467,-0.02913812209855062
6.186,-0.030019663134302467,-0.029232363806137644
6.189,-0.030019663134302467,-0.029327333332972664
6.192,-0.030019663134302467,-0.02942005013617055
6.195,-0.030019663134302467,-0.029508313043648534
6.198,-0.0307177948351002,-0.029595736610136664
6.201,-0.0307177948351002,-0.029690253465442247
6.204,-0.0307177948351002,-0.029792531831265123
6.207,-0.0307177948351002,-0.029897693064303663
6.21,-0.0307177948351002,-0.030001940060557165
6.213,-0.0307177948351002,-0.030102410813998025
6.216,-0.0307177948351002,-0.03019703936335324
6.219,-0.031066860685499065,-0.030287005317096927
6.222,-0.031066860685499065,-0.03037592281330086
6.225,-0.031066860685499065,-0.030463993801183028
6.228,-0.031066860685499065,-0.03054881810138306
6.231,-0.031066860685499065,-0.030628665483909738
6.234,-0.031066860685499065,-0.030702366579872242
6.237,-0.031066860685499065,-0.03076921330753187
6.24,-0.0317649923862968,-0.030834027175377917
6.243,-0.0317649923862968,-0.030905694393028805
6.246,-0.0317649923862968,-0.030985615803028468
6.249,-0.0317649923862968,-0.03106945561651106
6.252,-0.0317649923862968,-0.03115379915819915
6.255,-0.0317649923862968,-0.031236033489724185
6.258,-0.0317649923862968,-0.03131423288952872
6.261,-0.03246312408709453,-0.03139220910763641
6.264,-0.03246312408709453,-0.03147802660132783
6.267,-0.03246312408709453,-0.03157243178904244
6.27,-0.03246312408709453,-0.03167058110850012
6.273,-0.03246312408709453,-0.031768678695474034
6.276,-0.03246312408709453,-0.03186383799899189
6.279,-0.03246312408709453,-0.03195394961989486
6.282,-0.033161255787892266,-0.03204271548550116
6.285,-0.033161255787892266,-0.03213814966823107
6.288,-0.033161255787892266,-0.03224099491383661
6.291,-0.033161255787892266,-0.032346439636796294
6.294,-0.033161255787892266,-0.032450746128530994
6.297,-0.033161255787892266,-0.03255110419331742
6.3,-0.033161255787892266,-0.03264549237798951
6.303,-0.033510321638291124,-0.03273512792798064
6.306,-0.033510321638291124,-0.03282365627818995
6.309,-0.033510321638291124,-0.032911304925913765
6.312,-0.033510321638291124,-0.03299569411095785
6.315,-0.033510321638291124,-0.0330751095167537
6.318,-0.033510321638291124,-0.0331483937893783
6.321,-0.033510321638291124,-0.03321484754086572
6.324,-0.03420845333908886,-0.03327929818963655
6.327,-0.03420845333908886,-0.03335063556251051
6.33,-0.03420845333908886,-0.03343026226791785
6.333,-0.03420845333908886,-0.03351384282212339
6.336,-0.03420845333908886,-0.033597961734548744
6.339,-0.03420845333908886,-0.03368000442313833
6.342,-0.03420845333908886,-0.03375804294094419
6.345,-0.03508111796508603,-0.03383717585965204
6.348,-0.03508111796508603,-0.033927697201041336
6.351,-0.03508111796508603,-0.03403065549850566
6.354,-0.03508111796508603,-0.03414003387861327
6.357,-0.03508111796508603,-0.03425106468630208
6.36,-0.03508111796508603,-0.03436007162410597
6.363,-0.03508111796508603,-0.03446431739276814
6.366,-0.03577924966588375,-0.034567017715526026
6.369,-0.03577924966588375,-0.03467582263802126
6.372,-0.03577924966588375,-0.03479121459522079
6.375,-0.03577924966588375,-0.03490820829558753
6.378,-0.03577924966588375,-0.03502296335094359
6.381,-0.03577924966588375,-0.0351326239606775
6.384,-0.03577924966588375,-0.035235167839664086
6.387,-0.03630284844148206,-0.03533313491528208
6.39,-0.03630284844148206,-0.03543246121156249
6.393,-0.03630284844148206,-0.03553375470829621
6.396,-0.03630284844148206,-0.035633551581140774
6.399,-0.03630284844148206,-0.03572926060994931
6.402,-0.03630284844148206,-0.0358190310688906
6.405,-0.03630284844148206,-0.03590163032811325
6.408,-0.03700098014227979,-0.03598149015698416
6.411,-0.03700098014227979,-0.036067221112637306
6.414,-0.03700098014227979,-0.036160043333765664
6.417,-0.03700098014227979,-0.036255517909286404
6.42,-0.03700098014227979,-0.036350189117026456
6.423,-0.03700098014227979,-0.036441451414665545
6.426,-0.03700098014227979,-0.036527423115899446
6.429,-0.03787364476827695,-0.03661327600548319
6.432,-0.03787364476827695,-0.036709395661443225
6.435,-0.03787364476827695,-0.036816933424192747
6.438,-0.03787364476827695,-0.03692998074936617
6.441,-0.03787364476827695,-0.03704387931113393
6.444,-0.03787364476827695,-0.03715505967140423
6.447,-0.03787364476827695,-0.03726088635325908
6.45,-0.03874630939427412,-0.037365959484734174
6.453,-0.03874630939427412,-0.03748024845680648
6.456,-0.03874630939427412,-0.03760461901071
6.459,-0.03874630939427412,-0.03773298480041962
6.462,-0.03874630939427412,-0.037860596970379225
6.465,-0.03874630939427412,-0.03798386462882087
6.468,-0.03874630939427412,-0.03810018403558518
6.471,-0.039095375244672985,-0.038210358315859665
6.474,-0.039095375244672985,-0.038317758971650594
6.477,-0.039095375244672985,-0.03842245432388317
6.48,-0.039095375244672985,-0.038521997452271535
6.483,-0.039095375244672985,-0.03861467887533167
6.486,-0.039095375244672985,-0.0386994007088037
6.489,-0.039095375244672985,-0.03877556284563993
6.492,-0.039968039870670144,-0.03884940876552104
6.495,-0.039968039870670144,-0.038932204380997246
6.498,-0.039968039870670144,-0.039025809755489166
6.501,-0.039968039870670144,-0.0391248735534071
6.504,-0.039968039870670144,-0.039225162911926445
6.507,-0.039968039870670144,-0.03932342104427869
6.51,-0.039968039870670144,-0.039417230052916856
6.513,-0.04084070449666731,-0.03951132888006269
6.516,-0.04084070449666731,-0.03961576170030591
6.519,-0.04084070449666731,-0.039731418110929756
6.522,-0.04084070449666731,-0.039852196168789294
6.525,-0.04084070449666731,-0.039973301864218894
6.528,-0.04084070449666731,-0.040091077997301106
6.531,-0.04084070449666731,-0.040202840384195436
6.534,-0.041713369122664476,-0.04031317160026023
6.537,-0.041713369122664476,-0.040432047706179794
6.54,-0.041713369122664476,-0.040560359345374865
6.543,-0.041713369122664476,-0.04069205821027699
6.546,-0.041713369122664476,-0.040822442354415116
6.549,-0.041713369122664476,-0.040947973158085495
6.552,-0.041713369122664476,-0.041066101688897086
6.555,-0.04223696789826278,-0.04117897561332417
6.558,-0.04223696789826278,-0.04129225253409674
6.561,-0.04223696789826278,-0.04140635685220462
6.564,-0.04223696789826278,-0.0415177187503454
6.567,-0.04223696789826278,-0.04162370317876923
6.57,-0.04223696789826278,-0.04172246417420069
6.573,-0.04223696789826278,-0.0418128106999024
6.576,-0.04310963252425994,-0.04190053233559314
6.579,-0.04310963252425994,-0.04199655876618907
6.582,-0.04310963252425994,-0.04210251329436062
6.585,-0.04310963252425994,-0.04221289049966932
6.588,-0.04310963252425994,-0.04232337089174975
6.591,-0.04310963252425994,-0.04243066494108885
6.594,-0.04310963252425994,-0.04253236397318639
6.597,-0.044156830075456545,-0.042634537234267425
6.6,-0.044156830075456545,-0.042749525033762725
6.603,-0.044156830075456545,-0.0428786012534877
6.606,-0.044156830075456545,-0.0430145822491603
6.609,-0.044156830075456545,-0.043151798305835445
6.612,-0.044156830075456545,-0.043285899128404616
6.615,-0.044156830075456545,-0.04341366685849707
6.618,-0.045029494701453704,-0.043539287462840574
6.621,-0.045029494701453704,-0.04367245640029791
6.624,-0.045029494701453704,-0.04381388026832211
6.627,-0.045029494701453704,-0.04395740561662729
6.63,-0.045029494701453704,-0.04409828849660551
6.633,-0.045029494701453704,-0.04423299756809044
6.636,-0.045029494701453704,-0.04435902845902339
6.639,-0.045553093477052,-0.04447860044444802
6.642,-0.045553093477052,-0.04459746119915452
6.645,-0.045553093477052,-0.04471613658236563
6.648,-0.045553093477052,-0.044831163899935904
6.651,-0.045553093477052,-0.04494001636978344
6.654,-0.045553093477052,-0.04504095396763769
6.657,-0.045553093477052,-0.045132886693357056
6.66,-0.0466002910282486,-0.04522298787136582
6.663,-0.0466002910282486,-0.045324505986930226
6.666,-0.0466002910282486,-0.04543944720768707
6.669,-0.0466002910282486,-0.04556120470933846
6.672,-0.0466002910282486,-0.04568455026503815
6.675,-0.0466002910282486,-0.04580545905403886
6.678,-0.0466002910282486,-0.04592094080515837
6.681,-0.047647488579445195,-0.0460366172933027
6.684,-0.047647488579445195,-0.04616449662915269
6.687,-0.047647488579445195,-0.046305618017744195
6.69,-0.047647488579445195,-0.0464526442725471
6.693,-0.047647488579445195,-0.04659981840489181
6.696,-0.047647488579445195,-0.04674275584535167
6.699,-0.047647488579445195,-0.04687824579864127
6.702,-0.04852015320544237,-0.0470105125373742
6.705,-0.04852015320544237,-0.04714931246536117
6.708,-0.04852015320544237,-0.047295428548902785
6.711,-0.04852015320544237,-0.0474427931850126
6.714,-0.04852015320544237,-0.04758675294714369
6.717,-0.04852015320544237,-0.047723867898923536
6.72,-0.04852015320544237,-0.047851723041841036
6.723,-0.04921828490624009,-0.04797391226253905
6.726,-0.04921828490624009,-0.04809849509785185
6.729,-0.04921828490624009,-0.04822637520861091
6.732,-0.04921828490624009,-0.04835298500963605
6.735,-0.04921828490624009,-0.048474886797476885
6.738,-0.04921828490624009,-0.048589604127151804
6.741,-0.04921828490624009,-0.04869546510874659
6.744,-0.050265482457436686,-0.04879919594730059
6.747,-0.050265482457436686,-0.048913713761630555
6.75,-0.050265482457436686,-0.04904079121578482
6.753,-0.050265482457436686,-0.04917366934110541
6.756,-0.050265482457436686,-0.04930703416456038
6.759,-0.050265482457436686,-0.049436828172126815
6.762,-0.050265482457436686,-0.04956006973073657
6.765,-0.05131268000863329,-0.049682420445090344
6.768,-0.05131268000863329,-0.049815950810797635
6.771,-0.05131268000863329,-0.04996177773531245
6.774,-0.05131268000863329,-0.05011265109260359
6.777,-0.05131268000863329,-0.050262905501826174
6.78,-0.05131268000863329,-0.05040824875406568
6.783,-0.05131268000863329,-0.05054556025784619
6.786,-0.05235987755982989,-0.05068043960689264
6.789,-0.05235987755982989,-0.05082495566373266
6.792,-0.05235987755982989,-0.05098026968946228
6.795,-0.05235987755982989,-0.05113920958993513
6.798,-0.05235987755982989,-0.051296211334297626
6.801,-0.05235987755982989,-0.05144709881015011
6.804,-0.05235987755982989,-0.0515888753115934
6.807,-0.05305800926062762,-0.051724687735479835
6.81,-0.05305800926062762,-0.05186226433779353
6.813,-0.05305800926062762,-0.052002275325373694
6.816,-0.05305800926062762,-0.052140000989417644
6.819,-0.05305800926062762,-0.05227191787845704
6.822,-0.05305800926062762,-0.052395516835284275
6.825,-0.05305800926062762,-0.05250913457668448
6.828,-0.054105206811824215,-0.05261953709752192
6.831,-0.054105206811824215,-0.05273970385624423
6.834,-0.054105206811824215,-0.052871485171304904
6.837,-0.054105206811824215,-0.05300820908588496
6.84,-0.054105206811824215,-0.05314465318706299
6.843,-0.054105206811824215,-0.05327685227574361
6.846,-0.054105206811824215,-0.053401914880050826
6.849,-0.055326937288220246,-0.053526877886696654
6.852,-0.055326937288220246,-0.053666124214738764
6.855,-0.055326937288220246,-0.05382114903511525
6.858,-0.055326937288220246,-0.05398359770325999
6.861,-0.055326937288220246,-0.05414689421045029
6.864,-0.055326937288220246,-0.05430601015176423
6.867,-0.055326937288220246,-0.054457243211679815
6.87,-0.056548667764616284,-0.05460703540437142
6.873,-0.056548667764616284,-0.05476935667710198
6.876,-0.056548667764616284,-0.05494543983192691
6.879,-0.056548667764616284,-0.055126790194854676
6.882,-0.056548667764616284,-0.055306788947666684
6.885,-0.056548667764616284,-0.05548044011071873
6.888,-0.056548667764616284,-0.05564413007786066
6.891,-0.057246799465414014,-0.055800561503218195
6.894,-0.057246799465414014,-0.05595716289436719
6.897,-0.057246799465414014,-0.05611442350609603
6.9,-0.057246799465414014,-0.05626753841103824
6.903,-0.057246799465414014,-0.05641297429622493
6.906,-0.057246799465414014,-0.05654826976972042
6.909,-0.057246799465414014,-0.05667185174732597
6.912,-0.05846852994181004,-0.05679189546696533
6.915,-0.05846852994181004,-0.056923751578438674
6.918,-0.05846852994181004,-0.05706972456918643
6.921,-0.05846852994181004,-0.05722212466536789
6.924,-0.05846852994181004,-0.057374911179678766
6.927,-0.05846852994181004,-0.05752347664163926
6.93,-0.05846852994181004,-0.05766444019973604
6.933,-0.05969026041820607,-0.057804480150448666
6.936,-0.05969026041820607,-0.05795773093044858
6.939,-0.05969026041820607,-0.0581255303467462
6.942,-0.05969026041820607,-0.05829944036856892
6.945,-0.05969026041820607,-0.05847286035104804
6.948,-0.05969026041820607,-0.05864078268107715
6.951,-0.05969026041820607,-0.05879955978434412
6.954,-0.061086523819801536,-0.05895700205279533
6.957,-0.061086523819801536,-0.059129406853109134
6.96,-0.061086523819801536,-0.059318416466391743
6.963,-0.061086523819801536,-0.059514474333886104
6.966,-0.061086523819801536,-0.05971010107090582
6.969,-0.061086523819801536,-0.0598996187351368
6.972,-0.061086523819801536,-0.060078887801255615
6.975,-0.061784655520599266,-0.060250219271420526
6.978,-0.061784655520599266,-0.0604207637321888
6.981,-0.061784655520599266,-0.06059082726237648
6.984,-0.061784655520599266,-0.06075549925843426
6.987,-0.061784655520599266,-0.06091120281973368
6.99,-0.061784655520599266,-0.06105548149475145
6.993,-0.061784655520599266,-0.06118680391624313
6.996,-0.06300638599699529,-0.061313413787688995
6.999,-0.06300638599699529,-0.06145074855284046
7.002,-0.06300638599699529,-0.06160121087334668
7.005,-0.06300638599699529,-0.06175721490704693
7.008,-0.06300638599699529,-0.06191282520755476
7.011,-0.06300638599699529,-0.06206353743142234
7.014,-0.06300638599699529,-0.06220606919827009
7.017,-0.06440264939859076,-0.06234848024719149
7.02,-0.06440264939859076,-0.06250722178153179
7.023,-0.06440264939859076,-0.06268401270391306
7.026,-0.06440264939859076,-0.0628693120637444
7.029,-0.06440264939859076,-0.06305560920131208
7.032,-0.06440264939859076,-0.06323716015246224
7.035,-0.06440264939859076,-0.06340973488399097
7.038,-0.06597344572538566,-0.06358198505401959
7.041,-0.06597344572538566,-0.06377210767467542
7.044,-0.06597344572538566,-0.06398181495442004
7.047,-0.06597344572538566,-0.06420022605610178
7.05,-0.06597344572538566,-0.06441880509468384
7.053,-0.06597344572538566,-0.06463105258725972
7.056,-0.06597344572538566,-0.06483221051451497
7.059,-0.06667157742618339,-0.06502414414980826
7.062,-0.06667157742618339,-0.06521370297104949
7.065,-0.06667157742618339,-0.06540101088070224
7.068,-0.06667157742618339,-0.06558107097195956
7.071,-0.06667157742618339,-0.06575029553627341
7.074,-0.06667157742618339,-0.06590627507414763
7.077,-0.06667157742618339,-0.06604756772946709
7.08,-0.06806784082777885,-0.06618382587659115
7.083,-0.06806784082777885,-0.06633285768338754
7.086,-0.06806784082777885,-0.06649751960691004
7.089,-0.06806784082777885,-0.0666692076966903
7.092,-0.06806784082777885,-0.06684116801189625
7.095,-0.06806784082777885,-0.0670082537783261
7.098,-0.06806784082777885,-0.06716669312748134
7.101,-0.06963863715457375,-0.06732547656554293
7.104,-0.06963863715457375,-0.06750303915729887
7.107,-0.06963863715457375,-0.06770124743899283
7.11,-0.06963863715457375,-0.06790930663865499
7.113,-0.06963863715457375,-0.06811871245554656
7.116,-0.06963863715457375,-0.06832295460596892
7.119,-0.06963863715457375,-0.06851723234033823
7.122,-0.07120943348136864,-0.06870979229035912
7.125,-0.07120943348136864,-0.06891856447590075
7.128,-0.07120943348136864,-0.06914510702632648
7.131,-0.07120943348136864,-0.06937847548851446
7.134,-0.07120943348136864,-0.069610141070186
7.137,-0.07120943348136864,-0.0698336649702613
7.14,-0.07120943348136864,-0.07004438883121132
7.143,-0.07190756518216639,-0.07024430430089788
7.146,-0.07190756518216639,-0.07044040382153469
7.149,-0.07190756518216639,-0.07063296265742525
7.152,-0.07190756518216639,-0.07081713717990303
7.155,-0.07190756518216639,-0.07098948988698947
7.158,-0.07190756518216639,-0.07114775470993856
7.161,-0.07190756518216639,-0.07129062382942768
7.164,-0.0736528944341607,-0.07143045139600268
7.167,-0.0736528944341607,-0.07158962117451127
7.17,-0.0736528944341607,-0.07177169800289061
7.173,-0.0736528944341607,-0.07196582301015177
7.176,-0.0736528944341607,-0.0721633781937006
7.179,-0.0736528944341607,-0.07235770518776279
7.182,-0.0736528944341607,-0.07254383337855558
7.185,-0.07522369076095561,-0.07272982798040481
7.188,-0.07522369076095561,-0.07293343416671551
7.191,-0.07522369076095561,-0.07315602807384598
7.194,-0.07522369076095561,-0.0733864908048723
7.197,-0.07522369076095561,-0.0736161300225794
7.2,-0.07522369076095561,-0.07383835650632789
7.203,-0.07522369076095561,-0.07404837591057103
7.206,-0.07696902001294993,-0.07425579543728293
7.209,-0.07696902001294993,-0.07448089578592994
7.212,-0.07696902001294993,-0.07472569077555521
7.215,-0.07696902001294993,-0.07497823637513717
7.218,-0.07696902001294993,-0.07522921593834528
7.221,-0.07696902001294993,-0.0754715871821439
7.224,-0.07696902001294993,-0.07570024638013276
7.227,-0.0778416846389471,-0.075918162696654
7.23,-0.0778416846389471,-0.07613435980438976
7.233,-0.0778416846389471,-0.07634930704191584
7.236,-0.0778416846389471,-0.07655695132109723
7.239,-0.0778416846389471,-0.07675290296827578
7.242,-0.0778416846389471,-0.07693416763822288
7.245,-0.0778416846389471,-0.07709890110718703
7.248,-0.07958701389094143,-0.07725908295846955
7.251,-0.07958701389094143,-0.07743685659233693
7.254,-0.07958701389094143,-0.07763565569322997
7.257,-0.07958701389094143,-0.07784457720558709
7.26,-0.07958701389094143,-0.0780550264181823
7.263,-0.07958701389094143,-0.07826041890732283
7.266,-0.07958701389094143,-0.0784558943537618
7.269,-0.08133234314293576,-0.07865094208960952
7.272,-0.08133234314293576,-0.07886568894254266
7.275,-0.08133234314293576,-0.07910197201491281
7.278,-0.08133234314293576,-0.07934765839971344
7.281,-0.08133234314293576,-0.07959323890479525
7.284,-0.08133234314293576,-0.0798314815991167
7.287,-0.08133234314293576,-0.08005710091743701
7.29,-0.08325220532012953,-0.08028063204371581
7.293,-0.08325220532012953,-0.08052433603448932
7.296,-0.08325220532012953,-0.08079037039435177
7.299,-0.08325220532012953,-0.08106553310191641
7.302,-0.08325220532012953,-0.08133950965595722
7.305,-0.08325220532012953,-0.08160448733039928
7.308,-0.08325220532012953,-0.08185478774958524
7.311,-0.0841248699461267,-0.0820929713798168
7.314,-0.0841248699461267,-0.08232779153716989
7.317,-0.0841248699461267,-0.0825595604499861
7.32,-0.0841248699461267,-0.08278215872612252
7.323,-0.0841248699461267,-0.08299120143712277
7.326,-0.0841248699461267,-0.08318375290045713
7.329,-0.0841248699461267,-0.08335806684458427
7.332,-0.08604473212332044,-0.08352753722765444
7.335,-0.08604473212332044,-0.08371668162693129
7.338,-0.08604473212332044,-0.08392938916036474
7.341,-0.08604473212332044,-0.08415373887301093
7.344,-0.08604473212332044,-0.08438031667455981
7.347,-0.08604473212332044,-0.08460189402003156
7.35,-0.08604473212332044,-0.08481311884832086
7.353,-0.0879645943005142,-0.08502440864297194
7.356,-0.0879645943005142,-0.08525787127938524
7.359,-0.0879645943005142,-0.0855154886122662
7.362,-0.0879645943005142,-0.08578387106571281
7.365,-0.0879645943005142,-0.0860525130688621
7.368,-0.0879645943005142,-0.08631341379790383
7.371,-0.0879645943005142,-0.08656071459916882
7.374,-0.09005898940290741,-0.08680583290519069
7.377,-0.09005898940290741,-0.08707299324117769
7.38,-0.09005898940290741,-0.0873645023546549
7.383,-0.09005898940290741,-0.08766592270487063
7.386,-0.09005898940290741,-0.08796597661136615
7.389,-0.09005898940290741,-0.0882561238418808
7.392,-0.09005898940290741,-0.08853015932502807
7.395,-0.09093165402890457,-0.08879028518243434
7.398,-0.09093165402890457,-0.08904503506483522
7.401,-0.09093165402890457,-0.08929461354069648
7.404,-0.09093165402890457,-0.08953288195875418
7.407,-0.09093165402890457,-0.08975550396019658
7.41,-0.09093165402890457,-0.08995964260428964
7.413,-0.09093165402890457,-0.09014368561676173
7.416,-0.09302604913129776,-0.09032247324119531
7.419,-0.09302604913129776,-0.09052292505371921
7.422,-0.09302604913129776,-0.09074940949458965
7.425,-0.09302604913129776,-0.0909890078998566
7.428,-0.09302604913129776,-0.09123150357990754
7.431,-0.09302604913129776,-0.09146903755744323
7.434,-0.09302604913129776,-0.09169577696229618
7.437,-0.09529497715889039,-0.09192436536600841
7.44,-0.09529497715889039,-0.09218113048801235
7.443,-0.09529497715889039,-0.09246850857656831
7.446,-0.09529497715889039,-0.0927706860818876
7.449,-0.09529497715889039,-0.09307519393567149
7.452,-0.09529497715889039,-0.09337247619388461
7.455,-0.09529497715889039,-0.09365547575205911
7.458,-0.0973893722612836,-0.09393471837945018
7.461,-0.0973893722612836,-0.09423379670689967
7.464,-0.0973893722612836,-0.09455460190587428
7.467,-0.0973893722612836,-0.09488245772600806
7.47,-0.0973893722612836,-0.09520598940010397
7.473,-0.0973893722612836,-0.09551667023184648
7.476,-0.0973893722612836,-0.09580839245295288
7.479,-0.09861110273767963,-0.09608609519462782
7.482,-0.09861110273767963,-0.09636297665286801
7.485,-0.09861110273767963,-0.09664007696567889
7.488,-0.09861110273767963,-0.0969091550864808
7.491,-0.09861110273767963,-0.09716417788985783
7.494,-0.09861110273767963,-0.09740097043255687
7.497,-0.09861110273767963,-0.0976168949429776
7.5,-0.10088003076527226,-0.0978273236654335
7.503,-0.10088003076527226,-0.09806087747634752
7.506,-0.10088003076527226,-0.09832188665315506
7.509,-0.10088003076527226,-0.0985960720279692
7.512,-0.10088003076527226,-0.09887217993394029
7.515,-0.10088003076527226,-0.09914159121566664
7.518,-0.10088003076527226,-0.09939794589158174
7.521,-0.10314895879286488,-0.09965355332730123
7.524,-0.10314895879286488,-0.09993456368453822
7.527,-0.10314895879286488,-0.10024336008655792
7.53,-0.10314895879286488,-0.10056417210301714
7.533,-0.10314895879286488,-0.10088464573831424
7.536,-0.10314895879286488,-0.10119539146611352
7.539,-0.10314895879286488,-0.10148955274756503
7.542,-0.10559241974565693,-0.10178045481971024
7.545,-0.10559241974565693,-0.10209638442521292
7.548,-0.10559241974565693,-0.10244007197232767
7.551,-0.10559241974565693,-0.10279472266878106
7.554,-0.10559241974565693,-0.1031472342359931
7.557,-0.10559241974565693,-0.1034877010318853
7.56,-0.10559241974565693,-0.10380894229804062
7.563,-0.10681415022205297,-0.10411508866996351
7.566,-0.10681415022205297,-0.1044187549804874
7.569,-0.10681415022205297,-0.10472058653554342
7.572,-0.10681415022205297,-0.10501210256802754
7.575,-0.10681415022205297,-0.10528715533255881
7.578,-0.10681415022205297,-0.10554155383574475
7.581,-0.10681415022205297,-0.10577271972690964
7.584,-0.10925761117484503,-0.10599742976128494
7.587,-0.10925761117484503,-0.10624669123138288
7.59,-0.10925761117484503,-0.10652531854262204
7.593,-0.10925761117484503,-0.10681805499430674
7.596,-0.10925761117484503,-0.10711287559489314
7.599,-0.10925761117484503,-0.10740056955127508
7.602,-0.10925761117484503,-0.10767433944259269
7.605,-0.1117010721276371,-0.10794747686771408
7.608,-0.1117010721276371,-0.10824816535174546
7.611,-0.1117010721276371,-0.10857898219619991
7.614,-0.1117010721276371,-0.1089229460684449
7.617,-0.1117010721276371,-0.10926674822413704
7.62,-0.1117010721276371,-0.10960026749656515
7.623,-0.1117010721276371,-0.10991610707930623
7.626,-0.11431906600562858,-0.11022850293719681
7.629,-0.11431906600562858,-0.11056772961586397
7.632,-0.11431906600562858,-0.11093668722800577
7.635,-0.11431906600562858,-0.11131736237222979
7.638,-0.11431906600562858,-0.11169570329926952
7.641,-0.11431906600562858,-0.11206108772828947
7.644,-0.11431906600562858,-0.1124058165897631
7.647,-0.11571532940722405,-0.11273495784619618
7.65,-0.11571532940722405,-0.11306314347897387
7.653,-0.11571532940722405,-0.1133912190664375
7.656,-0.11571532940722405,-0.11370951582704969
7.659,-0.11571532940722405,-0.11401096625564104
7.662,-0.11571532940722405,-0.1142906908805325
7.665,-0.11571532940722405,-0.11454561918858537
7.668,-0.11850785621041497,-0.11479477853113311
7.671,-0.11850785621041497,-0.11507344711376712
7.674,-0.11850785621041497,-0.1153869635042139
7.677,-0.11850785621041497,-0.11571772896253218
7.68,-0.11850785621041497,-0.11605184376950305
7.683,-0.11850785621041497,-0.11637863335877793
7.686,-0.11850785621041497,-0.11669019246712536
7.689,-0.1213003830136059,-0.11700158724677999
7.692,-0.1213003830136059,-0.11734491640374248
7.695,-0.1213003830136059,-0.11772302772020966
7.698,-0.1213003830136059,-0.11811642928440436
7.701,-0.1213003830136059,-0.1185098388450038
7.704,-0.1213003830136059,-0.118891628679102
7.707,-0.1213003830136059,-0.11925329522402063
7.71,-0.12409290981679684,-0.11960959400584517
7.713,-0.12409290981679684,-0.11999254115982902
7.716,-0.12409290981679684,-0.12040507785324361
7.719,-0.12409290981679684,-0.12082793667554702
7.722,-0.12409290981679684,-0.1212461530019299
7.725,-0.12409290981679684,-0.12164847820396626
7.728,-0.12409290981679684,-0.12202682337852276
7.731,-0.1254891732183923,-0.12238605812607747
7.734,-0.1254891732183923,-0.12274076760883867
7.737,-0.1254891732183923,-0.12309186727077974
7.74,-0.1254891732183923,-0.12342984491089465
7.743,-0.1254891732183923,-0.12374785095431831
7.746,-0.1254891732183923,-0.12404126409744348
7.749,-0.1254891732183923,-0.12430729498083871
7.752,-0.12845623294678266,-0.12456655071353012
7.755,-0.12845623294678266,-0.12485683061634725
7.758,-0.12845623294678266,-0.12518405725297418
7.761,-0.12845623294678266,-0.12552972476612864
7.764,-0.12845623294678266,-0.1258792080375764
7.767,-0.12845623294678266,-0.12622126679874127
7.77,-0.12845623294678266,-0.12654756830661845
7.773,-0.13159782560037245,-0.1268754478804836
7.776,-0.13159782560037245,-0.1272412580774754
7.779,-0.13159782560037245,-0.12764832717311891
7.782,-0.13159782560037245,-0.12807475859395112
7.785,-0.13159782560037245,-0.12850332016839353
7.788,-0.13159782560037245,-0.12892083786578482
7.791,-0.13159782560037245,-0.1293176145994717
7.794,-0.13456488532876282,-0.12970880548097738
7.797,-0.13456488532876282,-0.1301280265384809
7.8,-0.13456488532876282,-0.13057810595814606
7.803,-0.13456488532876282,-0.13103836344847195
7.806,-0.13456488532876282,-0.13149276365262008
7.809,-0.13456488532876282,-0.13192927917547878
7.812,-0.13456488532876282,-0.1323392875024469
7.815,-0.1361356816555577,-0.13272861634150604
7.818,-0.1361356816555577,-0.13311391562191396
7.821,-0.1361356816555577,-0.13349636769102202
7.824,-0.1361356816555577,-0.1338653514609385
7.827,-0.1361356816555577,-0.1342131838942376
7.83,-0.1361356816555577,-0.13453464441109175
7.833,-0.1361356816555577,-0.1348265402657695
7.836,-0.13945180723434694,-0.13511181499205194
7.839,-0.13945180723434694,-0.1354326198735317
7.842,-0.13945180723434694,-0.13579547665467812
7.845,-0.13945180723434694,-0.13617960565170004
7.848,-0.13945180723434694,-0.1365685680375006
7.851,-0.13945180723434694,-0.1369497135123901
7.854,-0.13945180723434694,-0.1373136481085076
7.857,-0.14259339988793673,-0.13767694266988603
7.86,-0.14259339988793673,-0.13807543365141475
7.863,-0.14259339988793673,-0.1385121374522822
7.866,-0.14259339988793673,-0.13896501022417146
7.869,-0.14259339988793673,-0.13941680210971466
7.872,-0.14259339988793673,-0.13985442051281988
7.875,-0.14259339988793673,-0.1402683227905281
7.878,-0.14590952546672595,-0.14067644833070597
7.881,-0.14590952546672595,-0.14111711606426816
7.884,-0.14590952546672595,-0.14159402019224923
7.887,-0.14590952546672595,-0.14208440155351412
7.89,-0.14590952546672595,-0.1425705455902758
7.893,-0.14590952546672595,-0.1430390994167887
7.896,-0.14590952546672595,-0.14348042331810792
7.899,-0.1476548547187203,-0.1439008818478402
7.902,-0.1476548547187203,-0.14431882831073817
7.905,-0.1476548547187203,-0.14473540679788924
7.908,-0.1476548547187203,-0.1451386339767725
7.911,-0.1476548547187203,-0.14551978689016468
7.914,-0.1476548547187203,-0.1458728810100919
7.917,-0.1476548547187203,-0.1461941921912002
7.92,-0.15114551322270894,-0.1465076146294647
7.923,-0.15114551322270894,-0.14685734980260048
7.926,-0.15114551322270894,-0.14725016679313685
7.929,-0.15114551322270894,-0.1476641542448064
7.932,-0.15114551322270894,-0.14808201530556564
7.935,-0.15114551322270894,-0.1484904752110997
7.938,-0.15114551322270894,-0.14887971168688904
7.941,-0.15463617172669758,-0.1492686080217383
7.944,-0.15463617172669758,-0.14969733007744288
7.947,-0.15463617172669758,-0.1501694726282217
7.95,-0.15463617172669758,-0.1506606991398976
7.953,-0.15463617172669758,-0.15115192922512846
7.956,-0.15463617172669758,-0.15162864548347796
7.959,-0.15463617172669758,-0.15208023126859757
7.962,-0.1583013631558857,-0.15252642945762146
7.965,-0.1583013631558857,-0.15300949851265763
7.968,-0.1583013631558857,-0.15353342325718664
7.971,-0.1583013631558857,-0.15407295029541193
7.974,-0.1583013631558857,-0.15460840453489175
7.977,-0.1583013631558857,-0.15512493655695558
7.98,-0.1583013631558857,-0.155611807373686
7.983,-0.16004669240788003,-0.15607461700565534
7.986,-0.16004669240788003,-0.15653123150418588
7.989,-0.16004669240788003,-0.1569825330738915
7.992,-0.16004669240788003,-0.15741645570513274
7.995,-0.16004669240788003,-0.1578243325580632
7.998,-0.16004669240788003,-0.15820033916540036
8.001,-0.16004669240788003,-0.15854098579763376
8.004,-0.1637118838370681,-0.1588717401361873
8.007,-0.1637118838370681,-0.15923934947535265
8.01,-0.1637118838370681,-0.15965121443121663
8.013,-0.1637118838370681,-0.1600845800379154
8.016,-0.1637118838370681,-0.16052149782626035
8.019,-0.1637118838370681,-0.16094820674827925
8.022,-0.1637118838370681,-0.1613545384099962
8.025,-0.16755160819145562,-0.16176172570063652
8.028,-0.16755160819145562,-0.16221426568433414
8.031,-0.16755160819145562,-0.16271630634892553
8.034,-0.16755160819145562,-0.1632411735464253
8.037,-0.16755160819145562,-0.16376789771990374
8.04,-0.16755160819145562,-0.1642804693253431
8.043,-0.16755160819145562,-0.1647671257446377
8.046,-0.17139133254584316,-0.16524805055664152
8.049,-0.17139133254584316,-0.1657671371208496
8.052,-0.17139133254584316,-0.16632828659949164
8.055,-0.17139133254584316,-0.16690485684409997
8.058,-0.17139133254584316,-0.16747612149546592
8.061,-0.17139133254584316,-0.1680264677104105
8.064,-0.17139133254584316,-0.16854463464129735
8.067,-0.1733111947230369,-0.1690371890888965
8.07,-0.1733111947230369,-0.16952406794528743
8.073,-0.1733111947230369,-0.17000642423524637
8.076,-0.1733111947230369,-0.1704710852221931
8.079,-0.1733111947230369,-0.17090855136314656
8.082,-0.1733111947230369,-0.17131239858600422
8.085,-0.1733111947230369,-0.17167873262824304
8.088,-0.1773254520026239,-0.17203535586075597
8.091,-0.1773254520026239,-0.17243336540877652
8.094,-0.1773254520026239,-0.1728807586986504
8.097,-0.1773254520026239,-0.17335250445591252
8.1,-0.1773254520026239,-0.17382883800888302
8.103,-0.1773254520026239,-0.17429458584976135
8.106,-0.1773254520026239,-0.17473851605216148
8.109,-0.18133970928221085,-0.175182384306767
8.112,-0.18133970928221085,-0.17567240199028256
8.115,-0.18133970928221085,-0.17621270845510578
8.118,-0.18133970928221085,-0.1767753102696229
8.121,-0.18133970928221085,-0.17733824979840904
8.124,-0.18133970928221085,-0.17788481061518777
8.127,-0.18133970928221085,-0.17840275805686115
8.13,-0.1853539665617978,-0.17891328570648182
8.133,-0.1853539665617978,-0.17946239469642492
8.136,-0.1853539665617978,-0.1800542880626396
8.139,-0.1853539665617978,-0.18066124259289654
8.142,-0.1853539665617978,-0.18126172002838403
8.145,-0.1853539665617978,-0.1818395244124023
8.148,-0.1853539665617978,-0.18238300308730265
8.151,-0.187448361664191,-0.1828997775993572
8.154,-0.187448361664191,-0.1834119090273296
8.157,-0.187448361664191,-0.18392084664551672
8.16,-0.187448361664191,-0.18441231442798717
8.163,-0.187448361664191,-0.18487596673221243
8.166,-0.187448361664191,-0.18530475407260533
8.169,-0.187448361664191,-0.18569434316379796
8.172,-0.19146261894377797,-0.18607225214272996
8.175,-0.19146261894377797,-0.18648942007118113
8.178,-0.19146261894377797,-0.18695378697974907
8.181,-0.19146261894377797,-0.18744034248727554
8.184,-0.19146261894377797,-0.18792940176411538
8.187,-0.19146261894377797,-0.18840591363614154
8.19,-0.19146261894377797,-0.18885879722523152
8.193,-0.19547687622336493,-0.1893099766541104
8.196,-0.19547687622336493,-0.18980583998055045
8.199,-0.19547687622336493,-0.19035070429310402
8.202,-0.19547687622336493,-0.190916749446719
8.205,-0.19547687622336493,-0.19148218258619945
8.208,-0.19547687622336493,-0.19203044072397338
8.211,-0.19547687622336493,-0.19254942947212741
8.214,-0.19949113350295186,-0.1930604685281164
8.217,-0.19949113350295186,-0.19360967063764015
8.22,-0.19949113350295186,-0.19420133611850948
8.223,-0.19949113350295186,-0.19480782526145907
8.226,-0.19949113350295186,-0.1954076703593487
8.229,-0.19949113350295186,-0.19598473406827008
8.232,-0.19949113350295186,-0.1965274115275886
8.235,-0.20141099568014564,-0.1970420730150694
8.238,-0.20141099568014564,-0.1975485769249439
8.241,-0.20141099568014564,-0.19804808990319261
8.244,-0.20141099568014564,-0.19852752252060862
8.247,-0.20141099568014564,-0.19897750910038967
8.25,-0.20141099568014564,-0.19939179394829626
8.253,-0.20141099568014564,-0.19976667246204613
8.256,-0.20542525295973257,-0.20013014726072123
8.259,-0.20542525295973257,-0.20053351785595663
8.262,-0.20542525295973257,-0.20098497970655105
8.265,-0.20542525295973257,-0.2014596904056547
8.268,-0.20542525295973257,-0.2019380615948397
8.271,-0.20542525295973257,-0.2024050813172745
8.274,-0.20542525295973257,-0.20284966319161285
8.277,-0.20943951023931956,-0.20329369197441932
8.28,-0.20943951023931956,-0.20378349175604757
8.283,-0.20943951023931956,-0.20432329883011532
8.286,-0.20943951023931956,-0.20488520184104053
8.289,-0.20943951023931956,-0.20544731149380235
8.292,-0.20943951023931956,-0.20599296723223304
8.295,-0.20943951023931956,-0.20650997912428984
8.298,-0.2132792345937071,-0.20701828626319835
8.301,-0.2132792345937071,-0.2075616838524697
8.304,-0.2132792345937071,-0.20814408913377125
8.307,-0.2132792345937071,-0.20873896247881624
8.31,-0.2132792345937071,-0.20932574278731858
8.313,-0.2132792345937071,-0.2098890253260991
8.316,-0.2132792345937071,-0.21041778381077764
8.319,-0.21537362969610027,-0.21092012222451645
8.322,-0.21537362969610027,-0.21141846031241604
8.325,-0.21537362969610027,-0.21191450124530195
8.328,-0.21537362969610027,-0.21239413567675847
8.331,-0.21537362969610027,-0.2128471133591739
8.334,-0.21537362969610027,-0.2132664231460024
8.337,-0.21537362969610027,-0.21364772554703523
8.34,-0.2192133540504878,-0.21401720936268404
8.343,-0.2192133540504878,-0.2144235168984765
8.346,-0.2192133540504878,-0.21487420208852748
8.349,-0.2192133540504878,-0.2153453335885905
8.352,-0.2192133540504878,-0.21581809904035368
8.355,-0.2192133540504878,-0.21627813679303037
8.358,-0.2192133540504878,-0.21671489591963716
8.361,-0.22305307840487534,-0.21714940399899296
8.364,-0.22305307840487534,-0.217626093691689
8.367,-0.22305307840487534,-0.2181491576940904
8.37,-0.22305307840487534,-0.2186920482633572
8.373,-0.22305307840487534,-0.21923398067104788
8.376,-0.22305307840487534,-0.21975916919103514
8.379,-0.22305307840487534,-0.2202560980740174
8.382,-0.22706733568446227,-0.22074649743447264
8.385,-0.22706733568446227,-0.2212767503154812
8.388,-0.22706733568446227,-0.22185131273466427
8.391,-0.22706733568446227,-0.22244260888996273
8.394,-0.22706733568446227,-0.2230291632525774
8.397,-0.22706733568446227,-0.2235947763132419
8.4,-0.22706733568446227,-0.2241277415356859
8.403,-0.22898719786165606,-0.22463430046533986
8.406,-0.22898719786165606,-0.22513416598225974
8.409,-0.22898719786165606,-0.22562835074995338
8.412,-0.22898719786165606,-0.22610360946404537
8.415,-0.22898719786165606,-0.22655042373884143
8.418,-0.22898719786165606,-0.22696239209303293
8.421,-0.22898719786165606,-0.22733567371194588
8.424,-0.23282692221604356,-0.22769685688854638
8.427,-0.23282692221604356,-0.22809489615206677
8.43,-0.23282692221604356,-0.228537582035251
8.433,-0.23282692221604356,-0.22900115526138873
8.436,-0.23282692221604356,-0.22946692135644262
8.439,-0.23282692221604356,-0.22992059184496932
8.442,-0.23282692221604356,-0.23035165279614514
8.445,-0.2366666465704311,-0.23078114016476167
8.448,-0.2366666465704311,-0.23125347296421855
8.451,-0.2366666465704311,-0.2317728138906791
8.454,-0.2366666465704311,-0.23231257364547783
8.457,-0.2366666465704311,-0.23285191838029579
8.46,-0.2366666465704311,-0.23337500894558813
8.463,-0.2366666465704311,-0.23387027447302913
8.466,-0.24050637092481864,-0.23435810087294004
8.469,-0.24050637092481864,-0.23488258590816838
8.472,-0.24050637092481864,-0.2354478306802798
8.475,-0.24050637092481864,-0.23602738367520754
8.478,-0.24050637092481864,-0.23660069645497675
8.481,-0.24050637092481864,-0.2371523191670158
8.484,-0.24050637092481864,-0.23767113777773893
8.487,-0.2424262331020124,-0.2381638492554853
8.49,-0.2424262331020124,-0.23865050414780747
8.493,-0.2424262331020124,-0.23913235321306123
8.496,-0.2424262331020124,-0.23959630644592245
8.499,-0.2424262331020124,-0.24003293317533644
8.502,-0.2424262331020124,-0.24043586562100583
8.505,-0.2424262331020124,-0.2408012545771366
8.508,-0.24644049038159935,-0.24115693759166332
8.511,-0.24644049038159935,-0.24155403841037876
8.514,-0.24644049038159935,-0.24200057378332104
8.517,-0.24644049038159935,-0.2424715256368606
8.52,-0.24644049038159935,-0.24294713745147983
8.523,-0.24644049038159935,-0.243412239789354
8.526,-0.24644049038159935,-0.24385560156787192
8.529,-0.25028021473598683,-0.24429768741802715
8.532,-0.25028021473598683,-0.2447824728659392
8.535,-0.25028021473598683,-0.24531378749046437
8.538,-0.25028021473598683,-0.2458648026946095
8.541,-0.25028021473598683,-0.24641452378541584
8.544,-0.25028021473598683,-0.24694701521330056
8.547,-0.25028021473598683,-0.24745066159127313
8.55,-0.2541199390903744,-0.2479458451004736
8.553,-0.2541199390903744,-0.2484766909194113
8.556,-0.2541199390903744,-0.24904735045166637
8.559,-0.2541199390903744,-0.24963143841175114
8.562,-0.2541199390903744,-0.250208482750833
8.565,-0.2541199390903744,-0.2507631154787302
8.568,-0.2541199390903744,-0.2512843061694117
8.571,-0.25603980126756815,-0.2517788342558574
8.574,-0.25603980126756815,-0.2522668294437278
8.577,-0.25603980126756815,-0.25274961679448044
8.58,-0.25603980126756815,-0.25321417471620383
8.583,-0.25603980126756815,-0.2536511344483779
8.586,-0.25603980126756815,-0.25405418334398705
8.589,-0.25603980126756815,-0.2544195205447862
8.592,-0.26005405854715513,-0.2547750253546019
8.595,-0.26005405854715513,-0.2551718570259164
8.598,-0.26005405854715513,-0.2556180620114848
8.601,-0.26005405854715513,-0.25608864664668973
8.604,-0.26005405854715513,-0.2565638740719952
8.607,-0.26005405854715513,-0.25702859031528164
8.61,-0.26005405854715513,-0.2574715761113983
8.613,-0.26406831582674206,-0.2579145942076913
8.616,-0.26406831582674206,-0.25840385856475867
8.619,-0.26406831582674206,-0.25894350763943197
8.622,-0.26406831582674206,-0.2595055444836533
8.625,-0.26406831582674206,-0.2600680060553767
8.628,-0.26406831582674206,-0.2606141692433387
8.631,-0.26406831582674206,-0.26113179192436164
8.634,-0.268082573106329,-0.2616420598521459
8.637,-0.268082573106329,-0.26219096628012173
8.64,-0.268082573106329,-0.26278270656039593
8.643,-0.268082573106329,-0.26338955017240745
8.646,-0.268082573106329,-0.26398995205069214
8.649,-0.268082573106329,-0.2645677100147464
8.652,-0.268082573106329,-0.26511116581049915
8.655,-0.2701769682087222,-0.2656279360305256
8.658,-0.2701769682087222,-0.2661400774352981
8.661,-0.2701769682087222,-0.2666490355918812
8.664,-0.2701769682087222,-0.26714053134158916
8.667,-0.2701769682087222,-0.2676042164388075
8.67,-0.2701769682087222,-0.26803303927478567
8.673,-0.2701769682087222,-0.2684226648688834
8.676,-0.27436575841350863,-0.2688018994623038
8.679,-0.27436575841350863,-0.2692239134985507
8.682,-0.27436575841350863,-0.26969695129346694
8.685,-0.27436575841350863,-0.27019483152952894
8.688,-0.27436575841350863,-0.2706969000464542
8.691,-0.27436575841350863,-0.27118731837610227
8.694,-0.27436575841350863,-0.27165438011438736
8.697,-0.278554548618295,-0.27212081484819783
8.7,-0.278554548618295,-0.2726348810643575
8.703,-0.278554548618295,-0.2732009424364213
8.706,-0.278554548618295,-0.2737898363576505
8.709,-0.278554548618295,-0.27437869975181495
8.712,-0.278554548618295,-0.274950138170904
8.715,-0.278554548618295,-0.27549143199817616
8.718,-0.2829178717482808,-0.2760260299375395
8.721,-0.2829178717482808,-0.2766042063833207
8.724,-0.2829178717482808,-0.2772306891577193
8.727,-0.2829178717482808,-0.2778754123023526
8.73,-0.2829178717482808,-0.27851496113214025
8.733,-0.2829178717482808,-0.2791316735142199
8.736,-0.2829178717482808,-0.2797127860807737
8.739,-0.28518679977587347,-0.28026640237081135
8.742,-0.28518679977587347,-0.2808162630187796
8.745,-0.28518679977587347,-0.2813637795382953
8.748,-0.28518679977587347,-0.28189333264008254
8.751,-0.28518679977587347,-0.28239356924700443
8.754,-0.28518679977587347,-0.2828567177249664
8.757,-0.28518679977587347,-0.2832779610402679
8.76,-0.2897246558310587,-0.2836883975351485
8.763,-0.2897246558310587,-0.2841455327318564
8.766,-0.2897246558310587,-0.28465821461941765
8.769,-0.2897246558310587,-0.2851980086776673
8.772,-0.2897246558310587,-0.28574247932547675
8.775,-0.2897246558310587,-0.2862744182721093
8.778,-0.2897246558310587,-0.286781102935226
8.781,-0.2944370448114434,-0.28728841409457184
8.784,-0.2944370448114434,-0.287850839048012
8.787,-0.2944370448114434,-0.2884733912695877
8.79,-0.2944370448114434,-0.28912329396556685
8.793,-0.2944370448114434,-0.2897748006978323
8.796,-0.2944370448114434,-0.29040827491151744
8.799,-0.2944370448114434,-0.29100930903875283
8.802,-0.29932396671702755,-0.2916040036141675
8.805,-0.29932396671702755,-0.2922485084164035
8.808,-0.29932396671702755,-0.2929479691205018
8.811,-0.29932396671702755,-0.2936685729150679
8.814,-0.29932396671702755,-0.294383968545918
8.817,-0.29932396671702755,-0.29507426059462005
8.82,-0.29932396671702755,-0.295725053497162
8.823,-0.30194196059501904,-0.29634590301611496
8.826,-0.30194196059501904,-0.2969643058721022
8.829,-0.30194196059501904,-0.2975819138634444
8.832,-0.30194196059501904,-0.298180665890559
8.835,-0.30194196059501904,-0.2987473774032401
8.838,-0.30194196059501904,-0.2992729637914663
8.841,-0.30194196059501904,-0.2997517283439771
8.844,-0.30700341542580256,-0.30021811366746043
8.847,-0.30700341542580256,-0.30073608450317496
8.85,-0.30700341542580256,-0.30131539064706614
8.853,-0.30700341542580256,-0.3019242443844333
8.856,-0.30700341542580256,-0.3025375868890289
8.859,-0.30700341542580256,-0.3031362195269414
8.862,-0.30700341542580256,-0.3037059697329729
8.865,-0.3125884690321844,-0.30427816940508706
8.868,-0.3125884690321844,-0.30491784656738213
8.871,-0.3125884690321844,-0.3056312221114327
8.874,-0.3125884690321844,-0.3063795897409595
8.877,-0.3125884690321844,-0.30713246574094144
8.88,-0.3125884690321844,-0.30786652337662324
8.883,-0.3125884690321844,-0.30856457063308
8.886,-0.3181735226385663,-0.3092558527037343
8.889,-0.3181735226385663,-0.3100040822515234
8.892,-0.3181735226385663,-0.3108147905535376
8.895,-0.3181735226385663,-0.3116490781768708
8.898,-0.3181735226385663,-0.3124766517220505
8.901,-0.3181735226385663,-0.3132746608950033
8.904,-0.3181735226385663,-0.3140265937400277
8.907,-0.3211405823669567,-0.31474316897786725
8.91,-0.3211405823669567,-0.3154555070105236
8.913,-0.3211405823669567,-0.3161654907762061
8.916,-0.3211405823669567,-0.3168527022726956
8.919,-0.3211405823669567,-0.3175022794349899
8.922,-0.3211405823669567,-0.31810402662281567
8.925,-0.3211405823669567,-0.31865159993641445
8.928,-0.3272492347489368,-0.3191869033761446
8.931,-0.3272492347489368,-0.31978731198931365
8.934,-0.3272492347489368,-0.32046464272222874
8.937,-0.3272492347489368,-0.32118048349394773
8.94,-0.3272492347489368,-0.32190447048240234
8.943,-0.3272492347489368,-0.32261326066975987
8.946,-0.3272492347489368,-0.32328954262980153
8.949,-0.3335324200561164,-0.32396752490393305
8.952,-0.3335324200561164,-0.3247196040417351
8.955,-0.3335324200561164,-0.32555225396310516
8.958,-0.3335324200561164,-0.326421600103394
8.961,-0.3335324200561164,-0.3272931761158728
8.964,-0.3335324200561164,-0.32814069241703864
8.967,-0.3335324200561164,-0.32894485760051173
8.97,-0.34033920413889424,-0.3297425624360714
8.973,-0.34033920413889424,-0.3306123536750143
8.976,-0.34033920413889424,-0.3315615757527714
8.979,-0.34033920413889424,-0.33254318185097326
8.982,-0.34033920413889424,-0.3335204194482015
8.985,-0.34033920413889424,-0.33446545451836945
8.988,-0.34033920413889424,-0.33535806119916073
8.991,-0.34365532971768353,-0.3362088990491312
8.994,-0.34365532971768353,-0.33705181176529525
8.997,-0.34365532971768353,-0.3378882844380882
9.0,-0.34365532971768353,-0.3386951382559175
9.003,-0.34365532971768353,-0.3394556129208774
9.006,-0.34365532971768353,-0.340158326945764
9.009,-0.34365532971768353,-0.340796327645548
9.012,-0.3506366467256608,-0.34141781440199664
9.015,-0.3506366467256608,-0.34211152463512534
9.018,-0.3506366467256608,-0.3428912628665242
9.021,-0.3506366467256608,-0.34371341304902764
9.024,-0.3506366467256608,-0.34454353662069853
9.027,-0.3506366467256608,-0.3453551954089926
9.03,-0.3506366467256608,-0.34612881961564074
9.033,-0.35796702958403703,-0.34690479935666574
9.036,-0.35796702958403703,-0.34776795160748036
9.039,-0.35796702958403703,-0.34872607741018397
9.042,-0.35796702958403703,-0.349728149774311
9.045,-0.35796702958403703,-0.3507340461787462
9.048,-0.35796702958403703,-0.3517131264350749
9.051,-0.35796702958403703,-0.35264287043986353
9.054,-0.36529741244241315,-0.3535617575525908
9.057,-0.36529741244241315,-0.35455354139728684
9.06,-0.36529741244241315,-0.35562563583563167
9.063,-0.36529741244241315,-0.3567271526025156
9.066,-0.36529741244241315,-0.35781850393756454
9.069,-0.36529741244241315,-0.3588698699333182
9.072,-0.36529741244241315,-0.3598597437646185
9.075,-0.3691371367968007,-0.3608019464896867
9.078,-0.3691371367968007,-0.36173676992184006
9.081,-0.3691371367968007,-0.36266672079275575
9.084,-0.3691371367968007,-0.36356548301266894
9.087,-0.3691371367968007,-0.36441395567821566
9.09,-0.3691371367968007,-0.36519909201263334
9.093,-0.3691371367968007,-0.3659128370664718
9.096,-0.37681658550557573,-0.36660790660321385
9.099,-0.37681658550557573,-0.3673816959007529
9.102,-0.37681658550557573,-0.3682492471338133
9.105,-0.37681658550557573,-0.3691624996781298
9.108,-0.37681658550557573,-0.3700835361141851
9.111,-0.37681658550557573,-0.37098327698382233
9.114,-0.37681658550557573,-0.3718402265227427
9.117,-0.3846705671395502,-0.37269731831783476
9.12,-0.3846705671395502,-0.3736452382190808
9.123,-0.3846705671395502,-0.37469227629660584
9.126,-0.3846705671395502,-0.37578378688529757
9.129,-0.3846705671395502,-0.37687687865626535
9.132,-0.3846705671395502,-0.3779388710559282
9.135,-0.3846705671395502,-0.378945818146249
9.138,-0.39269908169872414,-0.3799404408480512
9.141,-0.39269908169872414,-0.38101492103545215
9.144,-0.39269908169872414,-0.3821777218006606
9.147,-0.39269908169872414,-0.38337335878272694
9.15,-0.39269908169872414,-0.38455864640082127
9.153,-0.39269908169872414,-0.3857010327846156
9.156,-0.39269908169872414,-0.38677701866639713
9.159,-0.39688787190351055,-0.38780163305242926
9.162,-0.39688787190351055,-0.38881877502167883
9.165,-0.39688787190351055,-0.3898311197947003
9.168,-0.39688787190351055,-0.39080989840143493
9.171,-0.39688787190351055,-0.39173421392579466
9.174,-0.39688787190351055,-0.39258977643009146
9.177,-0.39688787190351055,-0.39336774517789075
9.18,-0.4050909193878839,-0.39412428963097856
9.183,-0.4050909193878839,-0.39496338231227773
9.186,-0.4050909193878839,-0.3959010882789548
9.189,-0.4050909193878839,-0.39688611352999015
9.192,-0.4050909193878839,-0.3978780327207913
9.195,-0.4050909193878839,-0.3988458845401015
9.198,-0.4050909193878839,-0.3997668233282252
9.201,-0.41364303272265607,-0.4006880351030095
9.204,-0.41364303272265607,-0.40170859500478623
9.207,-0.41364303272265607,-0.40283776661317156
9.21,-0.41364303272265607,-0.4040162067140386
9.213,-0.41364303272265607,-0.4051973081246791
9.216,-0.41364303272265607,-0.40634553116831706
9.219,-0.41364303272265607,-0.40743480711755775
9.222,-0.42219514605742836,-0.4085102253458467
9.225,-0.42219514605742836,-0.4096696833460408
9.228,-0.42219514605742836,-0.410922001069386
9.231,-0.42219514605742836,-0.41220796326098025
9.234,-0.42219514605742836,-0.41348152180785036
9.237,-0.42219514605742836,-0.4147080075916793
9.24,-0.42219514605742836,-0.4158624337131971
9.243,-0.4265584691874142,-0.41696015397568204
9.246,-0.4265584691874142,-0.41804676164148546
9.249,-0.4265584691874142,-0.41912503909760396
9.252,-0.4265584691874142,-0.420165113893148
9.255,-0.4265584691874142,-0.4211453865446555
9.258,-0.4265584691874142,-0.42205119034355576
9.261,-0.4265584691874142,-0.42287356679860055
9.264,-0.4354596483725852,-0.4236739258642285
9.267,-0.4354596483725852,-0.42456540250958796
9.27,-0.4354596483725852,-0.4255656220984677
9.273,-0.4354596483725852,-0.4266190207464023
9.276,-0.4354596483725852,-0.4276817512073263
9.279,-0.4354596483725852,-0.428720176576841
9.282,-0.4354596483725852,-0.42970942249767646
9.285,-0.4363323129985824,-0.43063846378026605
9.288,-0.4363323129985824,-0.4315071381713046
9.291,-0.4363323129985824,-0.4323106590284032
9.294,-0.4363323129985824,-0.4330408626991432
9.297,-0.4363323129985824,-0.4336937045030863
9.3,-0.4363323129985824,-0.43426839320181027
9.303,-0.4363323129985824,-0.4347666363174207
9.306,-0.4363323129985824,-0.4351919920919288
9.309,-0.4363323129985824,-0.4355493217347539
9.312,-0.4363323129985824,-0.4358443341612131
9.315,-0.4363323129985824,-0.4360832145563156
9.318,-0.4363323129985824,-0.4362723276934294
9.321,-0.4363323129985824,-0.4364179868974754
9.324,-0.4363323129985824,-0.43652627978116554
9.327,-0.4363323129985824,-0.4366029423266976
9.33,-0.4363323129985824,-0.43665327347211236
9.333,-0.4363323129985824,-0.43668208303967754
9.336,-0.4363323129985824,-0.43669366657131226
9.339,-0.4363323129985824,-0.4366918013798579
9.342,-0.4363323129985824,-0.4366797588590946
9.345,-0.4363323129985824,-0.43666032880043243
9.348,-0.4363323129985824,-0.43663585212627587
9.351,-0.4363323129985824,-0.4366082590598896
9.354,-0.4363323129985824,-0.436579110303647
9.357,-0.4363323129985824,-0.4365496392893286
9.36,-0.4363323129985824,-0.43652079399553223
9.363,-0.4363323129985824,-0.4364932771999568
9.366,-0.4363323129985824,-0.43646758435134936
9.369,-0.4363323129985824,-0.43644403851120467
9.372,-0.4363323129985824,-0.4364228220334128
9.375,-0.4363323129985824,-0.43640400482579866
9.378,-0.4363323129985824,-0.43638756917582794
9.381,-0.4363323129985824,-0.43637343122852923
9.384,-0.4363323129985824,-0.4363614592825528
9.387,-0.4363323129985824,-0.4363514891246386
9.39,-0.4363323129985824,-0.4363433366576049
9.393,-0.4363323129985824,-0.4363368080959395
9.396,-0.4363323129985824,-0.43633170800941
9.399,-0.4363323129985824,-0.43632784549164055
9.402,-0.4363323129985824,-0.4363250387197817
9.405,-0.4363323129985824,-0.4363231181552995
9.408,-0.4363323129985824,-0.43632192861627433
9.411,-0.4363323129985824,-0.4363213304298487
9.414,-0.4363323129985824,-0.4363211998507519
9.417,-0.4363323129985824,-0.4363214289090505
9.42,-0.4363323129985824,-0.43632192482812693
9.423,-0.4363323129985824,-0.43632260913286397
9.426,-0.4363323129985824,-0.4363234165484787
9.429,-0.4363323129985824,-0.43632429377261267
9.432,-0.4363323129985824,-0.43632519818727566
9.435,-0.4363323129985824,-0.4363260965630909
9.438,-0.4363323129985824,-0.4363269637959749
9.441,-0.4363323129985824,-0.43632778170582703
9.444,-0.4363323129985824,-0.43632853791790016
9.447,-0.4363323129985824,-0.4363292248401365
9.45,-0.4363323129985824,-0.436329838743739
9.453,-0.4363323129985824,-0.43633037894946003
9.456,-0.4363323129985824,-0.4363308471183718
9.459,-0.4363323129985824,-0.4363312466430892
9.462,-0.4363323129985824,-0.4363315821334136
9.465,-0.4363323129985824,-0.436331858989015
9.468,-0.4363323129985824,-0.4363320830509667
9.471,-0.4363323129985824,-0.436332260323571
9.474,-0.4363323129985824,-0.4363323967578871
9.477,-0.4363323129985824,-0.43633249808860247
9.48,-0.4363323129985824,-0.4363325697163097
9.483,-0.4363323129985824,-0.43633261662781064
9.486,-0.4363323129985824,-0.4363326433477079
9.489,-0.4363323129985824,-0.43633265391523135
9.492,-0.4363323129985824,-0.43633265188095116
9.495,-0.4363323129985824,-0.4363326403187162
9.498,-0.4363323129985824,-0.43633262184882643
9.501,-0.4363323129985824,-0.43633259866906526
9.504,-0.4363323129985824,-0.43633257259079766
9.507,-0.4363323129985824,-0.436332545077854
9.51,-0.4363323129985824,-0.436332517286385
9.513,-0.4363323129985824,-0.4363324901042775
9.516,-0.4363323129985824,-0.4363324641890719
9.519,-0.4363323129985824,-0.43633244000361865
9.522,-0.4363323129985824,-0.43633241784896015
9.525,-0.4363323129985824,-0.4363323978941317
9.528,-0.4363323129985824,-0.43633238020273524
9.531,-0.4363323129985824,-0.4363323647562748
9.534,-0.4363323129985824,-0.43633235147433663
9.537,-0.4363323129985824,-0.43633234023177336
9.54,-0.4363323129985824,-0.4363323308731001
9.543,-0.4363323129985824,-0.436332323224345
9.546,-0.4363323129985824,-0.43633231710261117
9.549,-0.4363323129985824,-0.43633231232361575
9.552,-0.4363323129985824,-0.43633230870746775
9.555,-0.4363323129985824,-0.4363323060829336
9.558,-0.4363323129985824,-0.43633230429042646
9.561,-0.4363323129985824,-0.4363323031839374
9.564,-0.4363323129985824,-0.43633230263210293
9.567,-0.4363323129985824,-0.4363323025185844
9.57,-0.4363323129985824,-0.4363323027419127
9.573,-0.4363323129985824,-0.436332303214931
9.576,-0.4363323129985824,-0.4363323038639472
9.579,-0.4363323129985824,-0.43633230462769224
9.582,-0.4363323129985824,-0.4363323054561584
9.585,-0.4363323129985824,-0.4363323063093856
9.588,-0.4363323129985824,-0.4363323071562379
9.591,-0.4363323129985824,-0.43633230797321426
9.594,-0.4363323129985824,-0.43633230874331674
9.597,-0.4363323129985824,-0.4363323094549977
9.6,-0.4363323129985824,-0.43633231010119733
9.603,-0.4363323129985824,-0.4363323106784796
9.606,-0.4363323129985824,-0.4363323111862666
9.609,-0.4363323129985824,-0.43633231162617236
9.612,-0.4363323129985824,-0.43633231200143097
9.615,-0.4363323129985824,-0.43633231231641334
9.618,-0.4363323129985824,-0.4363323125762264
9.621,-0.4363323129985824,-0.43633231278638623
9.624,-0.4363323129985824,-0.4363323129525568
9.627,-0.4363323129985824,-0.43633231308034764
9.63,-0.4363323129985824,-0.4363323131751609
9.633,-0.4363323129985824,-0.4363323132420813
9.636,-0.4363323129985824,-0.43633231328580196
9.639,-0.4363323129985824,-0.43633231331057903
9.642,-0.4363323129985824,-0.4363323133202107
9.645,-0.4363323129985824,-0.43633231331803435
9.648,-0.4363323129985824,-0.4363323133069383
9.651,-0.4363323129985824,-0.4363323132893835
9.654,-0.4363323129985824,-0.4363323132674334
9.657,-0.4363323129985824,-0.43633231324278765
9.66,-0.4363323129985824,-0.4363323132168195
9.663,-0.4363323129985824,-0.43633231319061233
9.666,-0.4363323129985824,-0.436332313164998
9.669,-0.4363323129985824,-0.43633231314059145
9.672,-0.4363323129985824,-0.4363323131178252
9.675,-0.4363323129985824,-0.4363323130969798
9.678,-0.4363323129985824,-0.4363323130782118
9.681,-0.4363323129985824,-0.43633231306157905
9.684,-0.4363323129985824,-0.4363323130470623
9.687,-0.4363323129985824,-0.43633231303458475
9.69,-0.4363323129985824,-0.4363323130240272
9.693,-0.4363323129985824,-0.43633231301524267
9.696,-0.4363323129985824,-0.4363323130080666
9.699,-0.4363323129985824,-0.43633231300232633
9.702,-0.4363323129985824,-0.4363323129978483
9.705,-0.4363323129985824,-0.43633231299446296
9.708,-0.4363323129985824,-0.43633231299200886
9.711,-0.4363323129985824,-0.436332312990336
9.714,-0.4363323129985824,-0.4363323129893069
9.717,-0.4363323129985824,-0.436332312988798
9.72,-0.4363323129985824,-0.43633231298869996
9.723,-0.4363323129985824,-0.4363323129889174
9.726,-0.4363323129985824,-0.4363323129893685
9.729,-0.4363323129985824,-0.436332312989984
9.732,-0.4363323129985824,-0.4363323129907064
9.735,-0.4363323129985824,-0.4363323129914888
9.738,-0.4363323129985824,-0.43633231299229364
9.741,-0.4363323129985824,-0.43633231299309194
9.744,-0.4363323129985824,-0.4363323129938616
9.747,-0.4363323129985824,-0.43633231299458664
9.75,-0.4363323129985824,-0.43633231299525643
9.753,-0.4363323129985824,-0.4363323129958643
9.756,-0.4363323129985824,-0.4363323129964072
9.759,-0.4363323129985824,-0.43633231299688446
9.762,-0.4363323129985824,-0.43633231299729786
9.765,-0.4363323129985824,-0.4363323129976503
9.768,-0.4363323129985824,-0.43633231299794606
9.771,-0.4363323129985824,-0.43633231299818986
9.774,-0.4363323129985824,-0.43633231299838693
9.777,-0.4363323129985824,-0.43633231299854264
9.78,-0.4363323129985824,-0.4363323129986624
9.783,-0.4363323129985824,-0.4363323129987511
9.786,-0.4363323129985824,-0.43633231299881364
9.789,-0.4363323129985824,-0.43633231299885433
9.792,-0.4363323129985824,-0.4363323129988773
9.795,-0.4363323129985824,-0.43633231299888614
9.798,-0.4363323129985824,-0.4363323129988838
9.801,-0.4363323129985824,-0.4363323129988732
9.804,-0.4363323129985824,-0.4363323129988565
9.807,-0.4363323129985824,-0.4363323129988357
9.81,-0.4363323129985824,-0.43633231299881237
9.813,-0.4363323129985824,-0.43633231299878783
9.816,-0.4363323129985824,-0.4363323129987632
9.819,-0.4363323129985824,-0.43633231299873904
9.822,-0.4363323129985824,-0.43633231299871605
9.825,-0.4363323129985824,-0.4363323129986947
9.828,-0.4363323129985824,-0.43633231299867503
9.831,-0.4363323129985824,-0.4363323129986573
9.834,-0.4363323129985824,-0.43633231299864167
9.837,-0.4363323129985824,-0.43633231299862807
9.84,-0.4363323129985824,-0.43633231299861636
9.843,-0.4363323129985824,-0.4363323129986065
9.846,-0.4363323129985824,-0.4363323129985982
9.849,-0.4363323129985824,-0.4363323129985915
9.852,-0.4363323129985824,-0.4363323129985861
9.855,-0.4363323129985824,-0.4363323129985819
9.858,-0.4363323129985824,-0.4363323129985787
9.861,-0.4363323129985824,-0.4363323129985764
9.864,-0.4363323129985824,-0.43633231299857483
9.867,-0.4363323129985824,-0.43633231299857383
9.87,-0.4363323129985824,-0.4363323129985734
9.873,-0.4363323129985824,-0.43633231299857334
9.876,-0.4363323129985824,-0.4363323129985736
9.879,-0.4363323129985824,-0.43633231299857395
9.882,-0.4363323129985824,-0.43633231299857456
9.885,-0.4363323129985824,-0.4363323129985753
9.888,-0.4363323129985824,-0.436332312998576
9.891,-0.4363323129985824,-0.4363323129985767
9.894,-0.4363323129985824,-0.4363323129985775
9.897,-0.4363323129985824,-0.4363323129985783
9.9,-0.4363323129985824,-0.43633231299857894
9.903,-0.4363323129985824,-0.4363323129985796
9.906,-0.4363323129985824,-0.4363323129985801
9.909,-0.4363323129985824,-0.43633231299858066
9.912,-0.4363323129985824,-0.4363323129985811
9.915,-0.4363323129985824,-0.4363323129985815
9.918,-0.4363323129985824,-0.43633231299858183
9.921,-0.4363323129985824,-0.4363323129985821
9.924,-0.4363323129985824,-0.4363323129985824
9.927,-0.4363323129985824,-0.43633231299858255
9.93,-0.4363323129985824,-0.43633231299858266
9.933,-0.4363323129985824,-0.43633231299858277
9.936,-0.4363323129985824,-0.43633231299858277
9.939,-0.4363323129985824,-0.4363323129985828
9.942,-0.4363323129985824,-0.4363323129985828
9.945,-0.4363323129985824,-0.4363323129985828
9.948,-0.4363323129985824,-0.4363323129985828
9.951,-0.4363323129985824,-0.4363323129985828
9.954,-0.4363323129985824,-0.4363323129985828
9.957,-0.4363323129985824,-0.4363323129985828
9.96,-0.4363323129985824,-0.4363323129985828
9.963,-0.4363323129985824,-0.43633231299858277
9.966,-0.4363323129985824,-0.4363323129985827
9.969,-0.4363323129985824,-0.43633231299858266
9.972,-0.4363323129985824,-0.4363323129985826
9.975,-0.4363323129985824,-0.43633231299858255
9.978,-0.4363323129985824,-0.4363323129985825
9.981,-0.4363323129985824,-0.4363323129985825
9.984,-0.4363323129985824,-0.4363323129985825
9.987,-0.4363323129985824,-0.4363323129985825
9.99,-0.4363323129985824,-0.4363323129985825
9.993,-0.4363323129985824,-0.4363323129985825
9.996,-0.4363323129985824,-0.4363323129985825
9.999,-0.4363323129985824,-0.4363323129985825
10.002,-0.4363323129985824,-0.4363323129985825
10.005,-0.4363323129985824,-0.4363323129985825
10.008,-0.4363323129985824,-0.4363323129985825
10.011,-0.4363323129985824,-0.4363323129985825
10.014,-0.4363323129985824,-0.4363323129985825
10.017,-0.4363323129985824,-0.4363323129985825
10.02,-0.4363323129985824,-0.4363323129985825
10.023,-0.4363323129985824,-0.4363323129985825
10.026,-0.4363323129985824,-0.4363323129985825
10.029,-0.4363323129985824,-0.4363323129985825
10.032,-0.4363323129985824,-0.4363323129985825
10.035,-0.4363323129985824,-0.4363323129985825
10.038,-0.4363323129985824,-0.4363323129985825
10.041,-0.4363323129985824,-0.4363323129985825
10.044,-0.4363323129985824,-0.4363323129985825
10.047,-0.4363323129985824,-0.4363323129985825
10.05,-0.4363323129985824,-0.4363323129985825
10.053,-0.4363323129985824,-0.4363323129985825
10.056,-0.4363323129985824,-0.4363323129985825
10.059,-0.4363323129985824,-0.4363323129985825
10.062,-0.4363323129985824,-0.4363323129985825
10.065,-0.4363323129985824,-0.4363323129985825
10.068,-0.4363323129985824,-0.4363323129985825
10.071,-0.4363323129985824,-0.4363323129985825
10.074,-0.4363323129985824,-0.4363323129985825
10.077,-0.4363323129985824,-0.4363323129985825
10.08,-0.4363323129985824,-0.4363323129985825
10.083,-0.4363323129985824,-0.4363323129985825
10.086,-0.4363323129985824,-0.4363323129985825
10.089,-0.4363323129985824,-0.4363323129985825
10.092,-0.4363323129985824,-0.4363323129985825
10.095,-0.4363323129985824,-0.4363323129985825
10.098,-0.4363323129985824,-0.4363323129985825
10.101,-0.4363323129985824,-0.4363323129985825
10.104,-0.4363323129985824,-0.4363323129985825
10.107,-0.4363323129985824,-0.4363323129985825
10.11,-0.4363323129985824,-0.4363323129985825
10.113,-0.4363323129985824,-0.4363323129985825
10.116,-0.4363323129985824,-0.4363323129985825
10.119,-0.4363323129985824,-0.4363323129985825
10.122,-0.4363323129985824,-0.4363323129985825
10.125,-0.4363323129985824,-0.4363323129985825
10.128,-0.4363323129985824,-0.4363323129985825
10.131,-0.4363323129985824,-0.4363323129985825
10.134,-0.4363323129985824,-0.4363323129985825
10.137,-0.4363323129985824,-0.4363323129985825
10.14,-0.4363323129985824,-0.4363323129985825
10.143,-0.4363323129985824,-0.4363323129985825
10.146,-0.4363323129985824,-0.4363323129985825
10.149,-0.4363323129985824,-0.4363323129985825
10.152,-0.4363323129985824,-0.4363323129985825
10.155,-0.4363323129985824,-0.4363323129985825
10.158,-0.4363323129985824,-0.4363323129985825
10.161,-0.4363323129985824,-0.4363323129985825
10.164,-0.4363323129985824,-0.4363323129985825
10.167,-0.4363323129985824,-0.4363323129985825
10.17,-0.4363323129985824,-0.4363323129985825
10.173,-0.4363323129985824,-0.4363323129985825
10.176,-0.4363323129985824,-0.4363323129985825
10.179,-0.4363323129985824,-0.4363323129985825
10.182,-0.4363323129985824,-0.4363323129985825
10.185,-0.4363323129985824,-0.4363323129985825
10.188,-0.4363323129985824,-0.4363323129985825
10.191,-0.4363323129985824,-0.4363323129985825
10.194,-0.4363323129985824,-0.4363323129985825
10.197,-0.4363323129985824,-0.4363323129985825
10.2,-0.4363323129985824,-0.4363323129985825
10.203,-0.4363323129985824,-0.4363323129985825
10.206,-0.4363323129985824,-0.4363323129985825
10.209,-0.4363323129985824,-0.4363323129985825
10.212,-0.4363323129985824,-0.4363323129985825
10.215,-0.4363323129985824,-0.4363323129985825
10.218,-0.4363323129985824,-0.4363323129985825
10.221,-0.4363323129985824,-0.4363323129985825
10.224,-0.4363323129985824,-0.4363323129985825
10.227,-0.4363323129985824,-0.4363323129985825
10.23,-0.4363323129985824,-0.4363323129985825
10.233,-0.4363323129985824,-0.4363323129985825
10.236,-0.4363323129985824,-0.4363323129985825
10.239,-0.4363323129985824,-0.4363323129985825
10.242,-0.4363323129985824,-0.4363323129985825
10.245,-0.4363323129985824,-0.4363323129985825
10.248,-0.4363323129985824,-0.4363323129985825
10.251,-0.4363323129985824,-0.4363323129985825
10.254,-0.4363323129985824,-0.4363323129985825
10.257,-0.4363323129985824,-0.4363323129985825
10.26,-0.4363323129985824,-0.4363323129985825
10.263,-0.4363323129985824,-0.4363323129985825
10.266,-0.4363323129985824,-0.4363323129985825
10.269,-0.4363323129985824,-0.4363323129985825
10.272,-0.4363323129985824,-0.4363323129985825
10.275,-0.4363323129985824,-0.4363323129985825
10.278,-0.4363323129985824,-0.4363323129985825
10.281,-0.4363323129985824,-0.4363323129985825
10.284,-0.4363323129985824,-0.4363323129985825
10.287,-0.4363323129985824,-0.4363323129985825
10.29,-0.4363323129985824,-0.4363323129985825
10.293,-0.4363323129985824,-0.4363323129985825
10.296,-0.4363323129985824,-0.4363323129985825
10.299,-0.4363323129985824,-0.4363323129985825
10.302,-0.4363323129985824,-0.4363323129985825
10.305,-0.4363323129985824,-0.4363323129985825
10.308,-0.4363323129985824,-0.4363323129985825
10.311,-0.4363323129985824,-0.4363323129985825
10.314,-0.4363323129985824,-0.4363323129985825
10.317,-0.4363323129985824,-0.4363323129985825
10.32,-0.4363323129985824,-0.4363323129985825
10.323,-0.4363323129985824,-0.4363323129985825
10.326,-0.4363323129985824,-0.4363323129985825
10.329,-0.4363323129985824,-0.4363323129985825
10.332,-0.4363323129985824,-0.4363323129985825
10.335,-0.4363323129985824,-0.4363323129985825
10.338,-0.4363323129985824,-0.4363323129985825
10.341,-0.4363323129985824,-0.4363323129985825
10.344,-0.4363323129985824,-0.4363323129985825
10.347,-0.4363323129985824,-0.4363323129985825
10.35,-0.4363323129985824,-0.4363323129985825
10.353,-0.4363323129985824,-0.4363323129985825
10.356,-0.4363323129985824,-0.4363323129985825
10.359,-0.4363323129985824,-0.4363323129985825
10.362,-0.4363323129985824,-0.4363323129985825
10.365,-0.4363323129985824,-0.4363323129985825
10.368,-0.4363323129985824,-0.4363323129985825
10.371,-0.4363323129985824,-0.4363323129985825
10.374,-0.4363323129985824,-0.4363323129985825
10.377,-0.4363323129985824,-0.4363323129985825
10.38,-0.4363323129985824,-0.4363323129985825
10.383,-0.4363323129985824,-0.4363323129985825
10.386,-0.4363323129985824,-0.4363323129985825
10.389,-0.4363323129985824,-0.4363323129985825
10.392,-0.4363323129985824,-0.4363323129985825
10.395,-0.4363323129985824,-0.4363323129985825
10.398,-0.4363323129985824,-0.4363323129985825
10.401,-0.4363323129985824,-0.4363323129985825
10.404,-0.4363323129985824,-0.4363323129985825
10.407,-0.4363323129985824,-0.4363323129985825
10.41,-0.4363323129985824,-0.4363323129985825
10.413,-0.4363323129985824,-0.4363323129985825
10.416,-0.4363323129985824,-0.4363323129985825
10.419,-0.4363323129985824,-0.4363323129985825
10.422,-0.4363323129985824,-0.4363323129985825
10.425,-0.4363323129985824,-0.4363323129985825
10.428,-0.4363323129985824,-0.4363323129985825
10.431,-0.4363323129985824,-0.4363323129985825
10.434,-0.4363323129985824,-0.4363323129985825
10.437,-0.4363323129985824,-0.4363323129985825
10.44,-0.4363323129985824,-0.4363323129985825
10.443,-0.4363323129985824,-0.4363323129985825
10.446,-0.4363323129985824,-0.4363323129985825
10.449,-0.4363323129985824,-0.4363323129985825
10.452,-0.4363323129985824,-0.4363323129985825
10.455,-0.4363323129985824,-0.4363323129985825
10.458,-0.4363323129985824,-0.4363323129985825
10.461,-0.4363323129985824,-0.4363323129985825
10.464,-0.4363323129985824,-0.4363323129985825
10.467,-0.4363323129985824,-0.4363323129985825
10.47,-0.4363323129985824,-0.4363323129985825
10.473,-0.4363323129985824,-0.4363323129985825
10.476,-0.4363323129985824,-0.4363323129985825
10.479,-0.4363323129985824,-0.4363323129985825
10.482,-0.4363323129985824,-0.4363323129985825
10.485,-0.4363323129985824,-0.4363323129985825
10.488,-0.4363323129985824,-0.4363323129985825
10.491,-0.4363323129985824,-0.4363323129985825
10.494,-0.4363323129985824,-0.4363323129985825
10.497,-0.4363323129985824,-0.4363323129985825
10.5,-0.4363323129985824,-0.4363323129985825
10.503,-0.4363323129985824,-0.4363323129985825
10.506,-0.4363323129985824,-0.4363323129985825
10.509,-0.4363323129985824,-0.4363323129985825
10.512,-0.4363323129985824,-0.4363323129985825
10.515,-0.4363323129985824,-0.4363323129985825
10.518,-0.4363323129985824,-0.4363323129985825
10.521,-0.4363323129985824,-0.4363323129985825
10.524,-0.4363323129985824,-0.4363323129985825
10.527,-0.4363323129985824,-0.4363323129985825
10.53,-0.4363323129985824,-0.4363323129985825
10.533,-0.4363323129985824,-0.4363323129985825
10.536,-0.4363323129985824,-0.4363323129985825
10.539,-0.4363323129985824,-0.4363323129985825
10.542,-0.4363323129985824,-0.4363323129985825
10.545,-0.4363323129985824,-0.4363323129985825
10.548,-0.4363323129985824,-0.4363323129985825
10.551,-0.4363323129985824,-0.4363323129985825
10.554,-0.4363323129985824,-0.4363323129985825
10.557,-0.4363323129985824,-0.4363323129985825
10.56,-0.4363323129985824,-0.4363323129985825
10.563,-0.4363323129985824,-0.4363323129985825
10.566,-0.4363323129985824,-0.4363323129985825
10.569,-0.4363323129985824,-0.4363323129985825
10.572,-0.4363323129985824,-0.4363323129985825
10.575,-0.4363323129985824,-0.4363323129985825
10.578,-0.4363323129985824,-0.4363323129985825
10.581,-0.4363323129985824,-0.4363323129985825
10.584,-0.4363323129985824,-0.4363323129985825
10.587,-0.4363323129985824,-0.4363323129985825
10.59,-0.4363323129985824,-0.4363323129985825
10.593,-0.4363323129985824,-0.4363323129985825
10.596,-0.4363323129985824,-0.4363323129985825
10.599,-0.4363323129985824,-0.4363323129985825
10.602,-0.4363323129985824,-0.4363323129985825
10.605,-0.4363323129985824,-0.4363323129985825
10.608,-0.4363323129985824,-0.4363323129985825
10.611,-0.4363323129985824,-0.4363323129985825
10.614,-0.4363323129985824,-0.4363323129985825
10.617,-0.4363323129985824,-0.4363323129985825
10.62,-0.4363323129985824,-0.4363323129985825
10.623,-0.4363323129985824,-0.4363323129985825
10.626,-0.4363323129985824,-0.4363323129985825
10.629,-0.4363323129985824,-0.4363323129985825
10.632,-0.4363323129985824,-0.4363323129985825
10.635,-0.4363323129985824,-0.4363323129985825
10.638,-0.4363323129985824,-0.4363323129985825
10.641,-0.4363323129985824,-0.4363323129985825
10.644,-0.4363323129985824,-0.4363323129985825
10.647,-0.4363323129985824,-0.4363323129985825
10.65,-0.4363323129985824,-0.4363323129985825
10.653,-0.4363323129985824,-0.4363323129985825
10.656,-0.4363323129985824,-0.4363323129985825
10.659,-0.4363323129985824,-0.4363323129985825
10.662,-0.4363323129985824,-0.4363323129985825
10.665,-0.4363323129985824,-0.4363323129985825
10.668,-0.4363323129985824,-0.4363323129985825
10.671,-0.4363323129985824,-0.4363323129985825
10.674,-0.4363323129985824,-0.4363323129985825
10.677,-0.4363323129985824,-0.4363323129985825
10.68,-0.4363323129985824,-0.4363323129985825
10.683,-0.4363323129985824,-0.4363323129985825
10.686,-0.4363323129985824,-0.4363323129985825
10.689,-0.4363323129985824,-0.4363323129985825
10.692,-0.4363323129985824,-0.4363323129985825
10.695,-0.4363323129985824,-0.4363323129985825
10.698,-0.4363323129985824,-0.4363323129985825
10.701,-0.4363323129985824,-0.4363323129985825
10.704,-0.4363323129985824,-0.4363323129985825
10.707,-0.4363323129985824,-0.4363323129985825
10.71,-0.4363323129985824,-0.4363323129985825
10.713,-0.4363323129985824,-0.4363323129985825
10.716,-0.4363323129985824,-0.4363323129985825
10.719,-0.4363323129985824,-0.4363323129985825
10.722,-0.4363323129985824,-0.4363323129985825
10.725,-0.4363323129985824,-0.4363323129985825
10.728,-0.4363323129985824,-0.4363323129985825
10.731,-0.4363323129985824,-0.4363323129985825
10.734,-0.4363323129985824,-0.4363323129985825
10.737,-0.4363323129985824,-0.4363323129985825
10.74,-0.4363323129985824,-0.4363323129985825
10.743,-0.4363323129985824,-0.4363323129985825
10.746,-0.4363323129985824,-0.4363323129985825
10.749,-0.4363323129985824,-0.4363323129985825
10.752,-0.4363323129985824,-0.4363323129985825
10.755,-0.4363323129985824,-0.4363323129985825
10.758,-0.4363323129985824,-0.4363323129985825
10.761,-0.4363323129985824,-0.4363323129985825
10.764,-0.4363323129985824,-0.4363323129985825
10.767,-0.4363323129985824,-0.4363323129985825
10.77,-0.4363323129985824,-0.4363323129985825
10.773,-0.4363323129985824,-0.4363323129985825
10.776,-0.4363323129985824,-0.4363323129985825
10.779,-0.4363323129985824,-0.4363323129985825
10.782,-0.4363323129985824,-0.4363323129985825
10.785,-0.4363323129985824,-0.4363323129985825
10.788,-0.4363323129985824,-0.4363323129985825
10.791,-0.4363323129985824,-0.4363323129985825
10.794,-0.4363323129985824,-0.4363323129985825
10.797,-0.4363323129985824,-0.4363323129985825
10.8,-0.4363323129985824,-0.4363323129985825
10.803,-0.4363323129985824,-0.4363323129985825
10.806,-0.4363323129985824,-0.4363323129985825
10.809,-0.4363323129985824,-0.4363323129985825
10.812,-0.4363323129985824,-0.4363323129985825
10.815,-0.4363323129985824,-0.4363323129985825
10.818,-0.4363323129985824,-0.4363323129985825
10.821,-0.4363323129985824,-0.4363323129985825
10.824,-0.4363323129985824,-0.4363323129985825
10.827,-0.4363323129985824,-0.4363323129985825
10.83,-0.4363323129985824,-0.4363323129985825
10.833,-0.4363323129985824,-0.4363323129985825
10.836,-0.4363323129985824,-0.4363323129985825
10.839,-0.4363323129985824,-0.4363323129985825
10.842,-0.4363323129985824,-0.4363323129985825
10.845,-0.4363323129985824,-0.4363323129985825
10.848,-0.4363323129985824,-0.4363323129985825
10.851,-0.4363323129985824,-0.4363323129985825
10.854,-0.4363323129985824,-0.4363323129985825
10.857,-0.4363323129985824,-0.4363323129985825
10.86,-0.4363323129985824,-0.4363323129985825
10.863,-0.4363323129985824,-0.4363323129985825
10.866,-0.4363323129985824,-0.4363323129985825
10.869,-0.4363323129985824,-0.4363323129985825
10.872,-0.4363323129985824,-0.4363323129985825
10.875,-0.4363323129985824,-0.4363323129985825
10.878,-0.4363323129985824,-0.4363323129985825
10.881,-0.4363323129985824,-0.4363323129985825
10.884,-0.4363323129985824,-0.4363323129985825
10.887,-0.4363323129985824,-0.4363323129985825
10.89,-0.4363323129985824,-0.4363323129985825
10.893,-0.4363323129985824,-0.4363323129985825
10.896,-0.4363323129985824,-0.4363323129985825
10.899,-0.4363323129985824,-0.4363323129985825
10.902,-0.4363323129985824,-0.4363323129985825
10.905,-0.4363323129985824,-0.4363323129985825
10.908,-0.4363323129985824,-0.4363323129985825
10.911,-0.4363323129985824,-0.4363323129985825
10.914,-0.4363323129985824,-0.4363323129985825
10.917,-0.4363323129985824,-0.4363323129985825
10.92,-0.4363323129985824,-0.4363323129985825
10.923,-0.4363323129985824,-0.4363323129985825
10.926,-0.4363323129985824,-0.4363323129985825
10.929,-0.4363323129985824,-0.4363323129985825
10.932,-0.4363323129985824,-0.4363323129985825
10.935,-0.4363323129985824,-0.4363323129985825
10.938,-0.4363323129985824,-0.4363323129985825
10.941,-0.4363323129985824,-0.4363323129985825
10.944,-0.4363323129985824,-0.4363323129985825
10.947,-0.4363323129985824,-0.4363323129985825
10.95,-0.4363323129985824,-0.4363323129985825
10.953,-0.4363323129985824,-0.4363323129985825
10.956,-0.4363323129985824,-0.4363323129985825
10.959,-0.4363323129985824,-0.4363323129985825
10.962,-0.4363323129985824,-0.4363323129985825
10.965,-0.4363323129985824,-0.4363323129985825
10.968,-0.4363323129985824,-0.4363323129985825
10.971,-0.4363323129985824,-0.4363323129985825
10.974,-0.4363323129985824,-0.4363323129985825
10.977,-0.4363323129985824,-0.4363323129985825
10.98,-0.4363323129985824,-0.4363323129985825
10.983,-0.4363323129985824,-0.4363323129985825
10.986,-0.4363323129985824,-0.4363323129985825
10.989,-0.4363323129985824,-0.4363323129985825
10.992,-0.4363323129985824,-0.4363323129985825
10.995,-0.4363323129985824,-0.4363323129985825
10.998,-0.4363323129985824,-0.4363323129985825
11.001,-0.4363323129985824,-0.4363323129985825
11.004,-0.4363323129985824,-0.4363323129985825
11.007,-0.4363323129985824,-0.4363323129985825
11.01,-0.4363323129985824,-0.4363323129985825
11.013,-0.4363323129985824,-0.4363323129985825
11.016,-0.4363323129985824,-0.4363323129985825
11.019,-0.4363323129985824,-0.4363323129985825
11.022,-0.4363323129985824,-0.4363323129985825
11.025,-0.4363323129985824,-0.4363323129985825
11.028,-0.4363323129985824,-0.4363323129985825
11.031,-0.4363323129985824,-0.4363323129985825
11.034,-0.4363323129985824,-0.4363323129985825
11.037,-0.4363323129985824,-0.4363323129985825
11.04,-0.4363323129985824,-0.4363323129985825
11.043,-0.4363323129985824,-0.4363323129985825
11.046,-0.4363323129985824,-0.4363323129985825
11.049,-0.4363323129985824,-0.4363323129985825
11.052,-0.4363323129985824,-0.4363323129985825
11.055,-0.4363323129985824,-0.4363323129985825
11.058,-0.4363323129985824,-0.4363323129985825
11.061,-0.4363323129985824,-0.4363323129985825
11.064,-0.4363323129985824,-0.4363323129985825
11.067,-0.4363323129985824,-0.4363323129985825
11.07,-0.4363323129985824,-0.4363323129985825
11.073,-0.4363323129985824,-0.4363323129985825
11.076,-0.4363323129985824,-0.4363323129985825
11.079,-0.4363323129985824,-0.4363323129985825
11.082,-0.4363323129985824,-0.4363323129985825
11.085,-0.4363323129985824,-0.4363323129985825
11.088,-0.4363323129985824,-0.4363323129985825
11.091,-0.4363323129985824,-0.4363323129985825
11.094,-0.4363323129985824,-0.4363323129985825
11.097,-0.4363323129985824,-0.4363323129985825
11.1,-0.4363323129985824,-0.4363323129985825
11.103,-0.4363323129985824,-0.4363323129985825
11.106,-0.4363323129985824,-0.4363323129985825
11.109,-0.4363323129985824,-0.4363323129985825
11.112,-0.4363323129985824,-0.4363323129985825
11.115,-0.4363323129985824,-0.4363323129985825
11.118,-0.4363323129985824,-0.4363323129985825
11.121,-0.4363323129985824,-0.4363323129985825
11.124,-0.4363323129985824,-0.4363323129985825
11.127,-0.4363323129985824,-0.4363323129985825
11.13,-0.4363323129985824,-0.4363323129985825
11.133,-0.4363323129985824,-0.4363323129985825
11.136,-0.4363323129985824,-0.4363323129985825
11.139,-0.4363323129985824,-0.4363323129985825
11.142,-0.4363323129985824,-0.4363323129985825
11.145,-0.4363323129985824,-0.4363323129985825
11.148,-0.4363323129985824,-0.4363323129985825
11.151,-0.4363323129985824,-0.4363323129985825
11.154,-0.4363323129985824,-0.4363323129985825
11.157,-0.4363323129985824,-0.4363323129985825
11.16,-0.4363323129985824,-0.4363323129985825
11.163,-0.4363323129985824,-0.4363323129985825
11.166,-0.4363323129985824,-0.4363323129985825
11.169,-0.4363323129985824,-0.4363323129985825
11.172,-0.4363323129985824,-0.4363323129985825
11.175,-0.4363323129985824,-0.4363323129985825
11.178,-0.4363323129985824,-0.4363323129985825
11.181,-0.4363323129985824,-0.4363323129985825
11.184,-0.4363323129985824,-0.4363323129985825
11.187,-0.4363323129985824,-0.4363323129985825
11.19,-0.4363323129985824,-0.4363323129985825
11.193,-0.4363323129985824,-0.4363323129985825
11.196,-0.4363323129985824,-0.4363323129985825
11.199,-0.4363323129985824,-0.4363323129985825
11.202,-0.4363323129985824,-0.4363323129985825
11.205,-0.4363323129985824,-0.4363323129985825
11.208,-0.4363323129985824,-0.4363323129985825
11.211,-0.4363323129985824,-0.4363323129985825
11.214,-0.4363323129985824,-0.4363323129985825
11.217,-0.4363323129985824,-0.4363323129985825
11.22,-0.4363323129985824,-0.4363323129985825
11.223,-0.4363323129985824,-0.4363323129985825
11.226,-0.4363323129985824,-0.4363323129985825
11.229,-0.4363323129985824,-0.4363323129985825
11.232,-0.4363323129985824,-0.4363323129985825
11.235,-0.4363323129985824,-0.4363323129985825
11.238,-0.4363323129985824,-0.4363323129985825
11.241,-0.4363323129985824,-0.4363323129985825
11.244,-0.4363323129985824,-0.4363323129985825
11.247,-0.4363323129985824,-0.4363323129985825
11.25,-0.4363323129985824,-0.4363323129985825
11.253,-0.4363323129985824,-0.4363323129985825
11.256,-0.4363323129985824,-0.4363323129985825
11.259,-0.4363323129985824,-0.4363323129985825
11.262,-0.4363323129985824,-0.4363323129985825
11.265,-0.4363323129985824,-0.4363323129985825
11.268,-0.4363323129985824,-0.4363323129985825
11.271,-0.4363323129985824,-0.4363323129985825
11.274,-0.4363323129985824,-0.4363323129985825
11.277,-0.4363323129985824,-0.4363323129985825
11.28,-0.4363323129985824,-0.4363323129985825
11.283,-0.4363323129985824,-0.4363323129985825
11.286,-0.4363323129985824,-0.4363323129985825
11.289,-0.4363323129985824,-0.4363323129985825
11.292,-0.4363323129985824,-0.4363323129985825
11.295,-0.4363323129985824,-0.4363323129985825
11.298,-0.4363323129985824,-0.4363323129985825
11.301,-0.4363323129985824,-0.4363323129985825
11.304,-0.4363323129985824,-0.4363323129985825
11.307,-0.4363323129985824,-0.4363323129985825
11.31,-0.4363323129985824,-0.4363323129985825
11.313,-0.4363323129985824,-0.4363323129985825
11.316,-0.4363323129985824,-0.4363323129985825
11.319,-0.4363323129985824,-0.4363323129985825
11.322,-0.4363323129985824,-0.4363323129985825
11.325,-0.4363323129985824,-0.4363323129985825
11.328,-0.4363323129985824,-0.4363323129985825
11.331,-0.4363323129985824,-0.4363323129985825
11.334,-0.4363323129985824,-0.4363323129985825
11.337,-0.4363323129985824,-0.4363323129985825
11.34,-0.4363323129985824,-0.4363323129985825
11.343,-0.4363323129985824,-0.4363323129985825
11.346,-0.4363323129985824,-0.4363323129985825
11.349,-0.4363323129985824,-0.4363323129985825
11.352,-0.4363323129985824,-0.4363323129985825
11.355,-0.4363323129985824,-0.4363323129985825
11.358,-0.4363323129985824,-0.4363323129985825
11.361,-0.4363323129985824,-0.4363323129985825
11.364,-0.4363323129985824,-0.4363323129985825
11.367,-0.4363323129985824,-0.4363323129985825
11.37,-0.4363323129985824,-0.4363323129985825
11.373,-0.4363323129985824,-0.4363323129985825
11.376,-0.4363323129985824,-0.4363323129985825
11.379,-0.4363323129985824,-0.4363323129985825
11.382,-0.4363323129985824,-0.4363323129985825
11.385,-0.4363323129985824,-0.4363323129985825
11.388,-0.4363323129985824,-0.4363323129985825
11.391,-0.4363323129985824,-0.4363323129985825
11.394,-0.4363323129985824,-0.4363323129985825
11.397,-0.4363323129985824,-0.4363323129985825
11.4,-0.4363323129985824,-0.4363323129985825
11.403,-0.4363323129985824,-0.4363323129985825
11.406,-0.4363323129985824,-0.4363323129985825
11.409,-0.4363323129985824,-0.4363323129985825
11.412,-0.4363323129985824,-0.4363323129985825
11.415,-0.4363323129985824,-0.4363323129985825
11.418,-0.4363323129985824,-0.4363323129985825
11.421,-0.4363323129985824,-0.4363323129985825
11.424,-0.4363323129985824,-0.4363323129985825
11.427,-0.4363323129985824,-0.4363323129985825
11.43,-0.4363323129985824,-0.4363323129985825
11.433,-0.4363323129985824,-0.4363323129985825
11.436,-0.4363323129985824,-0.4363323129985825
11.439,-0.4363323129985824,-0.4363323129985825
11.442,-0.4363323129985824,-0.4363323129985825
11.445,-0.4363323129985824,-0.4363323129985825
11.448,-0.4363323129985824,-0.4363323129985825
11.451,-0.4363323129985824,-0.4363323129985825
11.454,-0.4363323129985824,-0.4363323129985825
11.457,-0.4363323129985824,-0.4363323129985825
11.46,-0.4363323129985824,-0.4363323129985825
11.463,-0.4363323129985824,-0.4363323129985825
11.466,-0.4363323129985824,-0.4363323129985825
11.469,-0.4363323129985824,-0.4363323129985825
11.472,-0.4363323129985824,-0.4363323129985825
11.475,-0.4363323129985824,-0.4363323129985825
11.478,-0.4363323129985824,-0.4363323129985825
11.481,-0.4363323129985824,-0.4363323129985825
11.484,-0.4363323129985824,-0.4363323129985825
11.487,-0.4363323129985824,-0.4363323129985825
11.49,-0.4363323129985824,-0.4363323129985825
11.493,-0.4363323129985824,-0.4363323129985825
11.496,-0.4363323129985824,-0.4363323129985825
11.499,-0.4363323129985824,-0.4363323129985825
11.502,-0.4363323129985824,-0.4363323129985825
11.505,-0.4363323129985824,-0.4363323129985825
11.508,-0.4363323129985824,-0.4363323129985825
11.511,-0.4363323129985824,-0.4363323129985825
11.514,-0.4363323129985824,-0.4363323129985825
11.517,-0.4363323129985824,-0.4363323129985825
11.52,-0.4363323129985824,-0.4363323129985825
11.523,-0.4363323129985824,-0.4363323129985825
11.526,-0.4363323129985824,-0.4363323129985825
11.529,-0.4363323129985824,-0.4363323129985825
11.532,-0.4363323129985824,-0.4363323129985825
11.535,-0.4363323129985824,-0.4363323129985825
11.538,-0.4363323129985824,-0.4363323129985825
11.541,-0.4363323129985824,-0.4363323129985825
11.544,-0.4363323129985824,-0.4363323129985825
11.547,-0.4363323129985824,-0.4363323129985825
11.55,-0.4363323129985824,-0.4363323129985825
11.553,-0.4363323129985824,-0.4363323129985825
11.556,-0.4363323129985824,-0.4363323129985825
11.559,-0.4363323129985824,-0.4363323129985825
11.562,-0.4363323129985824,-0.4363323129985825
11.565,-0.4363323129985824,-0.4363323129985825
11.568,-0.4363323129985824,-0.4363323129985825
11.571,-0.4363323129985824,-0.4363323129985825
11.574,-0.4363323129985824,-0.4363323129985825
11.577,-0.4363323129985824,-0.4363323129985825
11.58,-0.4363323129985824,-0.4363323129985825
11.583,-0.4363323129985824,-0.4363323129985825
11.586,-0.4363323129985824,-0.4363323129985825
11.589,-0.4363323129985824,-0.4363323129985825
11.592,-0.4363323129985824,-0.4363323129985825
11.595,-0.4363323129985824,-0.4363323129985825
11.598,-0.4363323129985824,-0.4363323129985825
11.601,-0.4363323129985824,-0.4363323129985825
11.604,-0.4363323129985824,-0.4363323129985825
11.607,-0.4363323129985824,-0.4363323129985825
11.61,-0.4363323129985824,-0.4363323129985825
11.613,-0.4363323129985824,-0.4363323129985825
11.616,-0.4363323129985824,-0.4363323129985825
11.619,-0.4363323129985824,-0.4363323129985825
11.622,-0.4363323129985824,-0.4363323129985825
11.625,-0.4363323129985824,-0.4363323129985825
11.628,-0.4363323129985824,-0.4363323129985825
11.631,-0.4363323129985824,-0.4363323129985825
11.634,-0.4363323129985824,-0.4363323129985825
11.637,-0.4363323129985824,-0.4363323129985825
11.64,-0.4363323129985824,-0.4363323129985825
11.643,-0.4363323129985824,-0.4363323129985825
11.646,-0.4363323129985824,-0.4363323129985825
11.649,-0.4363323129985824,-0.4363323129985825
11.652,-0.4363323129985824,-0.4363323129985825
11.655,-0.4363323129985824,-0.4363323129985825
11.658,-0.4363323129985824,-0.4363323129985825
11.661,-0.4363323129985824,-0.4363323129985825
11.664,-0.4363323129985824,-0.4363323129985825
11.667,-0.4363323129985824,-0.4363323129985825
11.67,-0.4363323129985824,-0.4363323129985825
11.673,-0.4363323129985824,-0.4363323129985825
11.676,-0.4363323129985824,-0.4363323129985825
11.679,-0.4363323129985824,-0.4363323129985825
11.682,-0.4363323129985824,-0.4363323129985825
11.685,-0.4363323129985824,-0.4363323129985825
11.688,-0.4363323129985824,-0.4363323129985825
11.691,-0.4363323129985824,-0.4363323129985825
11.694,-0.4363323129985824,-0.4363323129985825
11.697,-0.4363323129985824,-0.4363323129985825
11.7,-0.4363323129985824,-0.4363323129985825
11.703,-0.4363323129985824,-0.4363323129985825
11.706,-0.4363323129985824,-0.4363323129985825
11.709,-0.4363323129985824,-0.4363323129985825
11.712,-0.4363323129985824,-0.4363323129985825
11.715,-0.4363323129985824,-0.4363323129985825
11.718,-0.4363323129985824,-0.4363323129985825
11.721,-0.4363323129985824,-0.4363323129985825
11.724,-0.4363323129985824,-0.4363323129985825
11.727,-0.4363323129985824,-0.4363323129985825
11.73,-0.4363323129985824,-0.4363323129985825
11.733,-0.4363323129985824,-0.4363323129985825
11.736,-0.4363323129985824,-0.4363323129985825
11.739,-0.4363323129985824,-0.4363323129985825
11.742,-0.4363323129985824,-0.4363323129985825
11.745,-0.4363323129985824,-0.4363323129985825
11.748,-0.4363323129985824,-0.4363323129985825
11.751,-0.4363323129985824,-0.4363323129985825
11.754,-0.4363323129985824,-0.4363323129985825
11.757,-0.4363323129985824,-0.4363323129985825
11.76,-0.4363323129985824,-0.4363323129985825
11.763,-0.4363323129985824,-0.4363323129985825
11.766,-0.4363323129985824,-0.4363323129985825
11.769,-0.4363323129985824,-0.4363323129985825
11.772,-0.4363323129985824,-0.4363323129985825
11.775,-0.4363323129985824,-0.4363323129985825
11.778,-0.4363323129985824,-0.4363323129985825
11.781,-0.4363323129985824,-0.4363323129985825
11.784,-0.4363323129985824,-0.4363323129985825
11.787,-0.4363323129985824,-0.4363323129985825
11.79,-0.4363323129985824,-0.4363323129985825
11.793,-0.4363323129985824,-0.4363323129985825
11.796,-0.4363323129985824,-0.4363323129985825
11.799,-0.4363323129985824,-0.4363323129985825
11.802,-0.4363323129985824,-0.4363323129985825
11.805,-0.4363323129985824,-0.4363323129985825
11.808,-0.4363323129985824,-0.4363323129985825
11.811,-0.4363323129985824,-0.4363323129985825
11.814,-0.4363323129985824,-0.4363323129985825
11.817,-0.4363323129985824,-0.4363323129985825
11.82,-0.4363323129985824,-0.4363323129985825
11.823,-0.4363323129985824,-0.4363323129985825
11.826,-0.4363323129985824,-0.4363323129985825
11.829,-0.4363323129985824,-0.4363323129985825
11.832,-0.4363323129985824,-0.4363323129985825
11.835,-0.4363323129985824,-0.4363323129985825
11.838,-0.4363323129985824,-0.4363323129985825
11.841,-0.4363323129985824,-0.4363323129985825
11.844,-0.4363323129985824,-0.4363323129985825
11.847,-0.4363323129985824,-0.4363323129985825
11.85,-0.4363323129985824,-0.4363323129985825
11.853,-0.4363323129985824,-0.4363323129985825
11.856,-0.4363323129985824,-0.4363323129985825
11.859,-0.4363323129985824,-0.4363323129985825
11.862,-0.4363323129985824,-0.4363323129985825
11.865,-0.4363323129985824,-0.4363323129985825
11.868,-0.4363323129985824,-0.4363323129985825
11.871,-0.4363323129985824,-0.4363323129985825
11.874,-0.4363323129985824,-0.4363323129985825
11.877,-0.4363323129985824,-0.4363323129985825
11.88,-0.4363323129985824,-0.4363323129985825
11.883,-0.4363323129985824,-0.4363323129985825
11.886,-0.4363323129985824,-0.4363323129985825
11.889,-0.4363323129985824,-0.4363323129985825
11.892,-0.4363323129985824,-0.4363323129985825
11.895,-0.4363323129985824,-0.4363323129985825
11.898,-0.4363323129985824,-0.4363323129985825
11.901,-0.4363323129985824,-0.4363323129985825
11.904,-0.4363323129985824,-0.4363323129985825
11.907,-0.4363323129985824,-0.4363323129985825
11.91,-0.4363323129985824,-0.4363323129985825
11.913,-0.4363323129985824,-0.4363323129985825
11.916,-0.4363323129985824,-0.4363323129985825
11.919,-0.4363323129985824,-0.4363323129985825
11.922,-0.4363323129985824,-0.4363323129985825
11.925,-0.4363323129985824,-0.4363323129985825
11.928,-0.4363323129985824,-0.4363323129985825
11.931,-0.4363323129985824,-0.4363323129985825
11.934,-0.4363323129985824,-0.4363323129985825
11.937,-0.4363323129985824,-0.4363323129985825
11.94,-0.4363323129985824,-0.4363323129985825
11.943,-0.4363323129985824,-0.4363323129985825
11.946,-0.4363323129985824,-0.4363323129985825
11.949,-0.4363323129985824,-0.4363323129985825
11.952,-0.4363323129985824,-0.4363323129985825
11.955,-0.4363323129985824,-0.4363323129985825
11.958,-0.4363323129985824,-0.4363323129985825
11.961,-0.4363323129985824,-0.4363323129985825
11.964,-0.4363323129985824,-0.4363323129985825
11.967,-0.4363323129985824,-0.4363323129985825
11.97,-0.4363323129985824,-0.4363323129985825
11.973,-0.4363323129985824,-0.4363323129985825
11.976,-0.4363323129985824,-0.4363323129985825
11.979,-0.4363323129985824,-0.4363323129985825
11.982,-0.4363323129985824,-0.4363323129985825
11.985,-0.4363323129985824,-0.4363323129985825
11.988,-0.4363323129985824,-0.4363323129985825
11.991,-0.4363323129985824,-0.4363323129985825
11.994,-0.4363323129985824,-0.4363323129985825
11.997,-0.4363323129985824,-0.4363323129985825
12.0,-0.4363323129985824,-0.4363323129985825
12.003,-0.4363323129985824,-0.4363323129985825
12.006,-0.4363323129985824,-0.4363323129985825
12.009,-0.4363323129985824,-0.4363323129985825
12.012,-0.4363323129985824,-0.4363323129985825
12.015,-0.4363323129985824,-0.4363323129985825
12.018,-0.4363323129985824,-0.4363323129985825
12.021,-0.4363323129985824,-0.4363323129985825
12.024,-0.4363323129985824,-0.4363323129985825
12.027,-0.4363323129985824,-0.4363323129985825
12.03,-0.4363323129985824,-0.4363323129985825
12.033,-0.4363323129985824,-0.4363323129985825
12.036,-0.4363323129985824,-0.4363323129985825
12.039,-0.4363323129985824,-0.4363323129985825
12.042,-0.4363323129985824,-0.4363323129985825
12.045,-0.4363323129985824,-0.4363323129985825
12.048,-0.4363323129985824,-0.4363323129985825
12.051,-0.4363323129985824,-0.4363323129985825
12.054,-0.4363323129985824,-0.4363323129985825
12.057,-0.4363323129985824,-0.4363323129985825
12.06,-0.4363323129985824,-0.4363323129985825
12.063,-0.4363323129985824,-0.4363323129985825
12.066,-0.4363323129985824,-0.4363323129985825
12.069,-0.4363323129985824,-0.4363323129985825
12.072,-0.4363323129985824,-0.4363323129985825
12.075,-0.4363323129985824,-0.4363323129985825
12.078,0.3991567999311032,-0.4301598408962383
12.081,0.3991567999311032,-0.41147417624048616
12.084,0.3991567999311032,-0.3861334853284209
12.087,0.3991567999311032,-0.3602078545775673
12.09,0.3991567999311032,-0.33378319229453873
12.093,0.3991567999311032,-0.3069268511620085
12.096,0.3991567999311032,-0.27966382121576283
12.099,0.39950586578150205,-0.2519892804767448
12.102,0.39950586578150205,-0.22390311533905363
12.105,0.39950586578150205,-0.1954235280714328
12.108,0.39950586578150205,-0.16658597920119625
12.111,0.39950586578150205,-0.1374422742465894
12.114,0.39950586578150205,-0.10805990930746992
12.117,0.39950586578150205,-0.07852080548083469
12.12,0.40020399748229973,-0.0489188826489119
12.123,0.40020399748229973,-0.019358386905314603
12.126,0.40020399748229973,0.010046547862693992
12.129,0.40020399748229973,0.03917465078385334
12.132,0.40020399748229973,0.06793754950141946
12.135,0.40020399748229973,0.0963431496183466
12.138,0.40020399748229973,0.12445540935679204
12.141,0.40072759625789806,0.15228023185304237
12.144,0.40072759625789806,0.17972417442686026
12.147,0.40072759625789806,0.20661124755822866
12.15,0.40072759625789806,0.23270669303206493
12.153,0.40072759625789806,0.25774264943591274
12.156,0.40072759625789806,0.28140585843431154
12.159,0.40072759625789806,0.30332875390947295
12.162,0.4014257279586958,0.32316960586044935
12.165,0.4014257279586958,0.34070360074315564
12.168,0.4014257279586958,0.35586817985607494
12.171,0.4014257279586958,0.3687524258350681
12.174,0.4014257279586958,0.37952093474089577
12.177,0.4014257279586958,0.3883614623638056
12.18,0.4014257279586958,0.3954738371026083
12.183,0.40177479380909464,0.4010637464241442
12.186,0.40177479380909464,0.40533525730526615
12.189,0.40177479380909464,0.40848001561039715
12.192,0.40177479380909464,0.4106745532050668
12.195,0.40177479380909464,0.4120812645636291
12.198,0.40177479380909464,0.4128469887525382
12.201,0.40177479380909464,0.41310239021801937
12.204,0.40229839258469297,0.4129658339135539
12.207,0.40229839258469297,0.4125428288828186
12.21,0.40229839258469297,0.41191824827739204
12.213,0.40229839258469297,0.41115875632766336
12.216,0.40229839258469297,0.4103190612724592
12.219,0.40229839258469297,0.40944315793956626
12.222,0.40229839258469297,0.40856558975845375
12.225,0.4028219913602913,0.40771655653532873
12.228,0.4028219913602913,0.40692206078759713
12.231,0.4028219913602913,0.40619640657487466
12.234,0.4028219913602913,0.4055445744908754
12.237,0.4028219913602913,0.40496817246704175
12.24,0.4028219913602913,0.40446619483123136
12.243,0.4028219913602913,0.40403567707250143
12.246,0.40334559013588955,0.4036761201763799
12.249,0.40334559013588955,0.4033889157456596
12.252,0.40334559013588955,0.40316911619040574
12.255,0.40334559013588955,0.4030070969601366
12.258,0.40334559013588955,0.4028938277340723
12.261,0.40334559013588955,0.4028209971693327
12.264,0.40334559013588955,0.4027810865686711
12.267,0.4036946559862884,0.40276998135445263
12.27,0.4036946559862884,0.4027862785618644
12.273,0.4036946559862884,0.4028255221182591
12.276,0.4036946559862884,0.4028810646800212
12.279,0.4036946559862884,0.40294736696326056
12.282,0.4036946559862884,0.4030198964439868
12.285,0.4036946559862884,0.4030950205330499
12.288,0.4042182547618867,0.4031737669756745
12.291,0.4042182547618867,0.40326067895679885
12.294,0.4042182547618867,0.4033551035795484
12.297,0.4042182547618867,0.40345245380709843
12.3,0.4042182547618867,0.4035491531410067
12.303,0.4042182547618867,0.4036424996406146
12.306,0.4042182547618867,0.40373053661791325
12.309,0.40474185353748504,0.40381580050421256
12.312,0.40474185353748504,0.4039041713613042
12.315,0.40474185353748504,0.40399616294166607
12.318,0.40474185353748504,0.40408819086424824
12.321,0.40474185353748504,0.4041775268821227
12.324,0.40474185353748504,0.40426217476077314
12.327,0.40474185353748504,0.4043407542082022
12.33,0.4050909193878839,0.4044149732090426
12.333,0.4050909193878839,0.40448883898693927
12.336,0.4050909193878839,0.40456283202473164
12.339,0.4050909193878839,0.4046347352888721
12.342,0.4050909193878839,0.40470292370723915
12.345,0.4050909193878839,0.4047662706241934
12.348,0.4050909193878839,0.40482406189808157
12.351,0.4054399852382828,0.4048784971997844
12.354,0.4054399852382828,0.4049339281683244
12.357,0.4054399852382828,0.40499105747305186
12.36,0.4054399852382828,0.40504779070328517
12.363,0.4054399852382828,0.4051025460331824
12.366,0.4054399852382828,0.4051541783817945
12.369,0.4054399852382828,0.40520190880388096
12.372,0.40578905108868163,0.4052478387949042
12.375,0.40578905108868163,0.40529619932876515
12.378,0.40578905108868163,0.4053475588642483
12.381,0.40578905108868163,0.40539968244018004
12.384,0.40578905108868163,0.40545084700996636
12.387,0.40578905108868163,0.40549976993521264
12.39,0.40578905108868163,0.40554554156547357
12.393,0.40631264986427995,0.4055914311909302
12.396,0.40631264986427995,0.4056437910326613
12.399,0.40631264986427995,0.4057033946964213
12.402,0.40631264986427995,0.40576674844257465
12.405,0.40631264986427995,0.4058310832423387
12.408,0.40631264986427995,0.405894263291233
12.411,0.40631264986427995,0.4059546976889456
12.414,0.4066617157146788,0.4060138359861071
12.417,0.4066617157146788,0.40607539822132177
12.42,0.4066617157146788,0.40613956430391335
12.423,0.4066617157146788,0.40620381532258326
12.426,0.4066617157146788,0.40626623225604863
12.429,0.4066617157146788,0.40632540921858357
12.432,0.4066617157146788,0.40638037228908747
12.435,0.4068362486398782,0.40643179441096805
12.438,0.4068362486398782,0.40648158165651865
12.441,0.4068362486398782,0.4065299431480951
12.444,0.4068362486398782,0.4065757907054202
12.447,0.4068362486398782,0.4066183706778728
12.45,0.4068362486398782,0.40665720621285206
12.453,0.4068362486398782,0.4066920451509417
12.456,0.4071853144902771,0.40672539258974916
12.459,0.4071853144902771,0.40676177745411624
12.462,0.4071853144902771,0.4068019769642768
12.465,0.4071853144902771,0.406843890891568
12.468,0.4071853144902771,0.40688587061552145
12.471,0.4071853144902771,0.40692665984041354
12.474,0.4071853144902771,0.40696533789575606
12.477,0.40753438034067596,0.4070038455260807
12.48,0.40753438034067596,0.4070462432291027
12.483,0.40753438034067596,0.4070929266257825
12.486,0.40753438034067596,0.4071414912278753
12.489,0.40753438034067596,0.40719005199046454
12.492,0.40753438034067596,0.40723717479235405
12.495,0.40753438034067596,0.4072818109775542
12.498,0.4078834461910748,0.407325815007943
12.501,0.4078834461910748,0.40737319537792993
12.504,0.4078834461910748,0.4074243233233509
12.507,0.4078834461910748,0.4074767917047188
12.51,0.4078834461910748,0.4075287294404264
12.513,0.4078834461910748,0.4075787286011177
12.516,0.4078834461910748,0.4076257752527033
12.519,0.4080579791162742,0.4076704746190905
12.522,0.4080579791162742,0.40771464597380747
12.525,0.4080579791162742,0.40775839968902944
12.528,0.4080579791162742,0.4078005426592845
12.531,0.4080579791162742,0.40784021471119064
12.534,0.4080579791162742,0.40787683440177847
12.537,0.4080579791162742,0.40791004954231574
12.54,0.4084070449666731,0.40794227162737456
12.543,0.4084070449666731,0.40797794363429374
12.546,0.4084070449666731,0.40801776520037897
12.549,0.4084070449666731,0.40805956717090425
12.552,0.4084070449666731,0.408101640622768
12.555,0.4084070449666731,0.40814267730077103
12.558,0.4084070449666731,0.4081817124583089
12.561,0.408756110817072,0.40822065006435565
12.564,0.408756110817072,0.4082635204824618
12.567,0.408756110817072,0.4083106951430279
12.57,0.408756110817072,0.4083597506043013
12.573,0.408756110817072,0.40840878741256587
12.576,0.408756110817072,0.4084563609214644
12.579,0.408756110817072,0.4085014152157414
12.582,0.40910517666747087,0.4085458001973848
12.585,0.40910517666747087,0.40859352198948196
12.588,0.40910517666747087,0.4086449511917931
12.591,0.40910517666747087,0.4086976813678127
12.594,0.40910517666747087,0.40874984313696144
12.597,0.40910517666747087,0.40880003098000645
12.6,0.40910517666747087,0.40884723384127264
12.603,0.4092797095926703,0.40889206009432005
12.606,0.4092797095926703,0.40893633227562354
12.609,0.4092797095926703,0.40898016401008086
12.612,0.4092797095926703,0.4090223653410405
12.615,0.4092797095926703,0.40906207907183484
12.618,0.4092797095926703,0.40909872651729623
12.621,0.4092797095926703,0.4091319579984378
12.624,0.4094542425178697,0.40916289783279897
12.627,0.4094542425178697,0.40919375860161683
12.63,0.4094542425178697,0.409224936657874
12.633,0.4094542425178697,0.40925543476619425
12.636,0.4094542425178697,0.40928451427440204
12.639,0.4094542425178697,0.409311655101327
12.642,0.4094542425178697,0.4093365188344804
12.645,0.40980330836826856,0.40936149413214284
12.648,0.40980330836826856,0.40939097395359536
12.651,0.40980330836826856,0.4094255887149682
12.654,0.40980330836826856,0.40946308747526955
12.657,0.40980330836826856,0.40950167238189566
12.66,0.40980330836826856,0.40953994344321265
12.663,0.40980330836826856,0.40957684475147166
12.666,0.40997784129346804,0.40961290282227486
12.669,0.40997784129346804,0.40964983259726523
12.672,0.40997784129346804,0.4096876237042125
12.675,0.40997784129346804,0.4097249533739561
12.678,0.40997784129346804,0.4097608288149432
12.681,0.40997784129346804,0.4097945376371739
12.684,0.40997784129346804,0.4098256018460415
12.687,0.41015237421866746,0.40985502533575136
12.69,0.41015237421866746,0.4098849098277252
12.693,0.41015237421866746,0.40991555136758884
12.696,0.41015237421866746,0.4099458634056629
12.699,0.41015237421866746,0.40997502897888716
12.702,0.41015237421866746,0.410002460381345
12.705,0.41015237421866746,0.4100277617047466
12.708,0.4103269071438669,0.4100519840933757
12.711,0.4103269071438669,0.4100772486173063
12.714,0.4103269071438669,0.41010384887026313
12.717,0.4103269071438669,0.41013067933619135
12.72,0.4103269071438669,0.41015689208111666
12.723,0.4103269071438669,0.4101818602098009
12.726,0.4103269071438669,0.41020514352976484
12.729,0.4105014400690663,0.4102277463333383
12.732,0.4105014400690663,0.4102517422695018
12.735,0.4105014400690663,0.41027737847921747
12.738,0.4105014400690663,0.41030350510316727
12.741,0.4105014400690663,0.41032923277952965
12.744,0.4105014400690663,0.4103538966276634
12.747,0.4105014400690663,0.4103770222113887
12.75,0.4106759729942658,0.41039958343815547
12.753,0.4106759729942658,0.4104236274059608
12.756,0.4106759729942658,0.4104493784064193
12.759,0.4106759729942658,0.4104756672224819
12.762,0.4106759729942658,0.41050158836323836
12.765,0.4106759729942658,0.4105264637521046
12.768,0.4106759729942658,0.4105498083785988
12.771,0.41085050591946515,0.4105725878830273
12.774,0.41085050591946515,0.410596843095949
12.777,0.41085050591946515,0.4106227937482253
12.78,0.41085050591946515,0.4106492674953609
12.783,0.41085050591946515,0.41067535690195
12.786,0.41085050591946515,0.41070038290442235
12.789,0.41085050591946515,0.41072386026299695
12.792,0.4110250388446646,0.41074675497194263
12.795,0.4110250388446646,0.41077110864909416
12.798,0.4110250388446646,0.4107971421190111
12.801,0.4110250388446646,0.4108236843317157
12.804,0.4110250388446646,0.4108498292608587
12.807,0.4110250388446646,0.41087489929743404
12.81,0.4110250388446646,0.41089841064786425
12.813,0.411199571769864,0.4109213307035233
12.816,0.411199571769864,0.41094570240070893
12.819,0.411199571769864,0.4109717477836449
12.822,0.411199571769864,0.4109982969108056
12.825,0.411199571769864,0.4110244447469205
12.828,0.411199571769864,0.41104951455547206
12.831,0.411199571769864,0.41107302329935846
12.834,0.41137410469506347,0.41109593901580604
12.837,0.41137410469506347,0.41112030518371134
12.84,0.41137410469506347,0.4111463442953024
12.843,0.41137410469506347,0.41117288677184605
12.846,0.41137410469506347,0.41119902786531054
12.849,0.41137410469506347,0.4112240910604429
12.852,0.41137410469506347,0.41124759348467127
12.855,0.41137410469506347,0.4112692138678462
12.858,0.41137410469506347,0.411288763388858
12.861,0.41137410469506347,0.4113061595802568
12.864,0.41137410469506347,0.411321403330705
12.867,0.41137410469506347,0.411334558924024
12.87,0.41137410469506347,0.4113457369785042
12.873,0.41137410469506347,0.4113550800970458
12.876,0.41154863762026295,0.41136404042776953
12.879,0.41154863762026295,0.41137502357201317
12.882,0.41154863762026295,0.41138851062841414
12.885,0.41154863762026295,0.41140350422238625
12.888,0.41154863762026295,0.411419200982088
12.891,0.41154863762026295,0.4114349688832616
12.894,0.41154863762026295,0.41145032494851136
12.897,0.4117231705454623,0.41146620329915157
12.9,0.4117231705454623,0.4114845886501127
12.903,0.4117231705454623,0.4115056275605965
12.906,0.4117231705454623,0.4115280636997092
12.909,0.4117231705454623,0.411550899899179
12.912,0.4117231705454623,0.41157336564210983
12.915,0.4117231705454623,0.41159488562895924
12.918,0.4118977034706618,0.41161633951592097
12.921,0.4118977034706618,0.41163968796580874
12.924,0.4118977034706618,0.41166507733618796
12.927,0.4118977034706618,0.41169126924710203
12.93,0.4118977034706618,0.41171729776210997
12.933,0.4118977034706618,0.4117424327779565
12.936,0.4118977034706618,0.41176614520043153
12.939,0.4118977034706618,0.4117880745083529
12.942,0.4118977034706618,0.4118079990930815
12.945,0.4118977034706618,0.41182580958630594
12.948,0.4118977034706618,0.4118414852496514
12.951,0.4118977034706618,0.4118550733915963
12.954,0.4118977034706618,0.41186667169597035
12.957,0.4118977034706618,0.41187641328794683
12.96,0.4120722363958612,0.4118857437480517
12.963,0.4120722363958612,0.4118970645182813
12.966,0.4120722363958612,0.4119108544931638
12.969,0.4120722363958612,0.4119261156467744
12.972,0.4120722363958612,0.41194204515660526
12.975,0.4120722363958612,0.4119580124450288
12.978,0.4120722363958612,0.41197353662123715
12.981,0.4120722363958612,0.411988264894504
12.984,0.4120722363958612,0.41200195236439685
12.987,0.4120722363958612,0.4120144434558669
12.99,0.4120722363958612,0.4120256551544637
12.993,0.4120722363958612,0.4120355621065945
12.996,0.4120722363958612,0.41204418357911066
12.999,0.4120722363958612,0.41205157221892436
13.002,0.41224676932106064,0.41205909393822193
13.005,0.41224676932106064,0.4120690734812008
13.008,0.41224676932106064,0.4120819175712518
13.011,0.41224676932106064,0.4120965615881786
13.014,0.41224676932106064,0.4121121423263101
13.017,0.41224676932106064,0.41212797533497997
13.02,0.41224676932106064,0.4121435323955876
13.023,0.41224676932106064,0.4121584197681623
13.026,0.41224676932106064,0.41217235766624766
13.029,0.41224676932106064,0.41218516127289834
13.032,0.41224676932106064,0.41219672349023545
13.035,0.41224676932106064,0.41220699951775347
13.038,0.41224676932106064,0.41221599327776304
13.041,0.41224676932106064,0.4122237456473747
13.044,0.41242130224626006,0.41223161383662404
13.047,0.41242130224626006,0.41224191647873837
13.05,0.41242130224626006,0.41225505633822324
13.053,0.41242130224626006,0.4122699665904
13.056,0.41242130224626006,0.412285783225096
13.059,0.41242130224626006,0.41230182207609184
13.062,0.41242130224626006,0.4123175560293532
13.065,0.41242130224626006,0.4123325930408222
13.068,0.41242130224626006,0.4123466554197627
13.071,0.41242130224626006,0.4123595606872123
13.074,0.41242130224626006,0.41237120419850903
13.077,0.41242130224626006,0.4123815436215443
13.08,0.41242130224626006,0.41239058528563055
13.083,0.41242130224626006,0.4123983723570373
13.086,0.41259583517145954,0.4124062641776511
13.089,0.41259583517145954,0.4124165813298627
13.092,0.41259583517145954,0.41242972833074343
13.095,0.41259583517145954,0.41244463990680785
13.098,0.41259583517145954,0.4124604534000232
13.101,0.41259583517145954,0.41247648580490215
13.104,0.41259583517145954,0.41249221098820954
13.107,0.41259583517145954,0.4125072377207995
13.11,0.41259583517145954,0.4125212889765523
13.113,0.41259583517145954,0.41253418280712867
13.116,0.41259583517145954,0.4125458149808608
13.119,0.41259583517145954,0.4125561434769313
13.122,0.41259583517145954,0.4125651748493648
13.125,0.41259583517145954,0.412572952416628
13.128,0.41259583517145954,0.41257954618925735
13.131,0.41259583517145954,0.41258504441751426
13.134,0.41259583517145954,0.4125895466214177
13.137,0.41259583517145954,0.41259315795461343
13.14,0.41259583517145954,0.4125959847496473
13.143,0.41259583517145954,0.41259813109375265
13.146,0.41259583517145954,0.4125996962898939
13.149,0.41259583517145954,0.4126007730663849
13.152,0.41259583517145954,0.4126014464089699
13.155,0.41259583517145954,0.41260179290101695
13.158,0.41259583517145954,0.4126018804698071
13.161,0.41259583517145954,0.41260176844929763
13.164,0.41259583517145954,0.41260150788182176
13.167,0.41259583517145954,0.412601141992664
13.17,0.41277036809665896,0.41260199620602456
13.173,0.41277036809665896,0.41260633233778204
13.176,0.41277036809665896,0.41261447896892295
13.179,0.41277036809665896,0.41262528407044363
13.182,0.41277036809665896,0.41263779256058536
13.185,0.41277036809665896,0.4126512274287367
13.188,0.41277036809665896,0.41266497011131786
13.191,0.41277036809665896,0.41267854087845557
13.194,0.41277036809665896,0.4126915798084705
13.197,0.41277036809665896,0.41270382877183137
13.2,0.41277036809665896,0.4127151147155615
13.203,0.41277036809665896,0.41272533443106174
13.206,0.41277036809665896,0.41273444090072287
13.209,0.41277036809665896,0.4127424312492344
13.212,0.41277036809665896,0.4127493362718824
13.215,0.41277036809665896,0.41275521147215005
13.218,0.41277036809665896,0.4127601295125227
13.221,0.41277036809665896,0.41276417396361703
13.224,0.41277036809665896,0.41276743422586043
13.227,0.41277036809665896,0.4127700014933775
13.23,0.41277036809665896,0.4127719656301096
13.233,0.4129449010218584,0.4127747022562001
13.236,0.4129449010218584,0.4127805246066677
13.239,0.4129449010218584,0.4127898120927991
13.242,0.4129449010218584,0.4128014615657644
13.245,0.4129449010218584,0.4128145638957488
13.248,0.4129449010218584,0.4128283844381984
13.251,0.4129449010218584,0.41284234301529593
13.254,0.4129449010218584,0.4128559941201728
13.257,0.4129449010218584,0.4128690078755857
13.26,0.4129449010218584,0.4128811521293241
13.263,0.4129449010218584,0.41289227594360345
13.266,0.4129449010218584,0.41290229463298594
13.269,0.4129449010218584,0.4129111764226433
13.272,0.4129449010218584,0.41291893073372704
13.275,0.4129449010218584,0.41292559805290263
13.278,0.4129449010218584,0.4129312413065641
13.281,0.4129449010218584,0.4129359386347883
13.284,0.4129449010218584,0.4129397774438175
13.287,0.4129449010218584,0.41294284960706956
13.29,0.4129449010218584,0.41294524768181845
13.293,0.4129449010218584,0.41294706201045084
13.296,0.4129449010218584,0.41294837858041267
13.299,0.4129449010218584,0.4129492775246465
13.302,0.4129449010218584,0.4129498321536593
13.305,0.4129449010218584,0.4129501084206847
13.308,0.4129449010218584,0.4129501647321702
13.311,0.4129449010218584,0.412950052026605
13.314,0.4129449010218584,0.4129498140551846
13.317,0.4129449010218584,0.4129494878077484
13.32,0.4129449010218584,0.412949104036663
13.323,0.4129449010218584,0.4129486878397428
13.326,0.4129449010218584,0.4129482592708661
13.329,0.4129449010218584,0.41294783395361606
13.332,0.4129449010218584,0.4129474236790911
13.335,0.4129449010218584,0.41294703697400365
13.338,0.4129449010218584,0.41294667962938447
13.341,0.4129449010218584,0.4129463551836904
13.344,0.4129449010218584,0.4129460653569432
13.347,0.4129449010218584,0.4129458104347809
13.35,0.4129449010218584,0.41294558960305067
13.353,0.4129449010218584,0.41294540123488466
13.356,0.4129449010218584,0.4129452431331376
13.359,0.41311943394705786,0.4129464021555755
13.362,0.41311943394705786,0.4129511079077139
13.365,0.41311943394705786,0.4129596625480488
13.368,0.41311943394705786,0.41297089280960547
13.371,0.41311943394705786,0.4129838269449031
13.374,0.41311943394705786,0.41299767524889536
13.377,0.41311943394705786,0.41301180986025593
13.38,0.41311943394705786,0.41302574461049407
13.383,0.41311943394705786,0.4130391155049488
13.386,0.41311943394705786,0.41305166226136164
13.389,0.41311943394705786,0.41306321119866796
13.392,0.41311943394705786,0.4130736596587628
13.395,0.41311943394705786,0.4130829620549857
13.398,0.41311943394705786,0.4130911175705817
13.401,0.41311943394705786,0.4130981594760729
13.404,0.41311943394705786,0.41310414599406325
13.407,0.41311943394705786,0.41310915261136405
13.41,0.41311943394705786,0.4131132657195002
13.413,0.41311943394705786,0.4131165774538458
13.416,0.41311943394705786,0.41311918159724614
13.419,0.41311943394705786,0.41312117041460733
13.422,0.41311943394705786,0.4131226322893541
13.425,0.41311943394705786,0.41312365003983387
13.428,0.41311943394705786,0.4131242998028109
13.431,0.41311943394705786,0.4131246503814237
13.434,0.41311943394705786,0.41312476296579786
13.437,0.41311943394705786,0.41312469114545053
13.44,0.41311943394705786,0.41312448114333694
13.443,0.41311943394705786,0.4131241722116162
13.446,0.41311943394705786,0.41312379713876707
13.449,0.41311943394705786,0.41312338282643724
13.452,0.41311943394705786,0.41312295090230217
13.455,0.41311943394705786,0.41312251834221253
13.458,0.41311943394705786,0.41312209808102157
13.461,0.41311943394705786,0.41312169959675066
13.464,0.41311943394705786,0.4131213294572042
13.467,0.41311943394705786,0.4131209918218636
13.47,0.41311943394705786,0.41312068889492076
13.473,0.41311943394705786,0.41312042132775056
13.476,0.41311943394705786,0.41312018857101984
13.479,0.41311943394705786,0.41311998917807086
13.482,0.41311943394705786,0.41311982106226847
13.485,0.41311943394705786,0.41311968171171404
13.488,0.41311943394705786,0.41311956836517827
13.491,0.41311943394705786,0.41311947815332667
13.494,0.41311943394705786,0.41311940820936593
13.497,0.41311943394705786,0.4131193557531543
13.5,0.41311943394705786,0.4131193181526356
13.503,0.41311943394705786,0.4131192929662056
13.506,0.41311943394705786,0.4131192779693181
13.509,0.41311943394705786,0.41311927116831376
13.512,0.41311943394705786,0.41311927080411887
13.515,0.41311943394705786,0.41311927534812676
13.518,0.41311943394705786,0.4131192834922543
13.521,0.41311943394705786,0.41311929413485904
13.524,0.41311943394705786,0.4131193063639237
13.527,0.4132939668722572,0.4131206088625363
13.53,0.4132939668722572,0.4131254334185993
13.533,0.4132939668722572,0.4131340845801762
13.536,0.4132939668722572,0.413145391556877
13.539,0.4132939668722572,0.4131583850708264
13.542,0.4132939668722572,0.413172277808293
13.545,0.4132939668722572,0.41318644416903166
13.548,0.4132939668722572,0.41320040007972575
13.551,0.4132939668722572,0.4132137834527437
13.554,0.4132939668722572,0.4132263357133504
13.557,0.4132939668722572,0.4132378846857516
13.56,0.4132939668722572,0.41324832901874525
13.563,0.4132939668722572,0.41325762424302565
13.566,0.4132939668722572,0.4132657704819556
13.569,0.4132939668722572,0.41327280178354253
13.572,0.4132939668722572,0.413278777001161
13.575,0.4132939668722572,0.4132837721221251
13.578,0.4132939668722572,0.41328787392455807
13.581,0.4132939668722572,0.4132911748323435
13.584,0.4132939668722572,0.41329376883367924
13.587,0.4132939668722572,0.41329574832948607
13.59,0.4132939668722572,0.41329720178242807
13.593,0.4132939668722572,0.4132982120445531
13.596,0.4132939668722572,0.4132988552506813
13.599,0.4132939668722572,0.41329920017494487
13.602,0.4132939668722572,0.4132993079587299
13.605,0.4132939668722572,0.4132992321292403
13.608,0.4132939668722572,0.41329901883863174
13.611,0.4132939668722572,0.4132987072638996
13.614,0.4132939668722572,0.41329833011725936
13.617,0.4132939668722572,0.41329791422551254
13.62,0.4132939668722572,0.4132974811447787
13.623,0.4132939668722572,0.4132970477839702
13.626,0.4132939668722572,0.4132966270164937
13.629,0.4132939668722572,0.41329622826491796
13.632,0.4132939668722572,0.41329585804779434
13.635,0.4132939668722572,0.41329552048152296
13.638,0.4132939668722572,0.4132952177331841
13.641,0.4132939668722572,0.41329495042267944
13.644,0.4132939668722572,0.4132947179744223
13.647,0.4132939668722572,0.4132945189202492
13.65,0.4132939668722572,0.413294351156267
13.653,0.4132939668722572,0.41329421215706064
13.656,0.4132939668722572,0.4132940991511309
13.659,0.4132939668722572,0.41329400926164683
13.662,0.4132939668722572,0.41329393961665045
13.665,0.4132939668722572,0.4132938874327621
13.668,0.4132939668722572,0.41329385007624925
13.671,0.4132939668722572,0.4132938251050692
13.674,0.4132939668722572,0.4132938102951918
13.677,0.4132939668722572,0.41329380365418483
13.68,0.4132939668722572,0.41329380342470645
13.683,0.4132939668722572,0.4132938080802151
13.686,0.4132939668722572,0.4132938163148845
13.689,0.4132939668722572,0.4132938270294089
13.692,0.4132939668722572,0.4132938393140994
13.695,0.4134684997974567,0.41329514185429683
13.698,0.4134684997974567,0.4132999664400327
13.701,0.4134684997974567,0.41330861762134224
13.704,0.4134684997974567,0.4133199246096297
13.707,0.4134684997974567,0.41333291812862544
13.71,0.4134684997974567,0.41334681086601305
13.713,0.4134684997974567,0.4133609772227753
13.716,0.4134684997974567,0.4133749331266454
13.719,0.4134684997974567,0.4133883164908742
13.722,0.4134684997974567,0.4134008687414565
13.725,0.4134684997974567,0.41341241770318954
13.728,0.4134684997974567,0.4134228620253407
13.731,0.4134684997974567,0.4134321572389661
13.734,0.4134684997974567,0.4134403034676988
13.737,0.4134684997974567,0.413447334759738
13.74,0.4134684997974567,0.41345330996858504
13.743,0.4134684997974567,0.41345830508162773
13.746,0.4134684997974567,0.41346240687701996
13.749,0.4134684997974567,0.4134657077786427
13.752,0.4134684997974567,0.4134683017746662
13.755,0.4134684997974567,0.4134702812659647
13.758,0.4134684997974567,0.4134717347151432
13.761,0.4134684997974567,0.41347274497418257
13.764,0.4134684997974567,0.4134733881778323
13.767,0.4134684997974567,0.41347373310015245
13.77,0.4134684997974567,0.4134738408824586
13.773,0.4134684997974567,0.41347376505188715
13.776,0.4134684997974567,0.41347355176053097
13.779,0.4134684997974567,0.41347324018532755
13.782,0.4134684997974567,0.41347286303844016
13.785,0.4134684997974567,0.4134724471466241
13.788,0.4134684997974567,0.41347201406595835
13.791,0.4134684997974567,0.4134715807053206
13.794,0.4134684997974567,0.4134711599380877
13.797,0.4134684997974567,0.4134707611868038
13.8,0.41364303272265607,0.41347168039387777
13.803,0.41364303272265607,0.4134761540522159
13.806,0.41364303272265607,0.4134844893323962
13.809,0.41364303272265607,0.4134955164045843
13.812,0.41364303272265607,0.41350826565857485
13.815,0.41364303272265607,0.41352194847443624
13.818,0.41364303272265607,0.413535937243355
13.821,0.41364303272265607,0.4135497454084065
13.824,0.41364303272265607,0.4135630081103109
13.827,0.41364303272265607,0.41357546386543687
13.83,0.41364303272265607,0.4135869375706302
13.833,0.41364303272265607,0.4135973250197888
13.836,0.41364303272265607,0.4136065790282041
13.839,0.41364303272265607,0.4136146971902165
13.842,0.41364303272265607,0.41362171124135455
13.845,0.41364303272265607,0.41362767795560795
13.848,0.41364303272265607,0.413632671479704
13.851,0.41364303272265607,0.4136367769872604
13.854,0.41364303272265607,0.41364008552469284
13.857,0.41364303272265607,0.41364268991617886
13.86,0.41364303272265607,0.4136446815954185
13.863,0.41364303272265607,0.413646148236173
13.866,0.41364303272265607,0.4136471720605733
13.869,0.41364303272265607,0.41364782871310196
13.872,0.41364303272265607,0.4136481865982426
13.875,0.41364303272265607,0.41364830659048224
13.878,0.41364303272265607,0.4136482420361903
13.881,0.41364303272265607,0.4136480389775135
13.884,0.41381756564785555,0.4136490259624549
13.887,0.41381756564785555,0.4136534680719185
13.89,0.41381756564785555,0.41366169716287965
13.893,0.41381756564785555,0.4136725643938545
13.896,0.41381756564785555,0.41368511770909683
13.899,0.41381756564785555,0.41369858291170236
13.902,0.41381756564785555,0.41371234400711676
13.905,0.41381756564785555,0.4137259235724082
13.908,0.41381756564785555,0.41373896372525903
13.911,0.41381756564785555,0.413751208111646
13.914,0.41381756564785555,0.4137624852008782
13.917,0.41381756564785555,0.41377269306899356
13.92,0.41381756564785555,0.4137817857642414
13.923,0.41381756564785555,0.41378976127921535
13.926,0.41381756564785555,0.4137966511008442
13.929,0.41381756564785555,0.41380251126970635
13.932,0.41381756564785555,0.41380741485192335
13.935,0.41381756564785555,0.4138114457082774
13.938,0.41381756564785555,0.4138146934344533
13.941,0.41381756564785555,0.41381724934185166
13.944,0.41381756564785555,0.41381920334889216
13.947,0.41381756564785555,0.4138206416569295
13.95,0.41381756564785555,0.4138216450918209
13.953,0.41381756564785555,0.41382228800096194
13.956,0.41381756564785555,0.4138226376055468
13.959,0.41381756564785555,0.4138227537183235
13.962,0.41381756564785555,0.4138226887477793
13.965,0.41381756564785555,0.41382248792013193
13.968,0.41381756564785555,0.41382218966047674
13.971,0.41381756564785555,0.41382182608376544
13.974,0.41381756564785555,0.413821423554841
13.977,0.41381756564785555,0.4138210032844621
13.98,0.41381756564785555,0.41382058193510013
13.983,0.41381756564785555,0.41382017221626627
13.986,0.41381756564785555,0.41381978345428155
13.989,0.41381756564785555,0.4138194221257639
13.992,0.41381756564785555,0.4138190923477443
13.995,0.41381756564785555,0.4138187963202996
13.998,0.41381756564785555,0.4138185347199794
14.001,0.41381756564785555,0.41381830704416495
14.004,0.41381756564785555,0.4138181119079222
14.007,0.41381756564785555,0.4138179472959351
14.01,0.41381756564785555,0.4138178107728167
14.013,0.41381756564785555,0.4138176996555397
14.016,0.41381756564785555,0.4138176111519466
14.019,0.41381756564785555,0.4138175424693602
14.022,0.41381756564785555,0.4138174908972361
14.025,0.41381756564785555,0.4138174538676206
14.028,0.41381756564785555,0.4138174289969369
14.031,0.41381756564785555,0.4138174141123291
14.034,0.41381756564785555,0.4138174072654789
14.037,0.41381756564785555,0.4138174067364832
14.04,0.41381756564785555,0.4138174110300538
14.043,0.41381756564785555,0.4138174188659885
14.046,0.41381756564785555,0.4138174291655643
14.049,0.41381756564785555,0.41381744103523227
14.052,0.41381756564785555,0.41381745374873785
14.055,0.41381756564785555,0.41381746672857433
14.058,0.41381756564785555,0.4138174795274759
14.061,0.41381756564785555,0.41381749181048744
14.064,0.41381756564785555,0.4138175033380043
14.067,0.41381756564785555,0.4138175139500493
14.07,0.41381756564785555,0.41381752355195717
14.073,0.41381756564785555,0.41381753210155336
14.076,0.41381756564785555,0.4138175395978464
14.079,0.41381756564785555,0.41381754607120874
14.082,0.41381756564785555,0.41381755157497807
14.085,0.41381756564785555,0.4138175561783893
14.088,0.41381756564785555,0.4138175599607266
14.091,0.41381756564785555,0.4138175630065772
14.094,0.41381756564785555,0.4138175654020631
14.097,0.41381756564785555,0.41381756723193003
14.1,0.41381756564785555,0.4138175685773709
14.103,0.41381756564785555,0.41381756951447696
14.106,0.41381756564785555,0.4138175701132092
14.109,0.41381756564785555,0.41381757043679646
14.112,0.41381756564785555,0.41381757054147755
14.115,0.41381756564785555,0.41381757047651063
14.118,0.41381756564785555,0.4138175702843871
14.121,0.41381756564785555,0.4138175700011939
14.124,0.41381756564785555,0.41381756965707933
14.127,0.41381756564785555,0.41381756927678187
14.13,0.41381756564785555,0.413817568880193
14.133,0.41381756564785555,0.4138175684829286
14.136,0.41364303272265607,0.41381627867301224
14.139,0.41364303272265607,0.41381146708264505
14.142,0.41364303272265607,0.4138028287143642
14.145,0.41364303272265607,0.41379153402172913
14.148,0.41364303272265607,0.41377855204138664
14.151,0.41364303272265607,0.41376466992570643
14.154,0.41364303272265607,0.41375051317910766
14.157,0.41364303272265607,0.41373656583177487
14.16,0.41364303272265607,0.41372318996957513
14.163,0.41364303272265607,0.4137106441970048
14.166,0.41364303272265607,0.41369910074272653
14.169,0.41364303272265607,0.41368866102682983
14.172,0.41364303272265607,0.4136793695976599
14.175,0.41364303272265607,0.4136712264162818
14.178,0.41364303272265607,0.413664197520721
14.181,0.41364303272265607,0.41365822414231435
14.184,0.41364303272265607,0.41365323037495055
14.187,0.41364303272265607,0.4136491295166401
14.19,0.41364303272265607,0.41364582921352633
14.193,0.41364303272265607,0.4136432355407224
14.196,0.41364303272265607,0.41364125615363806
14.199,0.41364303272265607,0.41363980263896394
14.202,0.41364303272265607,0.4136387921872409
14.205,0.41364303272265607,0.4136381486998308
14.208,0.41364303272265607,0.41363780343283996
14.211,0.41364303272265607,0.41363769526970523
14.214,0.41364303272265607,0.4136377707031913
14.217,0.41364303272265607,0.41363798359682774
14.22,0.4134684997974567,0.4136370053617041
14.223,0.4134684997974567,0.4136325709178598
14.226,0.4134684997974567,0.4136243484410765
14.229,0.4134684997974567,0.41361348682883287
14.232,0.4134684997974567,0.41360093820889576
14.235,0.4134684997974567,0.4135874768602546
14.238,0.4134684997974567,0.41357371886478117
14.241,0.4134684997974567,0.413560141734125
14.244,0.4134684997974567,0.4135471034377652
14.247,0.4134684997974567,0.413534860413127
14.25,0.4134684997974567,0.4135235842689776
14.253,0.4134684997974567,0.4135133770009968
14.256,0.4134684997974567,0.41350428462569494
14.259,0.4134684997974567,0.4134963092080309
14.262,0.4134684997974567,0.413489419311444
14.265,0.4134684997974567,0.413483558938769
14.268,0.4134684997974567,0.413478655060723
14.271,0.4134684997974567,0.41347462384727174
14.274,0.4134684997974567,0.41347137572793535
14.277,0.4134684997974567,0.41346881941155633
14.28,0.4134684997974567,0.41346686499558444
14.283,0.4134684997974567,0.4134654262907376
14.286,0.4134684997974567,0.41346442247998616
14.289,0.4134684997974567,0.41346377922203115
14.292,0.4134684997974567,0.4134634292995187
14.295,0.4134684997974567,0.41346331290170935
14.298,0.4134684997974567,0.4134633776206721
14.301,0.4134684997974567,0.41346357822962393
14.304,0.4132939668722572,0.41346258687818993
14.307,0.4132939668722572,0.4134581390728988
14.31,0.4132939668722572,0.4134499034430068
14.313,0.4132939668722572,0.4134390292248614
14.316,0.4132939668722572,0.4134264687878866
14.319,0.4132939668722572,0.41341299657162445
14.322,0.4132939668722572,0.4133992287520466
14.325,0.4132939668722572,0.4133856428815606
14.328,0.4132939668722572,0.4133725969286147
14.331,0.4132939668722572,0.4133603472978385
14.334,0.4132939668722572,0.4133490655420042
14.337,0.4132939668722572,0.41333885358480044
14.34,0.4132939668722572,0.4133297573607032
14.343,0.4132939668722572,0.4133217788474196
14.346,0.41311943394705786,0.41331359709586857
14.349,0.41311943394705786,0.4133029236452809
14.352,0.41311943394705786,0.4132893803795428
14.355,0.41311943394705786,0.4132740538403498
14.358,0.41311943394705786,0.41325782342019285
14.361,0.41311943394705786,0.4132413849149894
14.364,0.41311943394705786,0.41322527386961977
14.367,0.41311943394705786,0.4132098880760016
14.37,0.41311943394705786,0.41319550876152505
14.373,0.41311943394705786,0.41318232015489975
14.376,0.41311943394705786,0.413170427239261
14.379,0.41311943394705786,0.41315987160142253
14.382,0.41311943394705786,0.41315064536421636
14.385,0.41311943394705786,0.4131427032486326
14.388,0.41311943394705786,0.4131359728565632
14.391,0.41311943394705786,0.4131303632958271
14.394,0.41311943394705786,0.4131257722890376
14.397,0.41311943394705786,0.4131220919188268
14.4,0.41311943394705786,0.4131192131657641
14.403,0.41311943394705786,0.4131170293935939
14.406,0.41311943394705786,0.4131154389305498
14.409,0.4129449010218584,0.41311305746275995
14.412,0.4129449010218584,0.4131075656877461
14.415,0.4129449010218584,0.41309858030425906
14.418,0.4129449010218584,0.41308720234286594
14.421,0.4129449010218584,0.4130743402257131
14.424,0.4129449010218584,0.4130607289838476
14.427,0.4129449010218584,0.4130469500026506
14.43,0.4129449010218584,0.4130334505855801
14.433,0.4129449010218584,0.4130205628015361
14.436,0.4129449010218584,0.41300852123020704
14.439,0.4129449010218584,0.4129974793445427
14.442,0.4129449010218584,0.41298752437216374
14.445,0.4129449010218584,0.41297869056029435
14.448,0.4129449010218584,0.41297097083401957
14.451,0.41277036809665896,0.41296303746370966
14.454,0.41277036809665896,0.4129525971371264
14.457,0.41277036809665896,0.4129392684977936
14.46,0.41277036809665896,0.4129241361686101
14.463,0.41277036809665896,0.4129080786854859
14.466,0.41277036809665896,0.4128917918212561
14.469,0.41277036809665896,0.4128758117325675
14.472,0.41277036809665896,0.4128605372880502
14.475,0.41277036809665896,0.4128462511137415
14.478,0.41277036809665896,0.4128331390406105
14.481,0.41277036809665896,0.4128213077616207
14.484,0.41277036809665896,0.41281080060472974
14.487,0.41277036809665896,0.41280161140628757
14.49,0.41277036809665896,0.4127936965291448
14.493,0.41259583517145954,0.41278569569013784
14.496,0.41259583517145954,0.4127752870355133
14.499,0.41259583517145954,0.4127620645632631
14.502,0.41259583517145954,0.41274709194331927
14.505,0.41259583517145954,0.4127312301873004
14.508,0.41259583517145954,0.41271516067032166
14.511,0.41259583517145954,0.4126994079556322
14.514,0.41259583517145954,0.4126843617947316
14.517,0.41259583517145954,0.41267029785001674
14.52,0.41259583517145954,0.412657396833082
14.523,0.41259583517145954,0.41264576187200963
14.526,0.41259583517145954,0.41263543401795744
14.529,0.41259583517145954,0.41262640587779403
14.532,0.41259583517145954,0.4126186334180733
14.535,0.41259583517145954,0.41261204602885065
14.538,0.41259583517145954,0.41260655496610177
14.541,0.41259583517145954,0.4126020603110164
14.544,0.41259583517145954,0.4125984565952017
14.547,0.41259583517145954,0.41259563724461046
14.55,0.41259583517145954,0.4125934979933737
14.553,0.41259583517145954,0.4125919394130022
14.556,0.41242130224626006,0.41258957926989753
14.559,0.41242130224626006,0.41258410015635977
14.562,0.41242130224626006,0.4125751204687893
14.565,0.41242130224626006,0.41256374273525115
14.568,0.41242130224626006,0.41255087667885026
14.571,0.41242130224626006,0.41253725844361055
14.574,0.41242130224626006,0.41252347035197456
14.577,0.41224676932106064,0.4125086710590468
14.58,0.41224676932106064,0.41249096088690695
14.583,0.41224676932106064,0.4124702699118763
14.586,0.41224676932106064,0.4124479224434207
14.589,0.41224676932106064,0.41242497503288694
14.592,0.41224676932106064,0.41240224928551683
14.595,0.41224676932106064,0.41238036376842774
14.598,0.41224676932106064,0.412359764287835
14.601,0.41224676932106064,0.41234075203077686
14.604,0.41224676932106064,0.4123235092504225
14.607,0.41224676932106064,0.4123081223233784
14.61,0.41224676932106064,0.4122946021261067
14.613,0.41224676932106064,0.4122829017694409
14.616,0.41224676932106064,0.4122729317989312
14.619,0.41224676932106064,0.41226457301787794
14.622,0.41224676932106064,0.41225768712264993
14.625,0.41224676932106064,0.41225212535919353
14.628,0.41224676932106064,0.41224773541815446
14.631,0.41224676932106064,0.4122443667860883
14.634,0.41224676932106064,0.4122418747638532
14.637,0.41224676932106064,0.4122401233521788
14.64,0.4120722363958612,0.41223769776617725
14.643,0.4120722363958612,0.41223225206702213
14.646,0.4120722363958612,0.41222338002186065
14.649,0.4120722363958612,0.4122121632260698
14.652,0.4120722363958612,0.4121994939011858
14.655,0.4120722363958612,0.4121860938174236
14.658,0.4120722363958612,0.4121725337279365
14.661,0.4118977034706618,0.41215796319424486
14.664,0.4118977034706618,0.4121404755972101
14.667,0.4118977034706618,0.4121199959146844
14.67,0.4118977034706618,0.4120978449103847
14.673,0.4118977034706618,0.4120750768760768
14.676,0.4118977034706618,0.4120525122027752
14.679,0.4118977034706618,0.4120307690746081
14.682,0.4118977034706618,0.4120102935585664
14.685,0.4118977034706618,0.41199138758456566
14.688,0.4118977034706618,0.4119742344935059
14.691,0.4118977034706618,0.4119589219799613
14.694,0.4118977034706618,0.4119454623745906
14.697,0.4118977034706618,0.4119338103030987
14.7,0.4118977034706618,0.41192387782730583
14.703,0.4117231705454623,0.4119142577991604
14.706,0.4117231705454623,0.41190258093423704
14.709,0.4117231705454623,0.4118883947710224
14.712,0.4117231705454623,0.41187271863179964
14.715,0.4117231705454623,0.41185637209787734
14.718,0.4117231705454623,0.4118399985580405
14.721,0.4117231705454623,0.4118240883321066
14.724,0.4117231705454623,0.4118090007878664
14.727,0.4117231705454623,0.4117949850385556
14.73,0.4117231705454623,0.41178219894868584
14.733,0.4117231705454623,0.41177072629114214
14.736,0.4117231705454623,0.41176059199065734
14.739,0.4117231705454623,0.41175177546084135
14.742,0.4117231705454623,0.4117442220965664
14.745,0.41154863762026295,0.4117365635993606
14.748,0.41154863762026295,0.4117264725835636
14.751,0.41154863762026295,0.41171353956822837
14.754,0.41154863762026295,0.4116988264091557
14.757,0.41154863762026295,0.411683193624109
14.76,0.41154863762026295,0.4116673231134744
14.763,0.41154863762026295,0.4116517407256503
14.766,0.41154863762026295,0.41163683803746004
14.769,0.41154863762026295,0.4116228928936745
14.772,0.41154863762026295,0.41161008839543195
14.775,0.41154863762026295,0.41159853014736797
14.778,0.41154863762026295,0.4115882616702102
14.781,0.41154863762026295,0.41157927796210353
14.784,0.41154863762026295,0.4115715372506435
14.787,0.41137410469506347,0.4115636815971437
14.79,0.41137410469506347,0.41155339178804884
14.793,0.41137410469506347,0.4115402646085274
14.796,0.41137410469506347,0.4115253665451505
14.799,0.41137410469506347,0.4115095613653568
14.802,0.41137410469506347,0.4114935330723694
14.805,0.41137410469506347,0.41147780868271133
14.808,0.41137410469506347,0.4114627801956355
14.811,0.41137410469506347,0.41144872529849813
14.814,0.41137410469506347,0.4114358264985002
14.817,0.41137410469506347,0.4114241884917643
14.82,0.41137410469506347,0.4114138536780078
14.823,0.41137410469506347,0.4114048158058149
14.826,0.41137410469506347,0.4113970317923389
14.829,0.411199571769864,0.41138914238085494
14.832,0.411199571769864,0.4113788270729404
14.835,0.411199571769864,0.4113656814321026
14.838,0.411199571769864,0.41135077080744553
14.841,0.411199571769864,0.4113349579266123
14.844,0.411199571769864,0.41131892585807145
14.847,0.411199571769864,0.41130320079113514
14.85,0.411199571769864,0.4112881740041157
14.853,0.411199571769864,0.4112741225655883
14.856,0.411199571769864,0.41126122845998747
14.859,0.411199571769864,0.41124959594916993
14.862,0.411199571769864,0.4112392670787564
14.865,0.411199571769864,0.41123023531469477
14.868,0.411199571769864,0.41122245735422525
14.871,0.411199571769864,0.4112158631988087
14.874,0.411199571769864,0.41121036460700383
14.877,0.411199571769864,0.4112058620649339
14.88,0.411199571769864,0.41120225042287656
14.883,0.411199571769864,0.4111994233504049
14.886,0.411199571769864,0.4111972767609691
14.889,0.411199571769864,0.4111957113511762
14.892,0.4110250388446646,0.41119334496757254
14.895,0.4110250388446646,0.41118786024603204
14.898,0.4110250388446646,0.4111788755974177
14.901,0.4110250388446646,0.41116749354167964
14.904,0.4110250388446646,0.4111546237768698
14.907,0.4110250388446646,0.4111410024098121
14.91,0.4110250388446646,0.4111272117176064
14.913,0.4110250388446646,0.41111369972903705
14.916,0.4110250388446646,0.41110079909029695
14.919,0.4110250388446646,0.4110887448286757
14.922,0.4110250388446646,0.4110776907528219
14.925,0.4110250388446646,0.4110677243309936
14.928,0.4110250388446646,0.41105887997161383
14.931,0.4110250388446646,0.41105115069576187
14.934,0.41085050591946515,0.41104320881735484
14.937,0.41085050591946515,0.41103276102651004
14.94,0.41085050591946515,0.41101942593769664
14.943,0.41085050591946515,0.41100428812171874
14.946,0.41085050591946515,0.4109882260464016
14.949,0.41085050591946515,0.4109719354063414
14.952,0.41085050591946515,0.41095595227453235
14.955,0.41085050591946515,0.41094067543430474
14.958,0.41085050591946515,0.41092638742766363
14.961,0.41085050591946515,0.4109132740049939
14.964,0.41085050591946515,0.41090144178367927
14.967,0.41085050591946515,0.41089093402213883
14.97,0.41085050591946515,0.41088174449383535
14.973,0.41085050591946515,0.41087382950565154
14.976,0.4106759729942658,0.41086582872537414
14.979,0.4106759729942658,0.4108554202569134
14.982,0.4106759729942658,0.41084219806228384
14.985,0.4106759729942658,0.41082722578134145
14.988,0.4106759729942658,0.4108113644010074
14.991,0.4106759729942658,0.4107952952765222
14.994,0.4106759729942658,0.41077954295551633
14.997,0.4106759729942658,0.41076449717757085
15.0,0.4106759729942658,0.41075043359633145
15.003,0.4106759729942658,0.41073753291731
15.006,0.4106759729942658,0.4107258982647161
15.009,0.4106759729942658,0.4107155706876309
15.012,0.4106759729942658,0.4107065427922743
15.015,0.4106759729942658,0.41069877054565684
15.018,0.4106759729942658,0.4106921833391185
15.021,0.4106759729942658,0.41068669243051104
15.024,0.4106759729942658,0.41068219790329513
15.027,0.4106759729942658,0.41067859429158227
15.03,0.4106759729942658,0.4106757750239327
15.033,0.4106759729942658,0.4106736358370872
15.036,0.4106759729942658,0.41067207730508976
15.039,0.4106759729942658,0.41067100662062095
15.042,0.4106759729942658,0.4106703387547319
15.045,0.4106759729942658,0.4106699971093662
15.048,0.4106759729942658,0.4106699137646852
15.051,0.4106759729942658,0.4106700294107918
15.054,0.4106759729942658,0.41067029304134617
15.057,0.4106759729942658,0.41067066147507203
15.06,0.4105014400690663,0.410669809336576
15.063,0.4105014400690663,0.4106654748609945
15.066,0.4105014400690663,0.41065732951852824
15.069,0.4105014400690663,0.410646525387987
15.072,0.4105014400690663,0.4106340175984129
15.075,0.4105014400690663,0.4106205832043837
15.078,0.4105014400690663,0.4106068408096229
15.081,0.4105014400690663,0.4105932701800526
15.084,0.4105014400690663,0.41058023126922
15.087,0.4105014400690663,0.4105679822344012
15.09,0.4105014400690663,0.4105566961523614
15.093,0.4105014400690663,0.4105464762517746
15.096,0.4105014400690663,0.4105373695669065
15.099,0.4105014400690663,0.41052937898663033
15.102,0.4105014400690663,0.410522473726469
15.105,0.4105014400690663,0.41051659829133286
15.108,0.4105014400690663,0.41051168002504473
15.111,0.4105014400690663,0.41050763536152307
15.114,0.4105014400690663,0.4105043749033921
15.117,0.4105014400690663,0.4105018074583606
15.12,0.4105014400690663,0.4104998431633391
15.123,0.4105014400690663,0.4104983958221418
15.126,0.4105014400690663,0.4104973845757626
15.129,0.4105014400690663,0.41049673501548223
15.132,0.4105014400690663,0.410496379839159
15.135,0.4105014400690663,0.41049625914055776
15.138,0.4105014400690663,0.4104963204109266
15.141,0.4105014400690663,0.41049651832158957
15.144,0.4105014400690663,0.4104968143463514
15.147,0.4105014400690663,0.4104971762731818
15.15,0.4105014400690663,0.410497577646088
15.153,0.4105014400690663,0.4104979971703655
15.156,0.4105014400690663,0.41049841810755927
15.159,0.4105014400690663,0.4104988276804779
15.162,0.4105014400690663,0.4104992165034377
15.165,0.4103269071438669,0.41049828862466314
15.168,0.4103269071438669,0.4104938075069863
15.171,0.4103269071438669,0.41048546591032564
15.174,0.4103269071438669,0.4104744335778609
15.177,0.4103269071438669,0.410461680022654
15.18,0.4103269071438669,0.4104479937623834
15.183,0.4103269071438669,0.4104340023027435
15.186,0.4103269071438669,0.4104201920999284
15.189,0.4103269071438669,0.41040692791728123
15.192,0.4103269071438669,0.4103944711489794
15.195,0.4103269071438669,0.4103829968162988
15.198,0.4103269071438669,0.4103726090516469
15.201,0.4103269071438669,0.41036335497444193
15.204,0.4103269071438669,0.41035523693337683
15.207,0.4103269071438669,0.4103482231439731
15.21,0.4103269071438669,0.4103422567908373
15.213,0.4103269071438669,0.41033726369280266
15.216,0.4103269071438669,0.4103331586481296
15.219,0.4103269071438669,0.41032985058791754
15.222,0.4103269071438669,0.4103272466704576
15.225,0.4103269071438669,0.41032525544880555
15.228,0.4105014400690663,0.4103250786634868
15.231,0.4105014400690663,0.4103288664623646
15.234,0.4105014400690663,0.4103368482004617
15.237,0.4105014400690663,0.41034778502160185
15.24,0.4105014400690663,0.41036064701632824
15.243,0.4105014400690663,0.4103745936873854
15.246,0.4105014400690663,0.41038895348949994
15.249,0.4105014400690663,0.4104032032694707
15.252,0.4105014400690663,0.4104169482379855
15.255,0.4105014400690663,0.4104299029378603
15.258,0.4105014400690663,0.41044187353282363
15.261,0.4105014400690663,0.41045274162442585
15.264,0.4105014400690663,0.41046244970985574
15.267,0.4105014400690663,0.4104709883179811
15.27,0.4105014400690663,0.41047838480241305
15.273,0.4105014400690663,0.4104846937264963
15.276,0.4105014400690663,0.4104899887436514
15.279,0.4105014400690663,0.41049435585540234
15.282,0.4105014400690663,0.41049788791684905
15.285,0.4105014400690663,0.41050068025362824
15.288,0.4105014400690663,0.4105028272540745
15.291,0.4105014400690663,0.4105044198040678
15.294,0.4105014400690663,0.4105055434388422
15.297,0.4105014400690663,0.41050627709491017
15.3,0.4105014400690663,0.4105066923554672
15.303,0.4105014400690663,0.4105068530935596
15.306,0.4105014400690663,0.4105068154284346
15.309,0.4105014400690663,0.41050662792146536
15.312,0.4105014400690663,0.4105063319485662
15.315,0.4105014400690663,0.41050596219588503
15.318,0.4105014400690663,0.4105055472346419
15.321,0.4105014400690663,0.4105051101392002
15.324,0.4105014400690663,0.4105046691197646
15.327,0.4105014400690663,0.41050423814751175
15.33,0.4105014400690663,0.41050382755548986
15.333,0.4106759729942658,0.410504734027202
15.336,0.4106759729942658,0.41050919464585256
15.339,0.4106759729942658,0.4105175170401405
15.342,0.4106759729942658,0.41052853172424775
15.345,0.4106759729942658,0.4105412693350021
15.348,0.4106759729942658,0.4105549414184159
15.351,0.4106759729942658,0.41056892046501864
15.354,0.4106759729942658,0.41058271996362006
15.357,0.4106759729942658,0.41059597505853496
15.36,0.4106759729942658,0.41060842423755817
15.363,0.4106759729942658,0.4106198923453314
15.366,0.4106759729942658,0.4106302751071112
15.369,0.4106759729942658,0.4106395252590705
15.372,0.4106759729942658,0.4106476403107975
15.375,0.41085050591946515,0.41065594133516425
15.378,0.41085050591946515,0.41066671739735033
15.381,0.41085050591946515,0.41068034756569677
15.384,0.41085050591946515,0.4106957464872325
15.387,0.41085050591946515,0.41071203610300083
15.39,0.41085050591946515,0.410728522021389
15.393,0.41085050591946515,0.41074467011416843
15.396,0.41085050591946515,0.41076008397360253
15.399,0.41085050591946515,0.4107744836908733
15.402,0.41085050591946515,0.41078768626695833
15.405,0.41085050591946515,0.4107995878444427
15.408,0.41085050591946515,0.4108101478498641
15.411,0.41085050591946515,0.41081937505829885
15.414,0.41085050591946515,0.4108273155322973
15.417,0.4110250388446646,0.41083533176721304
15.42,0.4110250388446646,0.41084574760139436
15.423,0.4110250388446646,0.4108589707896317
15.426,0.4110250388446646,0.4108739391866031
15.429,0.4110250388446646,0.4108897930866419
15.432,0.4110250388446646,0.41090585221562537
15.435,0.4110250388446646,0.4109215929228181
15.438,0.411199571769864,0.41093791562274207
15.441,0.411199571769864,0.41095677762010935
15.444,0.411199571769864,0.41097830366465754
15.447,0.411199571769864,0.4110012205218566
15.45,0.411199571769864,0.41102451835192094
15.453,0.411199571769864,0.41104741756090685
15.456,0.411199571769864,0.41106933677531127
15.459,0.411199571769864,0.41108986261787894
15.462,0.411199571769864,0.4111087217470268
15.465,0.411199571769864,0.4111257554448132
15.468,0.411199571769864,0.41114089689492705
15.471,0.411199571769864,0.41115415117884335
15.474,0.411199571769864,0.4111655779312356
15.477,0.411199571769864,0.41117527653123853
15.48,0.41137410469506347,0.41118466308460533
15.483,0.41137410469506347,0.41119611367937003
15.486,0.41137410469506347,0.4112100857406586
15.489,0.41137410469506347,0.4112255633631592
15.492,0.41137410469506347,0.4112417291047979
15.495,0.41137410469506347,0.411257940680642
15.498,0.41137410469506347,0.4112737080543363
15.501,0.41154863762026295,0.41128996093286047
15.504,0.41154863762026295,0.4113086817594203
15.507,0.41154863762026295,0.41133001651882845
15.51,0.41154863762026295,0.41135270961419185
15.513,0.41154863762026295,0.4113757655850365
15.516,0.41154863762026295,0.4113984163127083
15.519,0.41154863762026295,0.4114200893503594
15.522,0.4117231705454623,0.41144166746834676
15.525,0.4117231705454623,0.4114651145505574
15.528,0.4117231705454623,0.4114905801617856
15.531,0.4117231705454623,0.4115168290239914
15.534,0.4117231705454623,0.4115428981308581
15.537,0.4117231705454623,0.411568060091957
15.54,0.4117231705454623,0.41159178828040643
15.543,0.4118977034706618,0.41161501380652976
15.546,0.4118977034706618,0.41163974938300685
15.549,0.4118977034706618,0.4116661923323866
15.552,0.4118977034706618,0.4116931529081769
15.555,0.4118977034706618,0.41171971059627904
15.558,0.4118977034706618,0.4117451769303062
15.561,0.4118977034706618,0.41176906034231414
15.564,0.4120722363958612,0.4117923230247615
15.567,0.4120722363958612,0.4118170048281955
15.57,0.4120722363958612,0.4118433264100784
15.573,0.4120722363958612,0.4118701177757765
15.576,0.4120722363958612,0.41189647485319103
15.579,0.4120722363958612,0.41192172261374727
15.582,0.4120722363958612,0.41194538024447347
15.585,0.41242130224626006,0.4119697077576178
15.588,0.41242130224626006,0.4119989837331615
15.591,0.41242130224626006,0.4120337384428363
15.594,0.41242130224626006,0.4120716345912719
15.597,0.41242130224626006,0.4121108010155043
15.6,0.41242130224626006,0.4121497765044939
15.603,0.41242130224626006,0.4121874549395974
15.606,0.41259583517145954,0.4122243224851413
15.609,0.41259583517145954,0.41226206242561214
15.612,0.41259583517145954,0.41230064028204927
15.615,0.41259583517145954,0.4123387156356848
15.618,0.41259583517145954,0.4123752834798256
15.621,0.41259583517145954,0.4124096237051146
15.624,0.41259583517145954,0.41244125424631933
15.627,0.41277036809665896,0.4124711778234451
15.63,0.41277036809665896,0.4125014972221559
15.633,0.41277036809665896,0.41253251122398726
15.636,0.41277036809665896,0.41256313720620535
15.639,0.41277036809665896,0.41259256292284746
15.642,0.41277036809665896,0.412620205846884
15.645,0.41277036809665896,0.41264567544722097
15.648,0.41311943394705786,0.41267131766119447
15.651,0.41311943394705786,0.41270149113980653
15.654,0.41311943394705786,0.41273679940553537
15.657,0.41311943394705786,0.4127749710598948
15.66,0.41311943394705786,0.4128141932942793
15.663,0.41311943394705786,0.4128530557888295
15.666,0.41311943394705786,0.4128904961338245
15.669,0.4134684997974567,0.41292832687011505
15.672,0.4134684997974567,0.4129704943788484
15.675,0.4134684997974567,0.41301729425489025
15.678,0.4134684997974567,0.4130662356605371
15.681,0.4134684997974567,0.4131153601590183
15.684,0.4134684997974567,0.41316317226489885
15.687,0.4134684997974567,0.4132085729225497
15.69,0.41381756564785555,0.41325337602599616
15.693,0.41381756564785555,0.41330155818113773
15.696,0.41381756564785555,0.41335346628132125
15.699,0.41381756564785555,0.4134066753053081
15.702,0.41381756564785555,0.4134593017338174
15.705,0.41381756564785555,0.4135099297094915
15.708,0.41381756564785555,0.41355754103570247
15.711,0.41399209857305497,0.41360273958864846
15.714,0.41399209857305497,0.4136473455517187
15.717,0.41399209857305497,0.4136914718977338
15.72,0.41399209857305497,0.4137339293314448
15.723,0.41399209857305497,0.41377386229740176
15.726,0.41399209857305497,0.4138106944486454
15.729,0.41399209857305497,0.4138440789056045
15.732,0.41434116442345387,0.41387643247729466
15.735,0.41434116442345387,0.41391220330246814
15.738,0.41434116442345387,0.41395209591088405
15.741,0.41434116442345387,0.41399394569105274
15.744,0.41434116442345387,0.41403604786314896
15.747,0.41434116442345387,0.4140770978885004
15.75,0.41434116442345387,0.41411613430250904
15.753,0.4146902302738527,0.41415506392856316
15.756,0.4146902302738527,0.4141979195749423
15.759,0.4146902302738527,0.4142450747328223
15.762,0.4146902302738527,0.4142941076681956
15.765,0.4146902302738527,0.41434312031602294
15.768,0.4146902302738527,0.4143906691348234
15.771,0.4146902302738527,0.4144356990656379
15.774,0.4150392961242516,0.41448006065231374
15.777,0.4150392961242516,0.4145277604776765
15.78,0.4150392961242516,0.41457916944907125
15.783,0.4150392961242516,0.41463188131272233
15.786,0.4150392961242516,0.4146840267703842
15.789,0.4150392961242516,0.4147342003063389
15.792,0.4150392961242516,0.41478139080835275
15.795,0.41538836197465046,0.4148274959732697
15.798,0.41538836197465046,0.41487657058296146
15.801,0.41538836197465046,0.41492903311535584
15.804,0.41538836197465046,0.4149825230033152
15.807,0.41538836197465046,0.4150352138517301
15.81,0.41538836197465046,0.41508573966234485
15.813,0.41538836197465046,0.4151331250966045
15.816,0.4157374278250493,0.41517929971941436
15.819,0.4157374278250493,0.415228346267376
15.822,0.4157374278250493,0.4152807073695902
15.825,0.4157374278250493,0.4153340430024587
15.828,0.4157374278250493,0.41538654396245567
15.831,0.4157374278250493,0.4154368583845412
15.834,0.4157374278250493,0.41548402231876275
15.837,0.4162610266006476,0.4155312637177206
15.84,0.4162610266006476,0.4155849045485663
15.843,0.4162610266006476,0.41564569749016134
15.846,0.4162610266006476,0.41571013559086173
15.849,0.4162610266006476,0.4157754428701724
15.852,0.4162610266006476,0.4158394815404739
15.855,0.4162610266006476,0.41590066255725455
15.858,0.4167846253762459,0.4159617296168344
15.861,0.4167846253762459,0.41602864189721794
15.864,0.4167846253762459,0.4161018924272077
15.867,0.4167846253762459,0.41617780075140637
15.87,0.4167846253762459,0.41625348805718465
15.873,0.4167846253762459,0.4163267705340583
15.876,0.4167846253762459,0.41639605769797183
15.879,0.41695915830144537,0.41646154692166465
15.882,0.41695915830144537,0.41652479003439913
15.885,0.41695915830144537,0.4165857446959028
15.888,0.41695915830144537,0.4166431568947213
15.891,0.41695915830144537,0.41669617720221186
15.894,0.41695915830144537,0.4167442891180058
15.897,0.41695915830144537,0.41678724471321876
15.9,0.41748275707704363,0.4168288759996117
15.903,0.41748275707704363,0.4168760059665795
15.906,0.41748275707704363,0.41692979511376727
15.909,0.41748275707704363,0.41698706134638824
15.912,0.41748275707704363,0.4170452808177986
15.915,0.41748275707704363,0.4171025050920856
15.918,0.41748275707704363,0.41715728111309713
15.921,0.4180063558526419,0.4172124439454113
15.924,0.4180063558526419,0.4172740074860667
15.927,0.4180063558526419,0.41734248998134665
15.93,0.4180063558526419,0.41741421300189396
15.933,0.4180063558526419,0.4174862820560601
15.936,0.4180063558526419,0.41755648464680206
15.939,0.4180063558526419,0.4176231925544591
15.942,0.4185299546282402,0.4176891384941035
15.945,0.4185299546282402,0.41776029243830576
15.948,0.4185299546282402,0.41783717445954804
15.951,0.4185299546282402,0.4179161427100565
15.954,0.4185299546282402,0.41799436464233025
15.957,0.4185299546282402,0.4180697071700197
15.96,0.4185299546282402,0.418140632426864
15.963,0.4188790204786391,0.41820867971313397
15.966,0.4188790204786391,0.4182776840998669
15.969,0.4188790204786391,0.41834795636583627
15.972,0.4188790204786391,0.4184171166513961
15.975,0.4188790204786391,0.4184833871031624
15.978,0.4188790204786391,0.4185455004417416
15.981,0.4188790204786391,0.4186026153073859
15.984,0.4194026192542374,0.4186581075359178
15.987,0.4194026192542374,0.41871846185172146
15.99,0.4194026192542374,0.4187846001980602
15.993,0.4194026192542374,0.41885318483666234
15.996,0.4194026192542374,0.41892160396108463
15.999,0.4194026192542374,0.41898787527202075
16.002,0.4194026192542374,0.41905055400983565
16.005,0.42010075095503513,0.41911380479165705
16.008,0.42010075095503513,0.4191859370533233
16.011,0.42010075095503513,0.419267852865469
16.014,0.42010075095503513,0.419354791754386
16.017,0.42010075095503513,0.41944298327906987
16.02,0.42010075095503513,0.41952952168585145
16.023,0.42010075095503513,0.41961224498675254
16.026,0.42062434973063345,0.41969348924866917
16.029,0.42062434973063345,0.4197789438452434
16.032,0.42062434973063345,0.4198689448380859
16.035,0.42062434973063345,0.41995974529526664
16.038,0.42062434973063345,0.42004847074183216
16.041,0.42062434973063345,0.4201329954557141
16.044,0.42062434973063345,0.42021182622087777
16.047,0.4209734155810323,0.42028657403731906
16.05,0.4209734155810323,0.420361164137557
16.053,0.4209734155810323,0.4204360088440582
16.056,0.4209734155810323,0.4205088355002537
16.059,0.4209734155810323,0.42057797459377133
16.062,0.4209734155810323,0.4206422648503947
16.065,0.4209734155810323,0.4207009660057325
16.068,0.42167154728183004,0.42075883769169786
16.071,0.42167154728183004,0.4208246834772796
16.074,0.42167154728183004,0.4208998082082294
16.077,0.42167154728183004,0.4209797727737067
16.08,0.42167154728183004,0.42106105665641197
16.083,0.42167154728183004,0.4211409422863607
16.086,0.42167154728183004,0.4212174033233287
16.089,0.4223696789826277,0.42129415692534594
16.092,0.4223696789826277,0.42137918033841526
16.095,0.4223696789826277,0.421473140962526
16.098,0.4223696789826277,0.42157112478556086
16.101,0.4223696789826277,0.4216692740947691
16.104,0.4223696789826277,0.4217646488626678
16.107,0.4223696789826277,0.42185509416373224
16.11,0.4230678106834255,0.42194427379314386
16.113,0.4230678106834255,0.4220401704439371
16.116,0.4230678106834255,0.42214350154760777
16.119,0.4230678106834255,0.42224943556709865
16.122,0.4230678106834255,0.4223542195121115
16.125,0.4230678106834255,0.42245503190982664
16.128,0.4230678106834255,0.42254984341014856
16.131,0.42341687653382437,0.4226398661667441
16.134,0.42341687653382437,0.4227287428075201
16.137,0.42341687653382437,0.42281669984409936
16.14,0.42341687653382437,0.4229013579454913
16.143,0.42341687653382437,0.42298100428815494
16.146,0.42341687653382437,0.4230544837764835
16.149,0.42341687653382437,0.42312109979636
16.152,0.4241150082346221,0.423185682850325
16.155,0.4241150082346221,0.4232571259942481
16.158,0.4241150082346221,0.4233368350804556
16.161,0.4241150082346221,0.4234204777845429
16.164,0.4241150082346221,0.4235046416175576
16.167,0.4241150082346221,0.4235867147903783
16.17,0.4241150082346221,0.42366477190767327
16.173,0.4248131399354198,0.42374262440985666
16.176,0.4248131399354198,0.4238283359699738
16.179,0.4248131399354198,0.4239226518842858
16.182,0.4248131399354198,0.4240207272443727
16.185,0.4248131399354198,0.4241187647092468
16.188,0.4248131399354198,0.4242138761954329
16.191,0.4248131399354198,0.4243039507741453
16.194,0.42551127163621755,0.4243926888904663
16.197,0.42551127163621755,0.42448810321443997
16.2,0.42551127163621755,0.4245909351916455
16.203,0.42551127163621755,0.4246963720525713
16.206,0.42551127163621755,0.4248006750280352
16.209,0.42551127163621755,0.42490103298693127
16.212,0.42551127163621755,0.4249954236636271
16.215,0.42586033748661645,0.42508506360861936
16.218,0.42586033748661645,0.4251735976718301
16.221,0.42586033748661645,0.4252612528665273
16.224,0.42586033748661645,0.4253456490395991
16.227,0.42586033748661645,0.42542507156249243
16.23,0.42586033748661645,0.4254983628400967
16.233,0.42586033748661645,0.42556482330425216
16.236,0.4265584691874142,0.42562928024491686
16.239,0.4265584691874142,0.42570062340360487
16.242,0.4265584691874142,0.4257802553387968
16.245,0.4265584691874142,0.42586384054518495
16.248,0.4265584691874142,0.4259479635328463
16.251,0.4265584691874142,0.4260300097372737
16.254,0.4265584691874142,0.4261080512414017
16.257,0.42743113381341136,0.4261871866553002
16.26,0.42743113381341136,0.4262777100444667
16.263,0.42743113381341136,0.42638066998877944
16.266,0.42743113381341136,0.4264900496620226
16.269,0.42743113381341136,0.42660108145551057
16.272,0.42743113381341136,0.42671008911614544
16.275,0.42743113381341136,0.42681433538619884
16.278,0.42812926551420905,0.42691703602704895
16.281,0.42812926551420905,0.4270258411187734
16.284,0.42812926551420905,0.4271412331269388
16.287,0.42812926551420905,0.4272582267867848
16.29,0.42812926551420905,0.4273729817332102
16.293,0.42812926551420905,0.42748264218518267
16.296,0.42812926551420905,0.42758518587391714
16.299,0.4284783313646079,0.42768186331630714
16.302,0.4284783313646079,0.42777637817061526
16.305,0.4284783313646079,0.4278690334215508
16.308,0.4284783313646079,0.42795753570090805
16.311,0.4284783313646079,0.4280402628278375
16.314,0.4284783313646079,0.4281161512315057
16.317,0.4284783313646079,0.4281845937890135
16.32,0.4293509959906051,0.4282517957261759
16.323,0.4293509959906051,0.42832896206472
16.326,0.4293509959906051,0.42841787655334507
16.329,0.4293509959906051,0.4285131020616904
16.332,0.4293509959906051,0.42861031525463006
16.335,0.4293509959906051,0.42870616798778505
16.338,0.4293509959906051,0.4287981530321578
16.341,0.4302236606166023,0.4288909241799926
16.344,0.4302236606166023,0.42899444615367444
16.347,0.4302236606166023,0.42910953578135175
16.35,0.4302236606166023,0.42923002558598383
16.353,0.4302236606166023,0.42935106346555346
16.356,0.4302236606166023,0.42946894150639514
16.359,0.4302236606166023,0.4295809319235869
16.362,0.43092179231739997,0.42969029096766764
16.365,0.43092179231739997,0.42980473161012733
16.368,0.43092179231739997,0.42992481439414726
16.371,0.43092179231739997,0.43004564137968476
16.374,0.43092179231739997,0.4301634639814367
16.377,0.43092179231739997,0.43027551887558957
16.38,0.43092179231739997,0.4303798740337501
16.383,0.43144539109299823,0.43047915528367886
16.386,0.43144539109299823,0.43057937869678536
16.389,0.43144539109299823,0.4306812254814741
16.392,0.43144539109299823,0.4307812976899553
16.395,0.43144539109299823,0.4308770624380809
16.398,0.43144539109299823,0.4309667198748834
16.401,0.43144539109299823,0.4310490810651531
16.404,0.43214352279379603,0.43112861471859504
16.407,0.43214352279379603,0.43121396210203605
16.41,0.43214352279379603,0.43130636841576653
16.413,0.43214352279379603,0.43140141477234717
16.416,0.43214352279379603,0.43149566104839876
16.419,0.43214352279379603,0.43158651347278604
16.422,0.43214352279379603,0.4316720988703014
16.425,0.4330161874197932,0.43175759480484677
16.428,0.4330161874197932,0.431853390384212
16.431,0.4330161874197932,0.43196063866282286
16.434,0.4330161874197932,0.4320734313781623
16.437,0.4330161874197932,0.4321871093882598
16.44,0.4330161874197932,0.4322981016275966
16.443,0.4330161874197932,0.432403770422654
16.446,0.4338888520457903,0.43250871333672464
16.449,0.4338888520457903,0.4326228969917331
16.452,0.4338888520457903,0.43274718428624237
16.455,0.4338888520457903,0.43287548605954806
16.458,0.4338888520457903,0.43300305074589046
16.461,0.4338888520457903,0.4331262849028784
16.464,0.4338888520457903,0.43324258243652064
16.467,0.43423791789618915,0.43335274433745996
16.47,0.43423791789618915,0.43346014020308155
16.473,0.43423791789618915,0.43356483668091067
16.476,0.43423791789618915,0.43366438540263774
16.479,0.43423791789618915,0.4337570756530228
16.482,0.43423791789618915,0.4338418085135352
16.485,0.43423791789618915,0.4339179830251985
16.488,0.4351105825221864,0.4339918419796752
16.491,0.4351105825221864,0.43407465074654067
16.494,0.4351105825221864,0.4341682689726419
16.497,0.4351105825221864,0.4342673450142985
16.5,0.4351105825221864,0.4343676457922389
16.503,0.4351105825221864,0.4344659143793708
16.506,0.4351105825221864,0.43455973279988863
16.509,0.43598324714818354,0.4346538399672901
16.512,0.43598324714818354,0.4347582800659786
16.515,0.43598324714818354,0.43487394273208185
16.518,0.43598324714818354,0.4349947260822399
16.521,0.43598324714818354,0.4351158361807377
16.524,0.43598324714818354,0.4352336159102012
16.527,0.43598324714818354,0.4353453811734318
16.53,0.4363323129985824,0.4354518463613543
16.533,0.4363323129985824,0.43555629049013356
16.536,0.4363323129985824,0.4356586892735554
16.539,0.4363323129985824,0.4357565058285779
16.542,0.4363323129985824,0.43584794538146454
16.545,0.4363323129985824,0.4359318308297579
16.548,0.4363323129985824,0.43600748981066245
16.551,0.4363323129985824,0.43607465386135524
16.554,0.4363323129985824,0.4361333697593868
16.557,0.4363323129985824,0.43618392275030743
16.56,0.4363323129985824,0.4362267710884105
16.563,0.4363323129985824,0.4362624911194656
16.566,0.4363323129985824,0.436291732007196
16.569,0.4363323129985824,0.43631517913508827
16.572,0.4363323129985824,0.4363335251903475
16.575,0.4363323129985824,0.4363474479473168
16.578,0.4363323129985824,0.4363575938047089
16.581,0.4363323129985824,0.43636456618711855
16.584,0.4363323129985824,0.43636891799027083
16.587,0.4363323129985824,0.4363711473261942
16.59,0.4363323129985824,0.4363716959048763
16.593,0.4363323129985824,0.43637094946970784
16.596,0.4363323129985824,0.4363692397826826
16.599,0.4363323129985824,0.4363668477300613
16.602,0.4363323129985824,0.43636400718876356
16.605,0.4363323129985824,0.4363609093573012
16.608,0.4363323129985824,0.43635770731217205
16.611,0.4363323129985824,0.4363545206011477
16.614,0.4363323129985824,0.4363514397288938
16.617,0.4363323129985824,0.4363485304281144
16.62,0.4363323129985824,0.4363458376412953
16.623,0.4363323129985824,0.43634338916459037
16.626,0.4363323129985824,0.43634119892696666
16.629,0.4363323129985824,0.4363392698949345
16.632,0.4363323129985824,0.43633759660656474
16.635,0.4363323129985824,0.43633616734856584
16.638,0.4363323129985824,0.4363349659974471
16.641,0.4363323129985824,0.43633397355069425
16.644,0.4363323129985824,0.43633316937684186
16.647,0.4363323129985824,0.4363325322147274
16.65,0.4363323129985824,0.43633204095238154
16.653,0.4363323129985824,0.4363316752152371
16.656,0.4363323129985824,0.43633141579187595
16.659,0.4363323129985824,0.43633124492358555
16.662,0.4363323129985824,0.43633114648173815
16.665,0.4363323129985824,0.43633110605457814
16.668,0.4363323129985824,0.4363311109625187
16.671,0.4363323129985824,0.43633115021859137
16.674,0.4363323129985824,0.43633121444833556
16.677,0.4363323129985824,0.43633129578119445
16.68,0.4363323129985824,0.4363313877234406
16.683,0.4363323129985824,0.43633148502080543
16.686,0.4363323129985824,0.43633158351733203
16.689,0.4363323129985824,0.4363316800155277
16.692,0.4363323129985824,0.43633177214163665
16.695,0.4363323129985824,0.43633185821879034
16.698,0.4363323129985824,0.43633193714989993
16.701,0.4363323129985824,0.43633200831142244
16.704,0.4363323129985824,0.436332071458538
16.707,0.4363323129985824,0.4363321266418126
16.71,0.4363323129985824,0.43633217413506226
16.713,0.4363323129985824,0.43633221437387076
16.716,0.4363323129985824,0.43633224790403063
16.719,0.4363323129985824,0.4363322753390577
16.722,0.4363323129985824,0.43633229732586476
16.725,0.4363323129985824,0.4363323145176573
16.728,0.4363323129985824,0.4363323275531258
16.731,0.4363323129985824,0.43633233704104235
16.734,0.4363323129985824,0.436332343549426
16.737,0.4363323129985824,0.4363323475985029
16.74,0.4363323129985824,0.4363323496567625
16.743,0.4363323129985824,0.4363323501394862
16.746,0.4363323129985824,0.4363323494091997
16.749,0.4363323129985824,0.4363323477775765
16.752,0.4363323129985824,0.4363323455083889
16.755,0.4363323129985824,0.4363323428211688
16.758,0.4363323129985824,0.43633233989530007
16.761,0.4363323129985824,0.43633233687431955
16.764,0.4363323129985824,0.4363323338702475
16.767,0.4363323129985824,0.43633233096781465
16.77,0.4363323129985824,0.43633232822848517
16.773,0.4363323129985824,0.4363323256942036
16.776,0.4363323129985824,0.4363323233908243
16.779,0.4363323129985824,0.43633232133119476
16.782,0.4363323129985824,0.4363323195178871
16.785,0.4363323129985824,0.4363323179455789
16.788,0.4363323129985824,0.436332316603099
16.791,0.4363323129985824,0.4363323154751558
16.794,0.4363323129985824,0.436332314543775
16.797,0.4363323129985824,0.4363323137894723
16.8,0.4363323129985824,0.4363323131921898
16.803,0.4363323129985824,0.43633231273202666
16.806,0.4363323129985824,0.43633231238978903
16.809,0.4363323129985824,0.43633231214738855
16.812,0.4363323129985824,0.43633231198811245
16.815,0.4363323129985824,0.4363323118967881
16.818,0.4363323129985824,0.43633231185986376
16.821,0.4363323129985824,0.4363323118654206
16.824,0.4363323129985824,0.43633231190313504
16.827,0.4363323129985824,0.4363323119642021
16.83,0.4363323129985824,0.4363323120412323
16.833,0.4363323129985824,0.4363323121281317
16.836,0.4363323129985824,0.4363323122199722
16.839,0.4363323129985824,0.43633231231285785
16.842,0.4363323129985824,0.43633231240379405
16.845,0.4363323129985824,0.43633231249055965
16.848,0.4363323129985824,0.43633231257158794
16.851,0.4363323129985824,0.43633231264585653
16.854,0.4363323129985824,0.4363323127127873
16.857,0.4363323129985824,0.43633231277215717
16.86,0.4363323129985824,0.4363323128240198
16.863,0.4363323129985824,0.43633231286863805
16.866,0.4363323129985824,0.4363323129064258
16.869,0.4363323129985824,0.43633231293790004
16.872,0.4363323129985824,0.4363323129636404
16.875,0.4363323129985824,0.43633231298425756
16.878,0.4363323129985824,0.43633231300036734
16.881,0.4363323129985824,0.43633231301257186
16.884,0.4363323129985824,0.4363323130214441
16.887,0.4363323129985824,0.43633231302751907
16.89,0.4363323129985824,0.436332313031286
16.893,0.4363323129985824,0.4363323130331857
16.896,0.4363323129985824,0.43633231303360853
16.899,0.4363323129985824,0.43633231303289516
16.902,0.4363323129985824,0.4363323130313384
16.905,0.4363323129985824,0.43633231302918596
16.908,0.4363323129985824,0.4363323130266439
16.911,0.4363323129985824,0.43633231302388054
16.914,0.4363323129985824,0.43633231302103037
16.917,0.4363323129985824,0.4363323130181985
16.92,0.4363323129985824,0.43633231301546427
16.923,0.4363323129985824,0.436332313012885
16.926,0.4363323129985824,0.4363323130104999
16.929,0.4363323129985824,0.43633231300833303
16.932,0.4363323129985824,0.43633231300639624
16.935,0.4363323129985824,0.4363323130046918
16.938,0.4363323129985824,0.4363323130032144
16.941,0.4363323129985824,0.43633231300195346
16.944,0.4363323129985824,0.4363323130008945
16.947,0.4363323129985824,0.4363323130000204
16.95,0.4363323129985824,0.43633231299931285
16.953,0.4363323129985824,0.4363323129987529
16.956,0.4363323129985824,0.43633231299832187
16.959,0.4363323129985824,0.4363323129980016
16.962,0.4363323129985824,0.43633231299777514
16.965,0.4363323129985824,0.43633231299762665
16.968,0.4363323129985824,0.436332312997542
16.971,0.4363323129985824,0.43633231299750835
16.974,0.4363323129985824,0.43633231299751446
16.977,0.4363323129985824,0.4363323129975507
16.98,0.4363323129985824,0.4363323129976088
16.983,0.4363323129985824,0.43633231299768177
16.986,0.4363323129985824,0.4363323129977639
16.989,0.4363323129985824,0.43633231299785064
16.992,0.4363323129985824,0.4363323129979382
16.995,0.4363323129985824,0.4363323129980239
16.998,0.4363323129985824,0.43633231299810554
17.001,0.4363323129985824,0.4363323129981818
17.004,0.4363323129985824,0.4363323129982517
17.007,0.4363323129985824,0.4363323129983146
17.01,0.4363323129985824,0.43633231299837044
17.013,0.4363323129985824,0.4363323129984192
17.016,0.4363323129985824,0.4363323129984611
17.019,0.4363323129985824,0.4363323129984965
17.022,0.4363323129985824,0.43633231299852615
17.025,0.4363323129985824,0.4363323129985503
17.028,0.4363323129985824,0.4363323129985696
17.031,0.4363323129985824,0.43633231299858466
17.034,0.4363323129985824,0.43633231299859615
17.037,0.4363323129985824,0.4363323129986044
17.04,0.4363323129985824,0.4363323129986101
17.043,0.4363323129985824,0.43633231299861364
17.046,0.4363323129985824,0.4363323129986154
17.049,0.4363323129985824,0.4363323129986158
17.052,0.4363323129985824,0.43633231299861513
17.055,0.4363323129985824,0.43633231299861364
17.058,0.4363323129985824,0.4363323129986115
17.061,0.4363323129985824,0.43633231299860914
17.064,0.4363323129985824,0.43633231299860653
17.067,0.4363323129985824,0.4363323129986038
17.07,0.4363323129985824,0.4363323129986012
17.073,0.4363323129985824,0.43633231299859854
17.076,0.4363323129985824,0.43633231299859615
17.079,0.4363323129985824,0.43633231299859393
17.082,0.4363323129985824,0.4363323129985919
17.085,0.4363323129985824,0.43633231299859
17.088,0.4363323129985824,0.4363323129985884
17.091,0.4363323129985824,0.43633231299858705
17.094,0.4363323129985824,0.4363323129985858
17.097,0.4363323129985824,0.4363323129985848
17.1,0.4363323129985824,0.436332312998584
17.103,0.4363323129985824,0.4363323129985834
17.106,0.4363323129985824,0.4363323129985828
17.109,0.4363323129985824,0.4363323129985824
17.112,0.4363323129985824,0.436332312998582
17.115,0.4363323129985824,0.43633231299858183
17.118,0.4363323129985824,0.4363323129985817
17.121,0.4363323129985824,0.4363323129985816
17.124,0.4363323129985824,0.4363323129985816
17.127,0.4363323129985824,0.4363323129985816
17.13,0.4363323129985824,0.43633231299858166
17.133,0.4363323129985824,0.4363323129985817
17.136,0.4363323129985824,0.43633231299858183
17.139,0.4363323129985824,0.43633231299858194
17.142,0.4363323129985824,0.43633231299858205
17.145,0.4363323129985824,0.43633231299858216
17.148,0.4363323129985824,0.4363323129985823
17.151,0.4363323129985824,0.4363323129985824
17.154,0.4363323129985824,0.4363323129985825
17.157,0.4363323129985824,0.43633231299858255
17.16,0.4363323129985824,0.43633231299858255
17.163,0.4363323129985824,0.43633231299858255
17.166,0.4363323129985824,0.43633231299858255
17.169,0.4363323129985824,0.43633231299858255
17.172,0.4363323129985824,0.43633231299858255
17.175,0.4363323129985824,0.43633231299858255
17.178,0.4363323129985824,0.43633231299858255
17.181,0.4363323129985824,0.43633231299858255
17.184,0.4363323129985824,0.43633231299858255
17.187,0.4363323129985824,0.43633231299858255
17.19,0.4363323129985824,0.43633231299858255
17.193,0.4363323129985824,0.43633231299858255
17.196,0.4363323129985824,0.43633231299858255
17.199,0.4363323129985824,0.43633231299858255
17.202,0.4363323129985824,0.43633231299858255
17.205,0.4363323129985824,0.43633231299858255
17.208,0.4363323129985824,0.43633231299858255
17.211,0.4363323129985824,0.43633231299858255
17.214,0.4363323129985824,0.43633231299858255
17.217,0.4363323129985824,0.43633231299858255
17.22,0.4363323129985824,0.43633231299858255
17.223,0.4363323129985824,0.43633231299858255
17.226,0.4363323129985824,0.43633231299858255
17.229,0.4363323129985824,0.43633231299858255
17.232,0.4363323129985824,0.43633231299858255
17.235,0.4363323129985824,0.43633231299858255
17.238,0.4363323129985824,0.43633231299858255
17.241,0.4363323129985824,0.43633231299858255
17.244,0.4363323129985824,0.43633231299858255
17.247,0.4363323129985824,0.43633231299858255
17.25,0.4363323129985824,0.43633231299858255
17.253,0.4363323129985824,0.43633231299858255
17.256,0.4363323129985824,0.43633231299858255
17.259,0.4363323129985824,0.43633231299858255
17.262,0.4363323129985824,0.43633231299858255
17.265,0.4363323129985824,0.43633231299858255
17.268,0.4363323129985824,0.43633231299858255
17.271,0.4363323129985824,0.43633231299858255
17.274,0.4363323129985824,0.43633231299858255
17.277,0.4363323129985824,0.43633231299858255
17.28,0.4363323129985824,0.43633231299858255
17.283,0.4363323129985824,0.43633231299858255
17.286,0.4363323129985824,0.43633231299858255
17.289,0.4363323129985824,0.43633231299858255
17.292,0.4363323129985824,0.43633231299858255
17.295,0.4363323129985824,0.43633231299858255
17.298,0.4363323129985824,0.43633231299858255
17.301,0.4363323129985824,0.43633231299858255
17.304,0.4363323129985824,0.43633231299858255
17.307,0.4363323129985824,0.43633231299858255
17.31,0.4363323129985824,0.43633231299858255
17.313,0.4363323129985824,0.43633231299858255
17.316,0.4363323129985824,0.43633231299858255
17.319,0.4363323129985824,0.43633231299858255
17.322,0.4363323129985824,0.43633231299858255
17.325,0.4363323129985824,0.43633231299858255
17.328,0.4363323129985824,0.43633231299858255
17.331,0.4363323129985824,0.43633231299858255
17.334,0.4363323129985824,0.43633231299858255
17.337,0.4363323129985824,0.43633231299858255
17.34,0.4363323129985824,0.43633231299858255
17.343,0.4363323129985824,0.43633231299858255
17.346,0.4363323129985824,0.43633231299858255
17.349,0.4363323129985824,0.43633231299858255
17.352,0.4363323129985824,0.43633231299858255
17.355,0.4363323129985824,0.43633231299858255
17.358,0.4363323129985824,0.43633231299858255
17.361,0.4363323129985824,0.43633231299858255
17.364,0.4363323129985824,0.43633231299858255
17.367,0.4363323129985824,0.43633231299858255
17.37,0.4363323129985824,0.43633231299858255
17.373,0.4363323129985824,0.43633231299858255
17.376,0.4363323129985824,0.43633231299858255
17.379,0.4363323129985824,0.43633231299858255
17.382,0.4363323129985824,0.43633231299858255
17.385,0.4363323129985824,0.43633231299858255
17.388,0.4363323129985824,0.43633231299858255
17.391,0.4363323129985824,0.43633231299858255
17.394,0.4363323129985824,0.43633231299858255
17.397,0.4363323129985824,0.43633231299858255
17.4,0.4363323129985824,0.43633231299858255
17.403,0.4363323129985824,0.43633231299858255
17.406,0.4363323129985824,0.43633231299858255
17.409,0.4363323129985824,0.43633231299858255
17.412,0.4363323129985824,0.43633231299858255
17.415,0.4363323129985824,0.43633231299858255
17.418,0.4363323129985824,0.43633231299858255
17.421,0.4363323129985824,0.43633231299858255
17.424,0.4363323129985824,0.43633231299858255
17.427,0.4363323129985824,0.43633231299858255
17.43,0.4363323129985824,0.43633231299858255
17.433,0.4363323129985824,0.43633231299858255
17.436,0.4363323129985824,0.43633231299858255
17.439,0.4363323129985824,0.43633231299858255
17.442,0.4363323129985824,0.43633231299858255
17.445,0.4363323129985824,0.43633231299858255
17.448,0.4363323129985824,0.43633231299858255
17.451,0.4363323129985824,0.43633231299858255
17.454,0.4363323129985824,0.43633231299858255
17.457,0.4363323129985824,0.43633231299858255
17.46,0.4363323129985824,0.43633231299858255
17.463,0.4363323129985824,0.43633231299858255
17.466,0.4363323129985824,0.43633231299858255
17.469,0.4363323129985824,0.43633231299858255
17.472,0.4363323129985824,0.43633231299858255
17.475,0.4363323129985824,0.43633231299858255
17.478,0.4363323129985824,0.43633231299858255
17.481,0.4363323129985824,0.43633231299858255
17.484,0.4363323129985824,0.43633231299858255
17.487,0.4363323129985824,0.43633231299858255
17.49,0.4363323129985824,0.43633231299858255
17.493,0.4363323129985824,0.43633231299858255
17.496,0.4363323129985824,0.43633231299858255
17.499,0.4363323129985824,0.43633231299858255
17.502,0.4363323129985824,0.43633231299858255
17.505,0.4363323129985824,0.43633231299858255
17.508,0.4363323129985824,0.43633231299858255
17.511,0.4363323129985824,0.43633231299858255
17.514,0.4363323129985824,0.43633231299858255
17.517,0.4363323129985824,0.43633231299858255
17.52,0.4363323129985824,0.43633231299858255
17.523,0.4363323129985824,0.43633231299858255
17.526,0.4363323129985824,0.43633231299858255
17.529,0.4363323129985824,0.43633231299858255
17.532,0.4363323129985824,0.43633231299858255
17.535,0.4363323129985824,0.43633231299858255
17.538,0.4363323129985824,0.43633231299858255
17.541,0.4363323129985824,0.43633231299858255
17.544,0.4363323129985824,0.43633231299858255
17.547,0.4363323129985824,0.43633231299858255
17.55,0.4363323129985824,0.43633231299858255
17.553,0.4363323129985824,0.43633231299858255
17.556,0.4363323129985824,0.43633231299858255
17.559,0.4363323129985824,0.43633231299858255
17.562,0.4363323129985824,0.43633231299858255
17.565,0.4363323129985824,0.43633231299858255
17.568,0.4363323129985824,0.43633231299858255
17.571,0.4363323129985824,0.43633231299858255
17.574,0.4363323129985824,0.43633231299858255
17.577,0.4363323129985824,0.43633231299858255
17.58,0.4363323129985824,0.43633231299858255
17.583,0.4363323129985824,0.43633231299858255
17.586,0.4363323129985824,0.43633231299858255
17.589,0.4363323129985824,0.43633231299858255
17.592,0.4363323129985824,0.43633231299858255
17.595,0.4363323129985824,0.43633231299858255
17.598,0.4363323129985824,0.43633231299858255
17.601,0.4363323129985824,0.43633231299858255
17.604,0.4363323129985824,0.43633231299858255
17.607,0.4363323129985824,0.43633231299858255
17.61,0.4363323129985824,0.43633231299858255
17.613,0.4363323129985824,0.43633231299858255
17.616,0.4363323129985824,0.43633231299858255
17.619,0.4363323129985824,0.43633231299858255
17.622,0.4363323129985824,0.43633231299858255
17.625,0.4363323129985824,0.43633231299858255
17.628,0.4363323129985824,0.43633231299858255
17.631,0.4363323129985824,0.43633231299858255
17.634,0.4363323129985824,0.43633231299858255
17.637,0.4363323129985824,0.43633231299858255
17.64,0.4363323129985824,0.43633231299858255
17.643,0.4363323129985824,0.43633231299858255
17.646,0.4363323129985824,0.43633231299858255
17.649,0.4363323129985824,0.43633231299858255
17.652,0.4363323129985824,0.43633231299858255
17.655,0.4363323129985824,0.43633231299858255
17.658,0.4363323129985824,0.43633231299858255
17.661,0.4363323129985824,0.43633231299858255
17.664,0.4363323129985824,0.43633231299858255
17.667,0.4363323129985824,0.43633231299858255
17.67,0.4363323129985824,0.43633231299858255
17.673,0.4363323129985824,0.43633231299858255
17.676,0.4363323129985824,0.43633231299858255
17.679,0.4363323129985824,0.43633231299858255
17.682,0.4363323129985824,0.43633231299858255
17.685,0.4363323129985824,0.43633231299858255
17.688,0.4363323129985824,0.43633231299858255
17.691,0.4363323129985824,0.43633231299858255
17.694,0.4363323129985824,0.43633231299858255
17.697,0.4363323129985824,0.43633231299858255
17.7,0.4363323129985824,0.43633231299858255
17.703,0.4363323129985824,0.43633231299858255
17.706,0.4363323129985824,0.43633231299858255
17.709,0.4363323129985824,0.43633231299858255
17.712,0.4363323129985824,0.43633231299858255
17.715,0.4363323129985824,0.43633231299858255
17.718,0.4363323129985824,0.43633231299858255
17.721,0.4363323129985824,0.43633231299858255
17.724,0.4363323129985824,0.43633231299858255
17.727,0.4363323129985824,0.43633231299858255
17.73,0.4363323129985824,0.43633231299858255
17.733,0.4363323129985824,0.43633231299858255
17.736,0.4363323129985824,0.43633231299858255
17.739,0.4363323129985824,0.43633231299858255
17.742,0.4363323129985824,0.43633231299858255
17.745,0.4363323129985824,0.43633231299858255
17.748,0.4363323129985824,0.43633231299858255
17.751,0.4363323129985824,0.43633231299858255
17.754,0.4363323129985824,0.43633231299858255
17.757,0.4363323129985824,0.43633231299858255
17.76,0.4363323129985824,0.43633231299858255
17.763,0.4363323129985824,0.43633231299858255
17.766,0.4363323129985824,0.43633231299858255
17.769,0.4363323129985824,0.43633231299858255
17.772,0.4363323129985824,0.43633231299858255
17.775,0.4363323129985824,0.43633231299858255
17.778,0.4363323129985824,0.43633231299858255
17.781,0.4363323129985824,0.43633231299858255
17.784,0.4363323129985824,0.43633231299858255
17.787,0.4363323129985824,0.43633231299858255
17.79,0.4363323129985824,0.43633231299858255
17.793,0.4363323129985824,0.43633231299858255
17.796,0.4363323129985824,0.43633231299858255
17.799,0.4363323129985824,0.43633231299858255
17.802,0.4363323129985824,0.43633231299858255
17.805,0.4363323129985824,0.43633231299858255
17.808,0.4363323129985824,0.43633231299858255
17.811,0.4363323129985824,0.43633231299858255
17.814,0.4363323129985824,0.43633231299858255
17.817,0.4363323129985824,0.43633231299858255
17.82,0.4363323129985824,0.43633231299858255
17.823,0.4363323129985824,0.43633231299858255
17.826,0.4363323129985824,0.43633231299858255
17.829,0.4363323129985824,0.43633231299858255
17.832,0.4363323129985824,0.43633231299858255
17.835,0.4363323129985824,0.43633231299858255
17.838,0.4363323129985824,0.43633231299858255
17.841,0.4363323129985824,0.43633231299858255
17.844,0.4363323129985824,0.43633231299858255
17.847,0.4363323129985824,0.43633231299858255
17.85,0.4363323129985824,0.43633231299858255
17.853,0.4363323129985824,0.43633231299858255
17.856,0.4363323129985824,0.43633231299858255
17.859,0.4363323129985824,0.43633231299858255
17.862,0.4363323129985824,0.43633231299858255
17.865,0.4363323129985824,0.43633231299858255
17.868,0.4363323129985824,0.43633231299858255
17.871,0.4363323129985824,0.43633231299858255
17.874,0.4363323129985824,0.43633231299858255
17.877,0.4363323129985824,0.43633231299858255
17.88,0.4363323129985824,0.43633231299858255
17.883,0.4363323129985824,0.43633231299858255
17.886,0.4363323129985824,0.43633231299858255
17.889,0.4363323129985824,0.43633231299858255
17.892,0.4363323129985824,0.43633231299858255
17.895,0.4363323129985824,0.43633231299858255
17.898,0.4363323129985824,0.43633231299858255
17.901,0.4363323129985824,0.43633231299858255
17.904,0.4363323129985824,0.43633231299858255
17.907,0.4363323129985824,0.43633231299858255
17.91,0.4363323129985824,0.43633231299858255
17.913,0.4363323129985824,0.43633231299858255
17.916,0.4363323129985824,0.43633231299858255
17.919,0.4363323129985824,0.43633231299858255
17.922,0.4363323129985824,0.43633231299858255
17.925,0.4363323129985824,0.43633231299858255
17.928,0.4363323129985824,0.43633231299858255
17.931,0.4363323129985824,0.43633231299858255
17.934,0.4363323129985824,0.43633231299858255
17.937,0.4363323129985824,0.43633231299858255
17.94,0.4363323129985824,0.43633231299858255
17.943,0.4363323129985824,0.43633231299858255
17.946,0.4363323129985824,0.43633231299858255
17.949,0.4363323129985824,0.43633231299858255
17.952,0.4363323129985824,0.43633231299858255
17.955,0.4363323129985824,0.43633231299858255
17.958,0.4363323129985824,0.43633231299858255
17.961,0.4363323129985824,0.43633231299858255
17.964,0.4363323129985824,0.43633231299858255
17.967,0.4363323129985824,0.43633231299858255
17.97,0.4363323129985824,0.43633231299858255
17.973,0.4363323129985824,0.43633231299858255
17.976,0.4363323129985824,0.43633231299858255
17.979,0.4363323129985824,0.43633231299858255
17.982,0.4363323129985824,0.43633231299858255
17.985,0.4363323129985824,0.43633231299858255
17.988,0.4363323129985824,0.43633231299858255
17.991,0.4363323129985824,0.43633231299858255
17.994,0.4363323129985824,0.43633231299858255
17.997,0.4363323129985824,0.43633231299858255
18.0,0.4363323129985824,0.43633231299858255
18.003,0.4363323129985824,0.43633231299858255
18.006,0.4363323129985824,0.43633231299858255
18.009,0.4363323129985824,0.43633231299858255
18.012,0.4363323129985824,0.43633231299858255
18.015,0.4363323129985824,0.43633231299858255
18.018,0.4363323129985824,0.43633231299858255
18.021,0.4363323129985824,0.43633231299858255
18.024,0.4363323129985824,0.43633231299858255
18.027,0.4363323129985824,0.43633231299858255
18.03,0.4363323129985824,0.43633231299858255
18.033,0.4363323129985824,0.43633231299858255
18.036,0.4363323129985824,0.43633231299858255
18.039,0.4363323129985824,0.43633231299858255
18.042,0.4363323129985824,0.43633231299858255
18.045,0.4363323129985824,0.43633231299858255
18.048,0.4363323129985824,0.43633231299858255
18.051,0.4363323129985824,0.43633231299858255
18.054,0.4363323129985824,0.43633231299858255
18.057,0.4363323129985824,0.43633231299858255
18.06,0.4363323129985824,0.43633231299858255
18.063,0.4363323129985824,0.43633231299858255
18.066,0.4363323129985824,0.43633231299858255
18.069,0.4363323129985824,0.43633231299858255
18.072,0.4363323129985824,0.43633231299858255
18.075,0.4363323129985824,0.43633231299858255
18.078,0.4363323129985824,0.43633231299858255
18.081,0.4363323129985824,0.43633231299858255
18.084,0.4363323129985824,0.43633231299858255
18.087,0.4363323129985824,0.43633231299858255
18.09,0.4363323129985824,0.43633231299858255
18.093,0.4363323129985824,0.43633231299858255
18.096,0.4363323129985824,0.43633231299858255
18.099,0.4363323129985824,0.43633231299858255
18.102,0.4363323129985824,0.43633231299858255
18.105,0.4363323129985824,0.43633231299858255
18.108,0.4363323129985824,0.43633231299858255
18.111,0.4363323129985824,0.43633231299858255
18.114,0.4363323129985824,0.43633231299858255
18.117,0.4363323129985824,0.43633231299858255
18.12,0.4363323129985824,0.43633231299858255
18.123,0.4363323129985824,0.43633231299858255
18.126,0.4363323129985824,0.43633231299858255
18.129,0.4363323129985824,0.43633231299858255
18.132,0.4363323129985824,0.43633231299858255
18.135,0.4363323129985824,0.43633231299858255
18.138,0.4363323129985824,0.43633231299858255
18.141,0.4363323129985824,0.43633231299858255
18.144,0.4363323129985824,0.43633231299858255
18.147,0.4363323129985824,0.43633231299858255
18.15,0.4363323129985824,0.43633231299858255
18.153,0.4363323129985824,0.43633231299858255
18.156,0.4363323129985824,0.43633231299858255
18.159,0.4363323129985824,0.43633231299858255
18.162,0.4363323129985824,0.43633231299858255
18.165,0.4363323129985824,0.43633231299858255
18.168,0.4363323129985824,0.43633231299858255
18.171,0.4363323129985824,0.43633231299858255
18.174,0.4363323129985824,0.43633231299858255
18.177,0.4363323129985824,0.43633231299858255
18.18,0.4363323129985824,0.43633231299858255
18.183,0.4363323129985824,0.43633231299858255
18.186,0.4363323129985824,0.43633231299858255
18.189,0.4363323129985824,0.43633231299858255
18.192,0.4363323129985824,0.43633231299858255
18.195,0.4363323129985824,0.43633231299858255
18.198,0.4363323129985824,0.43633231299858255
18.201,0.4363323129985824,0.43633231299858255
18.204,0.4363323129985824,0.43633231299858255
18.207,0.4363323129985824,0.43633231299858255
18.21,0.4363323129985824,0.43633231299858255
18.213,0.4363323129985824,0.43633231299858255
18.216,0.4363323129985824,0.43633231299858255
18.219,0.4363323129985824,0.43633231299858255
18.222,0.4363323129985824,0.43633231299858255
18.225,0.4363323129985824,0.43633231299858255
18.228,0.4363323129985824,0.43633231299858255
18.231,0.4363323129985824,0.43633231299858255
18.234,0.4363323129985824,0.43633231299858255
18.237,0.4363323129985824,0.43633231299858255
18.24,0.4363323129985824,0.43633231299858255
18.243,0.4363323129985824,0.43633231299858255
18.246,0.4363323129985824,0.43633231299858255
18.249,0.4363323129985824,0.43633231299858255
18.252,0.4363323129985824,0.43633231299858255
18.255,0.4363323129985824,0.43633231299858255
18.258,0.4363323129985824,0.43633231299858255
18.261,0.4363323129985824,0.43633231299858255
18.264,0.4363323129985824,0.43633231299858255
18.267,0.4363323129985824,0.43633231299858255
18.27,0.4363323129985824,0.43633231299858255
18.273,0.4363323129985824,0.43633231299858255
18.276,0.4363323129985824,0.43633231299858255
18.279,0.4363323129985824,0.43633231299858255
18.282,0.4363323129985824,0.43633231299858255
18.285,0.4363323129985824,0.43633231299858255
18.288,0.4363323129985824,0.43633231299858255
18.291,0.4363323129985824,0.43633231299858255
18.294,0.4363323129985824,0.43633231299858255
18.297,0.4363323129985824,0.43633231299858255
18.3,0.4363323129985824,0.43633231299858255
18.303,0.4363323129985824,0.43633231299858255
18.306,0.4363323129985824,0.43633231299858255
18.309,0.4363323129985824,0.43633231299858255
18.312,0.4363323129985824,0.43633231299858255
18.315,0.4363323129985824,0.43633231299858255
18.318,0.4363323129985824,0.43633231299858255
18.321,0.4363323129985824,0.43633231299858255
18.324,0.4363323129985824,0.43633231299858255
18.327,0.4363323129985824,0.43633231299858255
18.33,0.4363323129985824,0.43633231299858255
18.333,0.4363323129985824,0.43633231299858255
18.336,0.4363323129985824,0.43633231299858255
18.339,0.4363323129985824,0.43633231299858255
18.342,0.4363323129985824,0.43633231299858255
18.345,0.4363323129985824,0.43633231299858255
18.348,0.4363323129985824,0.43633231299858255
18.351,0.4363323129985824,0.43633231299858255
18.354,0.4363323129985824,0.43633231299858255
18.357,0.4363323129985824,0.43633231299858255
18.36,0.4363323129985824,0.43633231299858255
18.363,0.4363323129985824,0.43633231299858255
18.366,0.4363323129985824,0.43633231299858255
18.369,0.4363323129985824,0.43633231299858255
18.372,0.4363323129985824,0.43633231299858255
18.375,0.4363323129985824,0.43633231299858255
18.378,0.4363323129985824,0.43633231299858255
18.381,0.4363323129985824,0.43633231299858255
18.384,0.4363323129985824,0.43633231299858255
18.387,0.4363323129985824,0.43633231299858255
18.39,0.4363323129985824,0.43633231299858255
18.393,0.4363323129985824,0.43633231299858255
18.396,0.4363323129985824,0.43633231299858255
18.399,0.4363323129985824,0.43633231299858255
18.402,0.4363323129985824,0.43633231299858255
18.405,0.4363323129985824,0.43633231299858255
18.408,0.4363323129985824,0.43633231299858255
18.411,0.4363323129985824,0.43633231299858255
18.414,0.4363323129985824,0.43633231299858255
18.417,0.4363323129985824,0.43633231299858255
18.42,0.4363323129985824,0.43633231299858255
18.423,0.4363323129985824,0.43633231299858255
18.426,0.4363323129985824,0.43633231299858255
18.429,0.4363323129985824,0.43633231299858255
18.432,0.4363323129985824,0.43633231299858255
18.435,0.4363323129985824,0.43633231299858255
18.438,0.4363323129985824,0.43633231299858255
18.441,0.4363323129985824,0.43633231299858255
18.444,0.4363323129985824,0.43633231299858255
18.447,0.4363323129985824,0.43633231299858255
18.45,0.4363323129985824,0.43633231299858255
18.453,0.4363323129985824,0.43633231299858255
18.456,0.4363323129985824,0.43633231299858255
18.459,0.4363323129985824,0.43633231299858255
18.462,0.4363323129985824,0.43633231299858255
18.465,0.4363323129985824,0.43633231299858255
18.468,0.4363323129985824,0.43633231299858255
18.471,0.4363323129985824,0.43633231299858255
18.474,0.4363323129985824,0.43633231299858255
18.477,0.4363323129985824,0.43633231299858255
18.48,0.4363323129985824,0.43633231299858255
18.483,0.4363323129985824,0.43633231299858255
18.486,0.4363323129985824,0.43633231299858255
18.489,0.4363323129985824,0.43633231299858255
18.492,0.4363323129985824,0.43633231299858255
18.495,0.4363323129985824,0.43633231299858255
18.498,0.4363323129985824,0.43633231299858255
18.501,0.4363323129985824,0.43633231299858255
18.504,0.4363323129985824,0.43633231299858255
18.507,0.4363323129985824,0.43633231299858255
18.51,0.4363323129985824,0.43633231299858255
18.513,0.4363323129985824,0.43633231299858255
18.516,0.4363323129985824,0.43633231299858255
18.519,0.4363323129985824,0.43633231299858255
18.522,0.4363323129985824,0.43633231299858255
18.525,0.4363323129985824,0.43633231299858255
18.528,0.4363323129985824,0.43633231299858255
18.531,0.4363323129985824,0.43633231299858255
18.534,0.4363323129985824,0.43633231299858255
18.537,0.4363323129985824,0.43633231299858255
18.54,0.4363323129985824,0.43633231299858255
18.543,0.4363323129985824,0.43633231299858255
18.546,0.4363323129985824,0.43633231299858255
18.549,0.4363323129985824,0.43633231299858255
18.552,0.4363323129985824,0.43633231299858255
18.555,0.4363323129985824,0.43633231299858255
18.558,0.4363323129985824,0.43633231299858255
18.561,0.4363323129985824,0.43633231299858255
18.564,0.4363323129985824,0.43633231299858255
18.567,0.4363323129985824,0.43633231299858255
18.57,0.4363323129985824,0.43633231299858255
18.573,0.4363323129985824,0.43633231299858255
18.576,0.4363323129985824,0.43633231299858255
18.579,0.4363323129985824,0.43633231299858255
18.582,0.4363323129985824,0.43633231299858255
18.585,0.4363323129985824,0.43633231299858255
18.588,0.4363323129985824,0.43633231299858255
18.591,0.4363323129985824,0.43633231299858255
18.594,0.4363323129985824,0.43633231299858255
18.597,0.4363323129985824,0.43633231299858255
18.6,0.4363323129985824,0.43633231299858255
18.603,0.4363323129985824,0.43633231299858255
18.606,0.4363323129985824,0.43633231299858255
18.609,0.4363323129985824,0.43633231299858255
18.612,0.4363323129985824,0.43633231299858255
18.615,0.4363323129985824,0.43633231299858255
18.618,0.4363323129985824,0.43633231299858255
18.621,0.4363323129985824,0.43633231299858255
18.624,0.4363323129985824,0.43633231299858255
18.627,0.4363323129985824,0.43633231299858255
18.63,0.4363323129985824,0.43633231299858255
18.633,0.4363323129985824,0.43633231299858255
18.636,0.4363323129985824,0.43633231299858255
18.639,0.4363323129985824,0.43633231299858255
18.642,0.4363323129985824,0.43633231299858255
18.645,0.4363323129985824,0.43633231299858255
18.648,0.4363323129985824,0.43633231299858255
18.651,0.4363323129985824,0.43633231299858255
18.654,0.4363323129985824,0.43633231299858255
18.657,0.4363323129985824,0.43633231299858255
18.66,0.4363323129985824,0.43633231299858255
18.663,0.4363323129985824,0.43633231299858255
18.666,0.4363323129985824,0.43633231299858255
18.669,0.4363323129985824,0.43633231299858255
18.672,0.4363323129985824,0.43633231299858255
18.675,0.4363323129985824,0.43633231299858255
18.678,0.4363323129985824,0.43633231299858255
18.681,0.4363323129985824,0.43633231299858255
18.684,0.4363323129985824,0.43633231299858255
18.687,0.4363323129985824,0.43633231299858255
18.69,0.4363323129985824,0.43633231299858255
18.693,0.4363323129985824,0.43633231299858255
18.696,0.4363323129985824,0.43633231299858255
18.699,0.4363323129985824,0.43633231299858255
18.702,0.4363323129985824,0.43633231299858255
18.705,0.4363323129985824,0.43633231299858255
18.708,0.4363323129985824,0.43633231299858255
18.711,0.4363323129985824,0.43633231299858255
18.714,0.4363323129985824,0.43633231299858255
18.717,0.4363323129985824,0.43633231299858255
18.72,0.4363323129985824,0.43633231299858255
18.723,0.4363323129985824,0.43633231299858255
18.726,0.4363323129985824,0.43633231299858255
18.729,0.4363323129985824,0.43633231299858255
18.732,0.4363323129985824,0.43633231299858255
18.735,0.4363323129985824,0.43633231299858255
18.738,0.4363323129985824,0.43633231299858255
18.741,0.4363323129985824,0.43633231299858255
18.744,0.4363323129985824,0.43633231299858255
18.747,0.4363323129985824,0.43633231299858255
18.75,0.4363323129985824,0.43633231299858255
18.753,0.4363323129985824,0.43633231299858255
18.756,0.4363323129985824,0.43633231299858255
18.759,0.4363323129985824,0.43633231299858255
18.762,0.4363323129985824,0.43633231299858255
18.765,0.4363323129985824,0.43633231299858255
18.768,0.4363323129985824,0.43633231299858255
18.771,0.4363323129985824,0.43633231299858255
18.774,0.4363323129985824,0.43633231299858255
18.777,0.4363323129985824,0.43633231299858255
18.78,0.4363323129985824,0.43633231299858255
18.783,0.4363323129985824,0.43633231299858255
18.786,0.4363323129985824,0.43633231299858255
18.789,0.4363323129985824,0.43633231299858255
18.792,0.4363323129985824,0.43633231299858255
18.795,0.4363323129985824,0.43633231299858255
18.798,0.4363323129985824,0.43633231299858255
18.801,0.4363323129985824,0.43633231299858255
18.804,0.4363323129985824,0.43633231299858255
18.807,0.4363323129985824,0.43633231299858255
18.81,0.4363323129985824,0.43633231299858255
18.813,0.4363323129985824,0.43633231299858255
18.816,0.4363323129985824,0.43633231299858255
18.819,0.4363323129985824,0.43633231299858255
18.822,0.4363323129985824,0.43633231299858255
18.825,0.4363323129985824,0.43633231299858255
18.828,0.4363323129985824,0.43633231299858255
18.831,0.4363323129985824,0.43633231299858255
18.834,0.4363323129985824,0.43633231299858255
18.837,0.4363323129985824,0.43633231299858255
18.84,0.4363323129985824,0.43633231299858255
18.843,0.4363323129985824,0.43633231299858255
18.846,0.4363323129985824,0.43633231299858255
18.849,0.4363323129985824,0.43633231299858255
18.852,0.4363323129985824,0.43633231299858255
18.855,0.4363323129985824,0.43633231299858255
18.858,0.4363323129985824,0.43633231299858255
18.861,0.4363323129985824,0.43633231299858255
18.864,0.4363323129985824,0.43633231299858255
18.867,0.4363323129985824,0.43633231299858255
18.87,0.4363323129985824,0.43633231299858255
18.873,0.4363323129985824,0.43633231299858255
18.876,0.4363323129985824,0.43633231299858255
18.879,0.4363323129985824,0.43633231299858255
18.882,0.4363323129985824,0.43633231299858255
18.885,0.4363323129985824,0.43633231299858255
18.888,0.4363323129985824,0.43633231299858255
18.891,0.4363323129985824,0.43633231299858255
18.894,0.4363323129985824,0.43633231299858255
18.897,0.4363323129985824,0.43633231299858255
18.9,0.4363323129985824,0.43633231299858255
18.903,0.4363323129985824,0.43633231299858255
18.906,0.4363323129985824,0.43633231299858255
18.909,0.4363323129985824,0.43633231299858255
18.912,0.4363323129985824,0.43633231299858255
18.915,0.4363323129985824,0.43633231299858255
18.918,0.4363323129985824,0.43633231299858255
18.921,0.4363323129985824,0.43633231299858255
18.924,0.4363323129985824,0.43633231299858255
18.927,0.4363323129985824,0.43633231299858255
18.93,0.4363323129985824,0.43633231299858255
18.933,0.4363323129985824,0.43633231299858255
18.936,0.4363323129985824,0.43633231299858255
18.939,0.4363323129985824,0.43633231299858255
18.942,0.4363323129985824,0.43633231299858255
18.945,0.4363323129985824,0.43633231299858255
18.948,0.4363323129985824,0.43633231299858255
18.951,0.4363323129985824,0.43633231299858255
18.954,0.4363323129985824,0.43633231299858255
18.957,0.4363323129985824,0.43633231299858255
18.96,0.4363323129985824,0.43633231299858255
18.963,0.4363323129985824,0.43633231299858255
18.966,0.4363323129985824,0.43633231299858255
18.969,0.4363323129985824,0.43633231299858255
18.972,0.4363323129985824,0.43633231299858255
18.975,0.4363323129985824,0.43633231299858255
18.978,0.4363323129985824,0.43633231299858255
18.981,0.4363323129985824,0.43633231299858255
18.984,0.4363323129985824,0.43633231299858255
18.987,0.4363323129985824,0.43633231299858255
18.99,0.4363323129985824,0.43633231299858255
18.993,0.4363323129985824,0.43633231299858255
18.996,0.4363323129985824,0.43633231299858255
18.999,0.4363323129985824,0.43633231299858255
19.002,0.4363323129985824,0.43633231299858255
19.005,0.4363323129985824,0.43633231299858255
19.008,0.4363323129985824,0.43633231299858255
19.011,0.4363323129985824,0.43633231299858255
19.014,0.4363323129985824,0.43633231299858255
19.017,0.4363323129985824,0.43633231299858255
19.02,0.4363323129985824,0.43633231299858255
19.023,0.4363323129985824,0.43633231299858255
19.026,0.4363323129985824,0.43633231299858255
19.029,0.4363323129985824,0.43633231299858255
19.032,0.4363323129985824,0.43633231299858255
19.035,0.4363323129985824,0.43633231299858255
19.038,0.4363323129985824,0.43633231299858255
19.041,0.4363323129985824,0.43633231299858255
19.044,0.4363323129985824,0.43633231299858255
19.047,0.4363323129985824,0.43633231299858255
19.05,0.4363323129985824,0.43633231299858255
19.053,0.4363323129985824,0.43633231299858255
19.056,0.4363323129985824,0.43633231299858255
19.059,0.4363323129985824,0.43633231299858255
19.062,0.4363323129985824,0.43633231299858255
19.065,0.4363323129985824,0.43633231299858255
19.068,0.4363323129985824,0.43633231299858255
19.071,0.4363323129985824,0.43633231299858255
19.074,0.4363323129985824,0.43633231299858255
19.077,0.4363323129985824,0.43633231299858255
19.08,0.4363323129985824,0.43633231299858255
19.083,0.4363323129985824,0.43633231299858255
19.086,0.4363323129985824,0.43633231299858255
19.089,0.4363323129985824,0.43633231299858255
19.092,0.4363323129985824,0.43633231299858255
19.095,0.4363323129985824,0.43633231299858255
19.098,0.4363323129985824,0.43633231299858255
19.101,0.4363323129985824,0.43633231299858255
19.104,0.4363323129985824,0.43633231299858255
19.107,0.4363323129985824,0.43633231299858255
19.11,0.4363323129985824,0.43633231299858255
19.113,0.4363323129985824,0.43633231299858255
19.116,0.4363323129985824,0.43633231299858255
19.119,0.4363323129985824,0.43633231299858255
19.122,0.4363323129985824,0.43633231299858255
19.125,0.4363323129985824,0.43633231299858255
19.128,0.4363323129985824,0.43633231299858255
19.131,0.4363323129985824,0.43633231299858255
19.134,0.4363323129985824,0.43633231299858255
19.137,0.4363323129985824,0.43633231299858255
19.14,0.4363323129985824,0.43633231299858255
19.143,0.4363323129985824,0.43633231299858255
19.146,0.4363323129985824,0.43633231299858255
19.149,0.4363323129985824,0.43633231299858255
19.152,0.4363323129985824,0.43633231299858255
19.155,0.4363323129985824,0.43633231299858255
19.158,0.4363323129985824,0.43633231299858255
19.161,0.4363323129985824,0.43633231299858255
19.164,0.4363323129985824,0.43633231299858255
19.167,0.4363323129985824,0.43633231299858255
19.17,0.4363323129985824,0.43633231299858255
19.173,0.4363323129985824,0.43633231299858255
19.176,0.4363323129985824,0.43633231299858255
19.179,0.4363323129985824,0.43633231299858255
19.182,0.4363323129985824,0.43633231299858255
19.185,0.4363323129985824,0.43633231299858255
19.188,0.4363323129985824,0.43633231299858255
19.191,0.4363323129985824,0.43633231299858255
19.194,0.4363323129985824,0.43633231299858255
19.197,0.4363323129985824,0.43633231299858255
19.2,0.4363323129985824,0.43633231299858255
19.203,0.4363323129985824,0.43633231299858255
19.206,0.4363323129985824,0.43633231299858255
19.209,0.4363323129985824,0.43633231299858255
19.212,0.4363323129985824,0.43633231299858255
19.215,0.4363323129985824,0.43633231299858255
19.218,0.4363323129985824,0.43633231299858255
19.221,0.4363323129985824,0.43633231299858255
19.224,0.4363323129985824,0.43633231299858255
19.227,0.4363323129985824,0.43633231299858255
19.23,0.4363323129985824,0.43633231299858255
19.233,0.4363323129985824,0.43633231299858255
19.236,0.4363323129985824,0.43633231299858255
19.239,0.4363323129985824,0.43633231299858255
19.242,0.4363323129985824,0.43633231299858255
19.245,0.4363323129985824,0.43633231299858255
19.248,0.4363323129985824,0.43633231299858255
19.251,0.4363323129985824,0.43633231299858255
19.254,0.4363323129985824,0.43633231299858255
19.257,0.4363323129985824,0.43633231299858255
19.26,0.4363323129985824,0.43633231299858255
19.263,0.4363323129985824,0.43633231299858255
19.266,0.4363323129985824,0.43633231299858255
19.269,0.4363323129985824,0.43633231299858255
19.272,0.4363323129985824,0.43633231299858255
19.275,0.4363323129985824,0.43633231299858255
19.278,0.4363323129985824,0.43633231299858255
19.281,0.4363323129985824,0.43633231299858255
19.284,0.4363323129985824,0.43633231299858255
19.287,0.4363323129985824,0.43633231299858255
19.29,0.4363323129985824,0.43633231299858255
19.293,0.4363323129985824,0.43633231299858255
19.296,0.4363323129985824,0.43633231299858255
19.299,0.4363323129985824,0.43633231299858255
19.302,0.4363323129985824,0.43633231299858255
19.305,0.4363323129985824,0.43633231299858255
19.308,0.4363323129985824,0.43633231299858255
19.311,0.4363323129985824,0.43633231299858255
19.314,0.4363323129985824,0.43633231299858255
19.317,0.4363323129985824,0.43633231299858255
19.32,0.4363323129985824,0.43633231299858255
19.323,0.4363323129985824,0.43633231299858255
19.326,0.4363323129985824,0.43633231299858255
19.329,0.4363323129985824,0.43633231299858255
19.332,0.4363323129985824,0.43633231299858255
19.335,0.4363323129985824,0.43633231299858255
19.338,0.4363323129985824,0.43633231299858255
19.341,0.4363323129985824,0.43633231299858255
19.344,0.4363323129985824,0.43633231299858255
19.347,0.4363323129985824,0.43633231299858255
19.35,0.4363323129985824,0.43633231299858255
19.353,0.4363323129985824,0.43633231299858255
19.356,0.4363323129985824,0.43633231299858255
19.359,0.4363323129985824,0.43633231299858255
19.362,0.4363323129985824,0.43633231299858255
19.365,0.4363323129985824,0.43633231299858255
19.368,0.4363323129985824,0.43633231299858255
19.371,0.4363323129985824,0.43633231299858255
19.374,0.4363323129985824,0.43633231299858255
19.377,0.4363323129985824,0.43633231299858255
19.38,0.4363323129985824,0.43633231299858255
19.383,0.4363323129985824,0.43633231299858255
19.386,0.4363323129985824,0.43633231299858255
19.389,0.4363323129985824,0.43633231299858255
19.392,0.4363323129985824,0.43633231299858255
19.395,0.4363323129985824,0.43633231299858255
19.398,0.4363323129985824,0.43633231299858255
19.401,0.4363323129985824,0.43633231299858255
19.404,0.4363323129985824,0.43633231299858255
19.407,0.4363323129985824,0.43633231299858255
19.41,0.4363323129985824,0.43633231299858255
19.413,0.4363323129985824,0.43633231299858255
19.416,0.4363323129985824,0.43633231299858255
19.419,0.4363323129985824,0.43633231299858255
19.422,0.4363323129985824,0.43633231299858255
19.425,0.4363323129985824,0.43633231299858255
19.428,0.4363323129985824,0.43633231299858255
19.431,0.4363323129985824,0.43633231299858255
19.434,0.4363323129985824,0.43633231299858255
19.437,0.4363323129985824,0.43633231299858255
19.44,0.4363323129985824,0.43633231299858255
19.443,0.4363323129985824,0.43633231299858255
19.446,0.4363323129985824,0.43633231299858255
19.449,0.4363323129985824,0.43633231299858255
19.452,0.4363323129985824,0.43633231299858255
19.455,0.4363323129985824,0.43633231299858255
19.458,0.4363323129985824,0.43633231299858255
19.461,0.4363323129985824,0.43633231299858255
19.464,0.4363323129985824,0.43633231299858255
19.467,0.4363323129985824,0.43633231299858255
19.47,0.4363323129985824,0.43633231299858255
19.473,0.4363323129985824,0.43633231299858255
19.476,0.4363323129985824,0.43633231299858255
19.479,0.4363323129985824,0.43633231299858255
19.482,0.4363323129985824,0.43633231299858255
19.485,0.4363323129985824,0.43633231299858255
19.488,0.4363323129985824,0.43633231299858255
19.491,0.4363323129985824,0.43633231299858255
19.494,0.4363323129985824,0.43633231299858255
19.497,0.4363323129985824,0.43633231299858255
19.5,0.4363323129985824,0.43633231299858255
19.503,0.4363323129985824,0.43633231299858255
19.506,0.4363323129985824,0.43633231299858255
19.509,0.4363323129985824,0.43633231299858255
19.512,0.4363323129985824,0.43633231299858255
19.515,0.4363323129985824,0.43633231299858255
19.518,0.4363323129985824,0.43633231299858255
19.521,0.4363323129985824,0.43633231299858255
19.524,0.4363323129985824,0.43633231299858255
19.527,0.4363323129985824,0.43633231299858255
19.53,0.4363323129985824,0.43633231299858255
19.533,0.4363323129985824,0.43633231299858255
19.536,0.4363323129985824,0.43633231299858255
19.539,0.4363323129985824,0.43633231299858255
19.542,0.4363323129985824,0.43633231299858255
19.545,0.4363323129985824,0.43633231299858255
19.548,0.4363323129985824,0.43633231299858255
19.551,0.4363323129985824,0.43633231299858255
19.554,0.4363323129985824,0.43633231299858255
19.557,0.4363323129985824,0.43633231299858255
19.56,0.4363323129985824,0.43633231299858255
19.563,0.4363323129985824,0.43633231299858255
19.566,0.4363323129985824,0.43633231299858255
19.569,0.4363323129985824,0.43633231299858255
19.572,0.4363323129985824,0.43633231299858255
19.575,0.4363323129985824,0.43633231299858255
19.578,0.4363323129985824,0.43633231299858255
19.581,0.4363323129985824,0.43633231299858255
19.584,0.4363323129985824,0.43633231299858255
19.587,0.4363323129985824,0.43633231299858255
19.59,0.4363323129985824,0.43633231299858255
19.593,0.4363323129985824,0.43633231299858255
19.596,0.4363323129985824,0.43633231299858255
19.599,0.4363323129985824,0.43633231299858255
19.602,0.4363323129985824,0.43633231299858255
19.605,0.4363323129985824,0.43633231299858255
19.608,0.4363323129985824,0.43633231299858255
19.611,0.4363323129985824,0.43633231299858255
19.614,0.4363323129985824,0.43633231299858255
19.617,0.4363323129985824,0.43633231299858255
19.62,0.4363323129985824,0.43633231299858255
19.623,0.4363323129985824,0.43633231299858255
19.626,0.4363323129985824,0.43633231299858255
19.629,0.4363323129985824,0.43633231299858255
19.632,0.4363323129985824,0.43633231299858255
19.635,0.4363323129985824,0.43633231299858255
19.638,0.4363323129985824,0.43633231299858255
19.641,0.4363323129985824,0.43633231299858255
19.644,0.4363323129985824,0.43633231299858255
19.647,0.4363323129985824,0.43633231299858255
19.65,0.4363323129985824,0.43633231299858255
19.653,0.4363323129985824,0.43633231299858255
19.656,0.4363323129985824,0.43633231299858255
19.659,0.4363323129985824,0.43633231299858255
19.662,0.4363323129985824,0.43633231299858255
19.665,0.4363323129985824,0.43633231299858255
19.668,0.4363323129985824,0.43633231299858255
19.671,0.4363323129985824,0.43633231299858255
19.674,0.4363323129985824,0.43633231299858255
19.677,0.4363323129985824,0.43633231299858255
19.68,0.4363323129985824,0.43633231299858255
19.683,0.4363323129985824,0.43633231299858255
19.686,0.4363323129985824,0.43633231299858255
19.689,0.4363323129985824,0.43633231299858255
19.692,0.4363323129985824,0.43633231299858255
19.695,0.4363323129985824,0.43633231299858255
19.698,0.4363323129985824,0.43633231299858255
19.701,0.4363323129985824,0.43633231299858255
19.704,0.4363323129985824,0.43633231299858255
19.707,0.4363323129985824,0.43633231299858255
19.71,0.4363323129985824,0.43633231299858255
19.713,0.4363323129985824,0.43633231299858255
19.716,0.4363323129985824,0.43633231299858255
19.719,0.4363323129985824,0.43633231299858255
19.722,0.4363323129985824,0.43633231299858255
19.725,0.4363323129985824,0.43633231299858255
19.728,0.4363323129985824,0.43633231299858255
19.731,0.4363323129985824,0.43633231299858255
19.734,0.4363323129985824,0.43633231299858255
19.737,0.4363323129985824,0.43633231299858255
19.74,0.4363323129985824,0.43633231299858255
19.743,0.4363323129985824,0.43633231299858255
19.746,0.4363323129985824,0.43633231299858255
19.749,0.4363323129985824,0.43633231299858255
19.752,0.4363323129985824,0.43633231299858255
19.755,0.4363323129985824,0.43633231299858255
19.758,0.4363323129985824,0.43633231299858255
19.761,0.4363323129985824,0.43633231299858255
19.764,0.4363323129985824,0.43633231299858255
19.767,0.4363323129985824,0.43633231299858255
19.77,0.4363323129985824,0.43633231299858255
19.773,0.4363323129985824,0.43633231299858255
19.776,0.4363323129985824,0.43633231299858255
19.779,0.4363323129985824,0.43633231299858255
19.782,0.4363323129985824,0.43633231299858255
19.785,0.4363323129985824,0.43633231299858255
19.788,0.4363323129985824,0.43633231299858255
19.791,0.4363323129985824,0.43633231299858255
19.794,0.4363323129985824,0.43633231299858255
19.797,0.4363323129985824,0.43633231299858255
19.8,0.4363323129985824,0.43633231299858255
19.803,0.4363323129985824,0.43633231299858255
19.806,0.4363323129985824,0.43633231299858255
19.809,0.4363323129985824,0.43633231299858255
19.812,0.4363323129985824,0.43633231299858255
19.815,0.4363323129985824,0.43633231299858255
19.818,0.4363323129985824,0.43633231299858255
19.821,0.4363323129985824,0.43633231299858255
19.824,0.4363323129985824,0.43633231299858255
19.827,0.4363323129985824,0.43633231299858255
19.83,0.4363323129985824,0.43633231299858255
19.833,0.4363323129985824,0.43633231299858255
19.836,0.4363323129985824,0.43633231299858255
19.839,0.4363323129985824,0.43633231299858255
19.842,0.4363323129985824,0.43633231299858255
19.845,0.4363323129985824,0.43633231299858255
19.848,0.4363323129985824,0.43633231299858255
19.851,0.4363323129985824,0.43633231299858255
19.854,0.4363323129985824,0.43633231299858255
19.857,0.4363323129985824,0.43633231299858255
19.86,0.4363323129985824,0.43633231299858255
19.863,0.4363323129985824,0.43633231299858255
19.866,0.4363323129985824,0.43633231299858255
19.869,0.4363323129985824,0.43633231299858255
19.872,0.4363323129985824,0.43633231299858255
19.875,0.4363323129985824,0.43633231299858255
19.878,0.4363323129985824,0.43633231299858255
19.881,0.4363323129985824,0.43633231299858255
19.884,0.4363323129985824,0.43633231299858255
19.887,0.4363323129985824,0.43633231299858255
19.89,0.4363323129985824,0.43633231299858255
19.893,0.4363323129985824,0.43633231299858255
19.896,0.4363323129985824,0.43633231299858255
19.899,0.4363323129985824,0.43633231299858255
19.902,0.4363323129985824,0.43633231299858255
19.905,0.4363323129985824,0.43633231299858255
19.908,0.4363323129985824,0.43633231299858255
19.911,0.4363323129985824,0.43633231299858255
19.914,0.4363323129985824,0.43633231299858255
19.917,0.4363323129985824,0.43633231299858255
19.92,0.4363323129985824,0.43633231299858255
19.923,0.4363323129985824,0.43633231299858255
19.926,0.4363323129985824,0.43633231299858255
19.929,0.4363323129985824,0.43633231299858255
19.932,0.4363323129985824,0.43633231299858255
19.935,0.4363323129985824,0.43633231299858255
19.938,0.4363323129985824,0.43633231299858255
19.941,0.4363323129985824,0.43633231299858255
19.944,0.4363323129985824,0.43633231299858255
19.947,0.4363323129985824,0.43633231299858255
19.95,0.4363323129985824,0.43633231299858255
19.953,0.4363323129985824,0.43633231299858255
19.956,0.4363323129985824,0.43633231299858255
19.959,0.4363323129985824,0.43633231299858255
19.962,0.4363323129985824,0.43633231299858255
19.965,0.4363323129985824,0.43633231299858255
19.968,0.4363323129985824,0.43633231299858255
19.971,0.4363323129985824,0.43633231299858255
19.974,0.4363323129985824,0.43633231299858255
19.977,0.4363323129985824,0.43633231299858255
19.98,0.4363323129985824,0.43633231299858255
19.983,0.4363323129985824,0.43633231299858255
19.986,0.4363323129985824,0.43633231299858255
19.989,0.4363323129985824,0.43633231299858255
19.992,0.4363323129985824,0.43633231299858255
19.995,0.4363323129985824,0.43633231299858255
19.998,0.4363323129985824,0.43633231299858255
20.001,0.4363323129985824,0.43633231299858255
20.004,0.4363323129985824,0.43633231299858255
20.007,0.4363323129985824,0.43633231299858255
20.01,0.4363323129985824,0.43633231299858255
20.013,0.4363323129985824,0.43633231299858255
20.016,0.4363323129985824,0.43633231299858255
20.019,0.4363323129985824,0.43633231299858255
20.022,0.4363323129985824,0.43633231299858255
20.025,0.4363323129985824,0.43633231299858255
20.028,0.4363323129985824,0.43633231299858255
20.031,0.4363323129985824,0.43633231299858255
20.034,0.4363323129985824,0.43633231299858255
20.037,0.4363323129985824,0.43633231299858255
20.04,0.4363323129985824,0.43633231299858255
20.043,0.4363323129985824,0.43633231299858255
20.046,0.4363323129985824,0.43633231299858255
20.049,0.4363323129985824,0.43633231299858255
20.052,0.4363323129985824,0.43633231299858255
20.055,0.4363323129985824,0.43633231299858255
20.058,0.4363323129985824,0.43633231299858255
20.061,0.4363323129985824,0.43633231299858255
20.064,0.4363323129985824,0.43633231299858255
20.067,0.4363323129985824,0.43633231299858255
20.07,0.4363323129985824,0.43633231299858255
20.073,0.4363323129985824,0.43633231299858255
20.076,0.4363323129985824,0.43633231299858255
20.079,0.4363323129985824,0.43633231299858255
20.082,0.4363323129985824,0.43633231299858255
20.085,0.4363323129985824,0.43633231299858255
20.088,0.4363323129985824,0.43633231299858255
20.091,0.4363323129985824,0.43633231299858255
20.094,0.4363323129985824,0.43633231299858255
20.097,0.4363323129985824,0.43633231299858255
20.1,0.4363323129985824,0.43633231299858255
20.103,0.4363323129985824,0.43633231299858255
20.106,0.4363323129985824,0.43633231299858255
20.109,0.4363323129985824,0.43633231299858255
20.112,0.4363323129985824,0.43633231299858255
20.115,0.4363323129985824,0.43633231299858255
20.118,0.4363323129985824,0.43633231299858255
20.121,0.4363323129985824,0.43633231299858255
20.124,0.4363323129985824,0.43633231299858255
20.127,0.4363323129985824,0.43633231299858255
20.13,0.4363323129985824,0.43633231299858255
20.133,0.4363323129985824,0.43633231299858255
20.136,0.4363323129985824,0.43633231299858255
20.139,0.4363323129985824,0.43633231299858255
20.142,0.4363323129985824,0.43633231299858255
20.145,0.4363323129985824,0.43633231299858255
20.148,0.4363323129985824,0.43633231299858255
20.151,0.4363323129985824,0.43633231299858255
20.154,0.4363323129985824,0.43633231299858255
20.157,0.4363323129985824,0.43633231299858255
20.16,0.4363323129985824,0.43633231299858255
20.163,0.4363323129985824,0.43633231299858255
20.166,0.4363323129985824,0.43633231299858255
20.169,0.4363323129985824,0.43633231299858255
20.172,0.4363323129985824,0.43633231299858255
20.175,0.4363323129985824,0.43633231299858255
20.178,0.4363323129985824,0.43633231299858255
20.181,0.4363323129985824,0.43633231299858255
20.184,-0.4038691889114879,0.43012502645154166
20.187,-0.4038691889114879,0.41133396949461853
20.19,-0.4038691889114879,0.3858503500981944
20.193,-0.4038691889114879,0.3597784916409959
20.196,-0.4038691889114879,0.33320478697617456
20.199,-0.4038691889114879,0.30620128851256173
20.202,-0.4038691889114879,0.27880105024110524
20.205,-0.4042182547618867,0.25100142665702085
20.208,-0.4042182547618867,0.22279956798751802
20.211,-0.4042182547618867,0.19421117130325172
20.214,-0.4042182547618867,0.16526942498610872
20.217,-0.4042182547618867,0.13602410286234048
20.22,-0.4042182547618867,0.10654091780177702
20.223,-0.4042182547618867,0.07690026291030856
20.226,-0.40456732061228556,0.047195225140133995
20.229,-0.40456732061228556,0.01752982519790572
20.232,-0.40456732061228556,-0.011982271051583985
20.235,-0.40456732061228556,-0.041220314046247965
20.238,-0.40456732061228556,-0.07008982735101527
20.241,-0.40456732061228556,-0.09858866546148787
20.244,-0.40456732061228556,-0.12678159307968048
20.247,-0.40474185353748504,-0.15468184401875934
20.25,-0.40474185353748504,-0.18220093897364778
20.253,-0.40474185353748504,-0.2091674428821397
20.256,-0.40474185353748504,-0.23534989614494445
20.259,-0.40474185353748504,-0.26048169581968494
20.262,-0.40474185353748504,-0.28425153725568825
20.265,-0.40474185353748504,-0.3062940207691284
20.268,-0.4052654523130833,-0.3262638385427027
20.271,-0.4052654523130833,-0.3439260447583458
20.274,-0.4052654523130833,-0.35920869944429645
20.277,-0.4052654523130833,-0.3721975353213555
20.28,-0.4052654523130833,-0.3830572827822365
20.283,-0.4052654523130833,-0.3919761943746593
20.286,-0.4052654523130833,-0.3991548563261251
20.289,-0.40578905108868163,-0.40480117959692513
20.292,-0.40578905108868163,-0.4091225040996369
20.295,-0.40578905108868163,-0.4123118715339311
20.298,-0.40578905108868163,-0.4145457401615332
20.301,-0.40578905108868163,-0.41598660443064245
20.304,-0.40578905108868163,-0.4167815324935815
20.307,-0.40578905108868163,-0.4170615093473935
20.31,-0.40631264986427995,-0.41694528061466546
20.313,-0.40631264986427995,-0.4165387704998135
20.316,-0.40631264986427995,-0.4159272812894924
20.319,-0.40631264986427995,-0.4151779042999791
20.322,-0.40631264986427995,-0.4143457606758701
20.325,-0.40631264986427995,-0.41347523515984325
20.328,-0.40631264986427995,-0.4126012320811303
20.331,-0.4064871827894793,-0.41175170055671284
20.334,-0.4064871827894793,-0.4109484719007965
20.337,-0.4064871827894793,-0.4102054987090191
20.34,-0.4064871827894793,-0.4095303267423855
20.343,-0.4064871827894793,-0.40892669356370903
20.346,-0.4064871827894793,-0.4083953288214941
20.349,-0.4064871827894793,-0.40793465203331314
20.352,-0.40701078156507764,-0.4075452400329139
20.355,-0.40701078156507764,-0.40722929399977964
20.358,-0.40701078156507764,-0.40698244940408207
20.361,-0.40701078156507764,-0.4067954751802629
20.364,-0.40701078156507764,-0.4066595786263265
20.367,-0.40701078156507764,-0.4065665604056004
20.37,-0.40701078156507764,-0.4065089149448909
20.373,-0.4077089132658754,-0.4064850440161422
20.376,-0.4077089132658754,-0.40649789121921837
20.379,-0.4077089132658754,-0.4065434534209281
20.382,-0.4077089132658754,-0.40661256037100785
20.385,-0.4077089132658754,-0.40669753911242396
20.388,-0.4077089132658754,-0.40679208264905875
20.391,-0.4077089132658754,-0.4068911096555588
20.394,-0.4082325120414737,-0.4069944897890286
20.397,-0.4082325120414737,-0.4071058635087542
20.4,-0.4082325120414737,-0.4072238961613276
20.403,-0.4082325120414737,-0.4073435072244091
20.406,-0.4082325120414737,-0.40746078454306717
20.409,-0.4082325120414737,-0.40757282052334565
20.412,-0.4082325120414737,-0.407677557814091
20.415,-0.40858157789187255,-0.40777622561598964
20.418,-0.40858157789187255,-0.4078725173749923
20.421,-0.40858157789187255,-0.4079667346136727
20.424,-0.40858157789187255,-0.40805658920246163
20.427,-0.40858157789187255,-0.4081404691426127
20.43,-0.40858157789187255,-0.40821732450573195
20.433,-0.40858157789187255,-0.4082865640410003
20.436,-0.40910517666747087,-0.4083518312259346
20.439,-0.40910517666747087,-0.40841988385721023
20.442,-0.40910517666747087,-0.4084919130125727
20.445,-0.40910517666747087,-0.40856483913884806
20.448,-0.40910517666747087,-0.4086362926541268
20.451,-0.40910517666747087,-0.40870451418197673
20.454,-0.40910517666747087,-0.4087682606123009
20.457,-0.40962877544306914,-0.4088305866430594
20.46,-0.40962877544306914,-0.408897726684788
20.463,-0.40962877544306914,-0.4089704136504163
20.466,-0.40962877544306914,-0.4090451729849575
20.469,-0.40962877544306914,-0.4091192998350645
20.472,-0.40962877544306914,-0.4091907549064143
20.475,-0.40962877544306914,-0.4092580655586841
20.478,-0.41015237421866746,-0.40932410207995973
20.481,-0.41015237421866746,-0.40939495425025296
20.484,-0.41015237421866746,-0.4094712448920881
20.487,-0.41015237421866746,-0.40954941889321783
20.49,-0.41015237421866746,-0.40962671569388076
20.493,-0.41015237421866746,-0.409701060847287
20.496,-0.41015237421866746,-0.4097709632379036
20.499,-0.4105014400690663,-0.4098379984895717
20.502,-0.4105014400690663,-0.4099060289899929
20.505,-0.4105014400690663,-0.40997538517446364
20.508,-0.4105014400690663,-0.41004370043077004
20.511,-0.4105014400690663,-0.41010920488513053
20.514,-0.4105014400690663,-0.41017063499392087
20.517,-0.4105014400690663,-0.41022714979384955
20.52,-0.4110250388446646,-0.4102821229647662
20.523,-0.4110250388446646,-0.4103420351967805
20.526,-0.4110250388446646,-0.41040780308899627
20.529,-0.4110250388446646,-0.4104760827202849
20.532,-0.4110250388446646,-0.41054425564593616
20.535,-0.4110250388446646,-0.41061033277804854
20.538,-0.4110250388446646,-0.41067286265462755
20.541,-0.41154863762026295,-0.41073471403024014
20.544,-0.41154863762026295,-0.4108019579164102
20.547,-0.41154863762026295,-0.41087518580859833
20.55,-0.41154863762026295,-0.41095080263807243
20.553,-0.41154863762026295,-0.41102600250367066
20.556,-0.41154863762026295,-0.4110986628599969
20.559,-0.41154863762026295,-0.41116724381647635
20.562,-0.4120722363958612,-0.41123456257249286
20.565,-0.4120722363958612,-0.4113066681630052
20.568,-0.4120722363958612,-0.4113841532612121
20.571,-0.4120722363958612,-0.4114634415582453
20.574,-0.4120722363958612,-0.4115417587357703
20.577,-0.4120722363958612,-0.4116170226542401
20.58,-0.4120722363958612,-0.4116877393478676
20.583,-0.41224676932106064,-0.41175419593500506
20.586,-0.41224676932106064,-0.41181802618544916
20.589,-0.41224676932106064,-0.41187926133951613
20.592,-0.41224676932106064,-0.41193671243127244
20.595,-0.41224676932106064,-0.4119895866615107
20.598,-0.41224676932106064,-0.4120374160824465
20.601,-0.41224676932106064,-0.4120799937377174
20.604,-0.41277036809665896,-0.4121211856335271
20.607,-0.41277036809665896,-0.412167842439864
20.61,-0.41277036809665896,-0.4122211467150793
20.613,-0.41277036809665896,-0.4122779334938194
20.616,-0.41277036809665896,-0.4123356918022409
20.619,-0.41277036809665896,-0.41239248245816756
20.622,-0.41277036809665896,-0.4124468586321612
20.625,-0.41311943394705786,-0.4125003697045207
20.628,-0.41311943394705786,-0.4125567989325306
20.631,-0.41311943394705786,-0.41261635972055705
20.634,-0.41311943394705786,-0.4126765430473163
20.637,-0.41311943394705786,-0.4127354215294129
20.64,-0.41311943394705786,-0.4127915672790064
20.643,-0.41311943394705786,-0.4128439746450935
20.646,-0.41364303272265607,-0.4128958572252187
20.649,-0.41364303272265607,-0.4129535438618654
20.652,-0.41364303272265607,-0.4130178100591715
20.655,-0.41364303272265607,-0.41308518315175025
20.658,-0.41364303272265607,-0.41315292915223345
20.661,-0.41364303272265607,-0.41321895688893595
20.664,-0.41364303272265607,-0.41328172607297237
20.667,-0.41381756564785555,-0.4133414504957184
20.67,-0.41381756564785555,-0.4133996722210349
20.673,-0.41381756564785555,-0.4134563195097283
20.676,-0.41381756564785555,-0.4135100948820583
20.679,-0.41381756564785555,-0.4135600960209825
20.682,-0.41381756564785555,-0.41360574793337535
20.685,-0.41381756564785555,-0.4136467416620692
20.688,-0.41434116442345387,-0.41368684806486145
20.691,-0.41434116442345387,-0.41373283068874617
20.694,-0.41434116442345387,-0.41378579364981544
20.697,-0.41434116442345387,-0.4138425024632652
20.7,-0.41434116442345387,-0.4139003854791117
20.703,-0.41434116442345387,-0.41395745136052753
20.706,-0.41434116442345387,-0.41401220914823483
20.709,-0.4146902302738527,-0.41406617150246244
20.712,-0.4146902302738527,-0.4141230916832711
20.715,-0.4146902302738527,-0.4141831590993351
20.718,-0.4146902302738527,-0.4142438460090456
20.721,-0.4146902302738527,-0.41430321087565164
20.724,-0.4146902302738527,-0.41435981555098433
20.727,-0.4146902302738527,-0.4144126473889243
20.73,-0.4150392961242516,-0.4144636262590722
20.733,-0.4150392961242516,-0.41451684649799697
20.736,-0.4150392961242516,-0.41457277819445904
20.739,-0.4150392961242516,-0.4146291200398796
20.742,-0.4150392961242516,-0.41468410896529934
20.745,-0.4150392961242516,-0.41473644352205713
20.748,-0.4150392961242516,-0.4147852119445179
20.751,-0.415213829049451,-0.414831115324857
20.754,-0.415213829049451,-0.4148760611783355
20.757,-0.415213829049451,-0.41492023970855196
20.76,-0.415213829049451,-0.41496252888334917
20.763,-0.415213829049451,-0.4150021308387444
20.766,-0.415213829049451,-0.4150385179318188
20.769,-0.415213829049451,-0.415071383709694
20.772,-0.4157374278250493,-0.4151044673394763
20.775,-0.4157374278250493,-0.4151444755967555
20.778,-0.4157374278250493,-0.4151924384212576
20.781,-0.4157374278250493,-0.4152450361012802
20.784,-0.4157374278250493,-0.41529960587073006
20.787,-0.4157374278250493,-0.41535406348847964
20.79,-0.4157374278250493,-0.4154068264758617
20.793,-0.41608649367544814,-0.41545931973195144
20.796,-0.41608649367544814,-0.4155152142085729
20.799,-0.41608649367544814,-0.4155746235873353
20.802,-0.41608649367544814,-0.4156349516446853
20.805,-0.41608649367544814,-0.41569419589810913
20.808,-0.41608649367544814,-0.415750864788606
20.811,-0.41608649367544814,-0.41580389957053515
20.814,-0.41643555952584704,-0.4158551809390858
20.817,-0.41643555952584704,-0.41590877048303887
20.82,-0.41643555952584704,-0.4159651114008002
20.823,-0.41643555952584704,-0.41602188074470764
20.826,-0.41643555952584704,-0.41607729844160857
20.829,-0.41643555952584704,-0.41613005006759857
20.832,-0.41643555952584704,-0.416179214330659
20.835,-0.41661009245104647,-0.4162254857021613
20.838,-0.41661009245104647,-0.41627076748292463
20.841,-0.41661009245104647,-0.41631524761752614
20.844,-0.41661009245104647,-0.41635780336932515
20.847,-0.41661009245104647,-0.4163976373734416
20.85,-0.41661009245104647,-0.41643422338705877
20.853,-0.41661009245104647,-0.41646725700154863
20.856,-0.41695915830144537,-0.41649919043408057
20.859,-0.41695915830144537,-0.416534500811483
20.862,-0.41695915830144537,-0.41657391591024245
20.865,-0.41695915830144537,-0.4166152893103227
20.868,-0.41695915830144537,-0.4166569300394686
20.871,-0.41695915830144537,-0.416697543623071
20.874,-0.41695915830144537,-0.4167361755149441
20.877,-0.4173082241518442,-0.41677473685907357
20.88,-0.4173082241518442,-0.41681726268011166
20.883,-0.4173082241518442,-0.41686412701911296
20.886,-0.4173082241518442,-0.41691290740774833
20.889,-0.4173082241518442,-0.41696170409127464
20.892,-0.4173082241518442,-0.41700907116153824
20.895,-0.4173082241518442,-0.41705395074777474
20.898,-0.41765729000224305,-0.41709819032644135
20.901,-0.41765729000224305,-0.4171457933091561
20.904,-0.41765729000224305,-0.4171971274467821
20.907,-0.41765729000224305,-0.41724978343354335
20.91,-0.41765729000224305,-0.41730188908888055
20.913,-0.41765729000224305,-0.4173520362290436
20.916,-0.41765729000224305,-0.4173992113156468
20.919,-0.41765729000224305,-0.4174427310273578
20.922,-0.41765729000224305,-0.41748218348129384
20.925,-0.41765729000224305,-0.41751737548998646
20.928,-0.41765729000224305,-0.4175482859691312
20.931,-0.41765729000224305,-0.4175750254020264
20.934,-0.41765729000224305,-0.41759780111011907
20.937,-0.41765729000224305,-0.4176168879674285
20.94,-0.4180063558526419,-0.41763518297012325
20.943,-0.4180063558526419,-0.41765749254320617
20.946,-0.4180063558526419,-0.4176847761666327
20.949,-0.4180063558526419,-0.4177150380218296
20.952,-0.4180063558526419,-0.41774667158113166
20.955,-0.4180063558526419,-0.4177784139836683
20.958,-0.4180063558526419,-0.4178093011664569
20.961,-0.4183554217030408,-0.4178412037437928
20.964,-0.4183554217030408,-0.417878093812216
20.967,-0.4183554217030408,-0.41792026730246573
20.97,-0.4183554217030408,-0.41796521439280304
20.973,-0.4183554217030408,-0.4180109435238926
20.976,-0.4183554217030408,-0.41805591630926636
20.979,-0.4183554217030408,-0.41809898462011
20.982,-0.4185299546282402,-0.41814062060749285
20.985,-0.4185299546282402,-0.41818251525818073
20.988,-0.4185299546282402,-0.4182246580901252
20.991,-0.4185299546282402,-0.4182657443700836
20.994,-0.4185299546282402,-0.4183048126156006
20.997,-0.4185299546282402,-0.418341190919431
21.0,-0.4185299546282402,-0.41837444755316966
21.003,-0.4187044875534397,-0.4184056357103203
21.006,-0.4187044875534397,-0.41843690726246907
21.009,-0.4187044875534397,-0.41846860757077753
21.012,-0.4187044875534397,-0.4184996973087318
21.015,-0.4187044875534397,-0.4185294037489474
21.018,-0.4187044875534397,-0.4185571798409284
21.021,-0.4187044875534397,-0.41858266640634584
21.024,-0.41905355340383854,-0.4186082366712175
21.027,-0.41905355340383854,-0.41863827267665343
21.03,-0.41905355340383854,-0.41867339767780276
21.033,-0.41905355340383854,-0.41871135664296505
21.036,-0.41905355340383854,-0.41875035008572675
21.039,-0.41905355340383854,-0.41878897829825584
21.042,-0.41905355340383854,-0.4188261871072312
21.045,-0.41922808632903796,-0.4188625058151351
21.048,-0.41922808632903796,-0.4188996528688922
21.051,-0.41922808632903796,-0.4189376218445625
21.054,-0.41922808632903796,-0.41897509414166123
21.057,-0.41922808632903796,-0.41901108118180136
21.06,-0.41922808632903796,-0.419044874697493
21.063,-0.41922808632903796,-0.4190760006258393
21.066,-0.4195771521794368,-0.41910675595527425
21.069,-0.4195771521794368,-0.41914147814677494
21.072,-0.4195771521794368,-0.41918077127930553
21.075,-0.4195771521794368,-0.41922238104023346
21.078,-0.4195771521794368,-0.41926452377824913
21.081,-0.4195771521794368,-0.4193058266536958
21.084,-0.4195771521794368,-0.419345269961937
21.087,-0.4197516851046363,-0.4193834222383819
21.09,-0.4197516851046363,-0.4194220436283624
21.093,-0.4197516851046363,-0.4194611700499572
21.096,-0.4197516851046363,-0.4194995244831244
21.099,-0.4197516851046363,-0.4195361581217148
21.102,-0.4197516851046363,-0.41957039991937944
21.105,-0.4197516851046363,-0.4196018099934243
21.108,-0.4199262180298357,-0.4196314267648413
21.111,-0.4199262180298357,-0.4196613827337833
21.114,-0.4199262180298357,-0.41969200096334797
21.117,-0.4199262180298357,-0.419722218261172
21.12,-0.4199262180298357,-0.41975123754644367
21.123,-0.4199262180298357,-0.41977848776394416
21.126,-0.4199262180298357,-0.4198035867053075
21.129,-0.42010075095503513,-0.41982759656479557
21.132,-0.42010075095503513,-0.41985264711970927
21.135,-0.42010075095503513,-0.41987903863120873
21.138,-0.42010075095503513,-0.41990567050166955
21.141,-0.42010075095503513,-0.4199316982394722
21.144,-0.42010075095503513,-0.41995649716693606
21.147,-0.42010075095503513,-0.41997962831172153
21.15,-0.420449816805434,-0.42000338581523483
21.153,-0.420449816805434,-0.42003207551078153
21.156,-0.420449816805434,-0.420066248886572
21.159,-0.420449816805434,-0.42010358464360964
21.162,-0.420449816805434,-0.42014222317087585
21.165,-0.420449816805434,-0.4201807110863613
21.168,-0.420449816805434,-0.4202179470365176
21.171,-0.420449816805434,-0.4202531300548808
21.174,-0.420449816805434,-0.4202857113939136
21.177,-0.420449816805434,-0.4203153504228812
21.18,-0.420449816805434,-0.420341874922644
21.183,-0.420449816805434,-0.42036524589918706
21.186,-0.420449816805434,-0.42038552687503483
21.189,-0.420449816805434,-0.4204028574951443
21.192,-0.42062434973063345,-0.4204187206193247
21.195,-0.42062434973063345,-0.4204355772705368
21.198,-0.42062434973063345,-0.42045398113178367
21.201,-0.42062434973063345,-0.4204730183261306
21.204,-0.42062434973063345,-0.42049197481527645
21.207,-0.42062434973063345,-0.42051030970880215
21.21,-0.42062434973063345,-0.42052762983977143
21.213,-0.4209734155810323,-0.42054624490291725
21.216,-0.4209734155810323,-0.42057045280798594
21.219,-0.4209734155810323,-0.4206007794914139
21.222,-0.4209734155810323,-0.42063486544511075
21.225,-0.4209734155810323,-0.4206708043477877
21.228,-0.4209734155810323,-0.4207070910194074
21.231,-0.4209734155810323,-0.42074256996808324
21.234,-0.4211479485062317,-0.4207776753321323
21.237,-0.4211479485062317,-0.4208140378891195
21.24,-0.4211479485062317,-0.420851571838915
21.243,-0.4211479485062317,-0.4208888878603737
21.246,-0.4211479485062317,-0.42092493532989556
21.249,-0.4211479485062317,-0.42095895236900793
21.252,-0.4211479485062317,-0.42099041930528736
21.255,-0.4211479485062317,-0.4210190161056133
21.258,-0.4211479485062317,-0.42104458408967477
21.261,-0.4211479485062317,-0.4210670920315223
21.264,-0.4211479485062317,-0.42108660660150987
21.267,-0.4211479485062317,-0.42110326698409806
21.27,-0.4211479485062317,-0.42111726342293987
21.273,-0.4211479485062317,-0.4211288193880566
21.276,-0.42132248143143114,-0.4211394664497427
21.279,-0.42132248143143114,-0.4211516861850851
21.282,-0.42132248143143114,-0.4211660308010703
21.285,-0.42132248143143114,-0.4211815682267518
21.288,-0.42132248143143114,-0.4211975540476048
21.291,-0.42132248143143114,-0.4212134086258223
21.294,-0.42132248143143114,-0.4212286948229278
21.297,-0.42167154728183004,-0.42124567568674454
21.3,-0.42167154728183004,-0.42126860182303866
21.303,-0.42167154728183004,-0.4212979527622346
21.306,-0.42167154728183004,-0.42133132464481193
21.309,-0.42167154728183004,-0.4213667696719265
21.312,-0.42167154728183004,-0.4214027445982906
21.315,-0.42167154728183004,-0.42143805958789854
21.318,-0.42184608020702946,-0.4214731182810851
21.321,-0.42184608020702946,-0.42150952478502124
21.324,-0.42184608020702946,-0.42154717032954797
21.327,-0.42184608020702946,-0.4215846461177072
21.33,-0.42184608020702946,-0.42162088528419434
21.333,-0.42184608020702946,-0.421655112649467
21.336,-0.42184608020702946,-0.42168679787047575
21.339,-0.42184608020702946,-0.42171561256017764
21.342,-0.42184608020702946,-0.4217413916938704
21.345,-0.42184608020702946,-0.42176409941765003
21.348,-0.42184608020702946,-0.4217837992166267
21.351,-0.42184608020702946,-0.4218006282818317
21.354,-0.42184608020702946,-0.42181477582918775
21.357,-0.42184608020702946,-0.42182646506610844
21.36,-0.4220206131322289,-0.4218372278901833
21.363,-0.4220206131322289,-0.42184954664494945
21.366,-0.4220206131322289,-0.4218639746153247
21.369,-0.4220206131322289,-0.4218795810134298
21.372,-0.4220206131322289,-0.4218956228259676
21.375,-0.4220206131322289,-0.42191152186485326
21.378,-0.4220206131322289,-0.42192684243538775
21.381,-0.42219514605742836,-0.42194255955810595
21.384,-0.42219514605742836,-0.4219606927816661
21.387,-0.42219514605742836,-0.421981417854688
21.39,-0.42219514605742836,-0.4220035024786388
21.393,-0.42219514605742836,-0.4220259688836758
21.396,-0.42219514605742836,-0.4220480618523575
21.399,-0.42219514605742836,-0.42206921781377527
21.402,-0.4223696789826277,-0.4220903250893027
21.405,-0.4223696789826277,-0.4221133504200395
21.408,-0.4223696789826277,-0.4221384440939786
21.411,-0.4223696789826277,-0.42216436991124573
21.414,-0.4223696789826277,-0.42219016271930887
21.417,-0.4223696789826277,-0.42221509211337893
21.42,-0.4223696789826277,-0.4222386278807648
21.423,-0.4223696789826277,-0.42226040779328256
21.426,-0.4223696789826277,-0.4222802081379598
21.429,-0.4223696789826277,-0.42229791720202847
21.432,-0.4223696789826277,-0.4223135117892426
21.435,-0.4223696789826277,-0.42232703673655014
21.438,-0.4223696789826277,-0.4223385873188961
21.441,-0.4223696789826277,-0.4223482943714183
21.444,-0.4225442119078272,-0.42235760134270767
21.447,-0.4225442119078272,-0.42236890772611785
21.45,-0.4225442119078272,-0.4223826906645769
21.453,-0.4225442119078272,-0.42239795058224244
21.456,-0.4225442119078272,-0.42241388330594043
21.459,-0.4225442119078272,-0.4224298570988924
21.462,-0.4225442119078272,-0.4224453900911078
21.465,-0.42271874483302657,-0.42246141810242
21.468,-0.42271874483302657,-0.422479927945834
21.471,-0.42271874483302657,-0.42250106852062635
21.474,-0.42271874483302657,-0.42252358595095063
21.477,-0.42271874483302657,-0.42254648553850993
21.48,-0.42271874483302657,-0.4225689991747484
21.483,-0.42271874483302657,-0.4225905538504001
21.486,-0.42289327775822605,-0.4226120313544252
21.489,-0.42289327775822605,-0.4226353942995365
21.492,-0.42289327775822605,-0.4226607907964416
21.495,-0.42289327775822605,-0.4226869840168158
21.498,-0.42289327775822605,-0.4227130093766784
21.501,-0.42289327775822605,-0.4227381379337279
21.504,-0.42289327775822605,-0.42276184157469193
21.507,-0.42289327775822605,-0.4227837605933739
21.51,-0.42289327775822605,-0.422803674045771
21.513,-0.42289327775822605,-0.4228214730941741
21.516,-0.42289327775822605,-0.4228371374131515
21.519,-0.42289327775822605,-0.4228507146224001
21.522,-0.42289327775822605,-0.4228623026303749
21.525,-0.42289327775822605,-0.422872034714351
21.528,-0.4230678106834255,-0.42288135654728315
21.531,-0.4230678106834255,-0.42289266961546224
21.534,-0.4230678106834255,-0.42290645281977884
21.537,-0.4230678106834255,-0.4229217081116227
21.54,-0.4230678106834255,-0.42293763262436934
21.543,-0.4230678106834255,-0.4229535957212725
21.546,-0.4230678106834255,-0.42296911644273827
21.549,-0.4232423436086249,-0.42298513134780946
21.552,-0.4232423436086249,-0.4230036278366075
21.555,-0.4232423436086249,-0.42302475526245603
21.558,-0.4232423436086249,-0.42304726008889176
21.561,-0.4232423436086249,-0.42307014785973013
21.564,-0.4232423436086249,-0.4230926506273643
21.567,-0.4232423436086249,-0.423114195476968
21.57,-0.42341687653382437,-0.4231356642385467
21.573,-0.42341687653382437,-0.42315901952402063
21.576,-0.42341687653382437,-0.4231844094114957
21.579,-0.42341687653382437,-0.4232105970168073
21.582,-0.42341687653382437,-0.4232366176841037
21.585,-0.42341687653382437,-0.42326174238913966
21.588,-0.42341687653382437,-0.4232854429314562
21.591,-0.42341687653382437,-0.42330735951625814
21.594,-0.42341687653382437,-0.4233272711124873
21.597,-0.42341687653382437,-0.42334506879912676
21.6,-0.42341687653382437,-0.42336073217274944
21.603,-0.42341687653382437,-0.4233743087814044
21.606,-0.42341687653382437,-0.42338589646884484
21.609,-0.42341687653382437,-0.42339562845484197
21.612,-0.4235914094590238,-0.4234049503620214
21.615,-0.4235914094590238,-0.4234162636332918
21.618,-0.4235914094590238,-0.42343004713272914
21.621,-0.4235914094590238,-0.4234453027809929
21.624,-0.4235914094590238,-0.42346122768626604
21.627,-0.4235914094590238,-0.42347719119156785
21.63,-0.4235914094590238,-0.4234927123214397
21.633,-0.4235914094590238,-0.42350743819897607
21.636,-0.4235914094590238,-0.4235211238389485
21.639,-0.4235914094590238,-0.4235336135850712
21.642,-0.4235914094590238,-0.4235448243467642
21.645,-0.4235914094590238,-0.42355473070044214
21.648,-0.4235914094590238,-0.42356335184970073
21.651,-0.4235914094590238,-0.42357074038519144
21.654,-0.4237659423842232,-0.42357826216982514
21.657,-0.4237659423842232,-0.4235882419052944
21.66,-0.4237659423842232,-0.42360108627889254
21.663,-0.4237659423842232,-0.42361573064026786
21.666,-0.4237659423842232,-0.4236313117590056
21.669,-0.4237659423842232,-0.4236471451645449
21.672,-0.4237659423842232,-0.42366270262266753
21.675,-0.4237659423842232,-0.4236775903815015
21.678,-0.4237659423842232,-0.4236915286458676
21.681,-0.4237659423842232,-0.42370433259277424
21.684,-0.4237659423842232,-0.4237158951205114
21.687,-0.4237659423842232,-0.4237261714265408
21.69,-0.4237659423842232,-0.423735165432569
21.693,-0.4237659423842232,-0.4237429180162068
21.696,-0.42394047530942264,-0.4237507863888163
21.699,-0.42394047530942264,-0.4237610891855399
21.702,-0.42394047530942264,-0.4237742291731901
21.705,-0.42394047530942264,-0.4237891395296249
21.708,-0.42394047530942264,-0.42380495624730796
21.711,-0.42394047530942264,-0.4238209951626545
21.714,-0.42394047530942264,-0.42383672916418574
21.717,-0.42394047530942264,-0.4238517662102627
21.72,-0.42394047530942264,-0.4238658286123942
21.723,-0.42394047530942264,-0.4238787338936625
21.726,-0.42394047530942264,-0.42389037741123897
21.729,-0.42394047530942264,-0.4239007168346321
21.732,-0.42394047530942264,-0.4239097584945602
21.735,-0.42394047530942264,-0.4239175455584956
21.738,-0.4241150082346221,-0.4239254373693379
21.741,-0.4241150082346221,-0.42393575451031684
21.744,-0.4241150082346221,-0.4239489014991851
21.747,-0.4241150082346221,-0.42396381306299874
21.75,-0.4241150082346221,-0.4239796265441439
21.753,-0.4241150082346221,-0.4239956589374469
21.756,-0.4241150082346221,-0.42401138410989636
21.759,-0.4241150082346221,-0.42402641083249565
21.762,-0.4241150082346221,-0.42404046207921287
21.765,-0.4241150082346221,-0.42405335590174725
21.768,-0.4241150082346221,-0.4240649880684311
21.771,-0.4241150082346221,-0.4240753165584176
21.774,-0.4241150082346221,-0.4240843479256806
21.777,-0.4241150082346221,-0.42409212548862124
21.78,-0.42428954115982154,-0.4241000086815785
21.783,-0.42428954115982154,-0.42411031813125605
21.786,-0.42428954115982154,-0.4241234583611021
21.789,-0.42428954115982154,-0.4241383640749561
21.792,-0.42428954115982154,-0.42415417257067567
21.795,-0.42428954115982154,-0.4241702007836593
21.798,-0.42428954115982154,-0.4241859225118881
21.801,-0.42428954115982154,-0.4242009464521082
21.804,-0.42428954115982154,-0.42421499550223113
21.807,-0.42428954115982154,-0.4242278876387776
21.81,-0.42428954115982154,-0.4242395185577912
21.813,-0.42428954115982154,-0.42424984617047146
21.816,-0.42428954115982154,-0.42425887696814496
21.819,-0.42428954115982154,-0.42426665421245435
21.822,-0.42446407408502096,-0.4242745372871375
21.825,-0.42446407408502096,-0.424284846774478
21.828,-0.42446407408502096,-0.4242979871595183
21.831,-0.42446407408502096,-0.424312893113404
21.834,-0.42446407408502096,-0.42432870190661043
21.837,-0.42446407408502096,-0.42434473045200455
21.84,-0.42446407408502096,-0.4243604525293923
21.843,-0.42446407408502096,-0.4243754768211962
21.846,-0.42446407408502096,-0.42438952621435805
21.849,-0.42446407408502096,-0.42440241867730477
21.852,-0.42446407408502096,-0.4244140499004135
21.855,-0.42446407408502096,-0.4244243777912318
21.858,-0.42446407408502096,-0.4244334088390743
21.861,-0.42446407408502096,-0.4244411863048797
21.864,-0.42446407408502096,-0.42444778014881984
21.867,-0.42446407408502096,-0.4244532785777313
21.87,-0.42446407408502096,-0.4244577810747706
21.873,-0.42446407408502096,-0.424461392762804
21.876,-0.42446407408502096,-0.4244642199491352
21.879,-0.42446407408502096,-0.42446636670071514
21.882,-0.42446407408502096,-0.42446793230459756
21.885,-0.42463860701022044,-0.424470298900861
21.888,-0.42463860701022044,-0.424475783842906
21.891,-0.42463860701022044,-0.4244847687114771
21.894,-0.42463860701022044,-0.42449615098025545
21.897,-0.42463860701022044,-0.4245090209465473
21.9,-0.42463860701022044,-0.42452264250033894
21.903,-0.42463860701022044,-0.4245364333625392
21.906,-0.42463860701022044,-0.42454994550334346
21.909,-0.42463860701022044,-0.42456284627630725
21.912,-0.42463860701022044,-0.4245749006544819
21.915,-0.42463860701022044,-0.4245859548300003
21.918,-0.42463860701022044,-0.42459592133569807
21.921,-0.42463860701022044,-0.4246047657644514
21.924,-0.42463860701022044,-0.42461249509659743
21.927,-0.4248131399354198,-0.42462043701968344
21.93,-0.4248131399354198,-0.4246308848450496
21.933,-0.4248131399354198,-0.42464421995963597
21.936,-0.4248131399354198,-0.42465935779396874
21.939,-0.4248131399354198,-0.42467541988145435
21.942,-0.4248131399354198,-0.42469171052861654
21.945,-0.4248131399354198,-0.42470769366346295
21.948,-0.4248131399354198,-0.4247229705035457
21.951,-0.4248131399354198,-0.42473725850762467
21.954,-0.4248131399354198,-0.424750371925969
21.957,-0.4248131399354198,-0.4247622041417445
21.96,-0.4248131399354198,-0.4247727118969859
21.963,-0.4248131399354198,-0.4247819014185985
21.966,-0.4248131399354198,-0.4247898163999909
21.969,-0.4248131399354198,-0.4247965277497236
21.972,-0.4248131399354198,-0.424802124987531
21.975,-0.4248131399354198,-0.42480670914800733
21.978,-0.4248131399354198,-0.4248103870411008
21.981,-0.4248131399354198,-0.42481326671454717
21.984,-0.4248131399354198,-0.42481545396488785
21.987,-0.4248131399354198,-0.42481704974940704
21.99,-0.4249876728606193,-0.42481943778389175
21.993,-0.4249876728606193,-0.42482493687896933
21.996,-0.4249876728606193,-0.424833929939402
21.999,-0.4249876728606193,-0.42484531562240935
22.002,-0.4249876728606193,-0.4248581852669778
22.005,-0.4249876728606193,-0.4248718036660572
22.008,-0.4249876728606193,-0.4248855893112947
22.011,-0.4249876728606193,-0.4248990948202435
22.014,-0.4249876728606193,-0.4249119880808129
22.017,-0.4249876728606193,-0.42492403449863764
22.02,-0.4249876728606193,-0.42493508060821933
22.023,-0.4249876728606193,-0.4249450392060047
22.026,-0.4249876728606193,-0.4249538760807681
22.029,-0.4249876728606193,-0.42496159835143704
22.032,-0.4249876728606193,-0.42496824437257297
22.035,-0.4249876728606193,-0.42497387513090806
22.038,-0.4249876728606193,-0.4249785670305966
22.041,-0.4249876728606193,-0.42498240594827236
22.044,-0.4249876728606193,-0.42498548242992007
22.047,-0.4249876728606193,-0.42498788789843356
22.05,-0.4249876728606193,-0.42498971174222594
22.053,-0.42516220578581865,-0.42499232858410063
22.056,-0.42516220578581865,-0.42499805029418936
22.059,-0.42516220578581865,-0.4250072546795781
22.062,-0.42516220578581865,-0.42501883685256153
22.065,-0.42516220578581865,-0.42503188589336777
22.068,-0.42516220578581865,-0.4250456653815173
22.071,-0.42516220578581865,-0.42505959342642263
22.074,-0.42516220578581865,-0.4250732229071131
22.077,-0.42516220578581865,-0.42508622245501276
22.08,-0.42516220578581865,-0.4250983585640588
22.083,-0.42516220578581865,-0.42510947908722485
22.086,-0.42516220578581865,-0.4251194982755918
22.089,-0.42516220578581865,-0.42512838343318066
22.092,-0.42516220578581865,-0.4251361431955043
22.095,-0.42516220578581865,-0.42514281738991105
22.098,-0.42516220578581865,-0.4251484683990733
22.101,-0.42516220578581865,-0.4251531739233645
22.104,-0.42516220578581865,-0.4251570210214598
22.107,-0.42516220578581865,-0.42516010129958254
22.11,-0.42516220578581865,-0.4251625071168597
22.113,-0.42516220578581865,-0.4251643286759213
22.116,-0.42516220578581865,-0.4251656518730129
22.119,-0.42516220578581865,-0.4251665567895156
22.122,-0.42516220578581865,-0.4251671167160577
22.125,-0.42516220578581865,-0.42516739761068817
22.128,-0.42516220578581865,-0.42516745790331517
22.131,-0.42516220578581865,-0.42516734856938193
22.134,-0.42516220578581865,-0.4251671134062121
22.137,-0.4253367387110181,-0.4251680788792684
22.14,-0.4253367387110181,-0.42517250817192936
22.143,-0.4253367387110181,-0.4251807314404879
22.146,-0.4253367387110181,-0.42519159834280323
22.149,-0.4253367387110181,-0.4252041555190076
22.152,-0.4253367387110181,-0.4252176276561479
22.155,-0.4253367387110181,-0.42523139781969665
22.158,-0.4253367387110181,-0.42524498780849357
22.161,-0.4253367387110181,-0.4252580391080532
22.164,-0.4253367387110181,-0.4252702948619966
22.167,-0.4253367387110181,-0.42528158315088943
22.17,-0.4253367387110181,-0.4252918017599562
22.173,-0.4253367387110181,-0.4253009045297367
22.176,-0.4253367387110181,-0.4253088893144826
22.179,-0.4253367387110181,-0.4253157875196467
22.182,-0.4253367387110181,-0.4253216551500068
22.185,-0.4253367387110181,-0.4253265652716923
22.188,-0.4253367387110181,-0.4253306017727394
22.191,-0.4253367387110181,-0.42533385429601045
22.194,-0.4253367387110181,-0.4253364142138488
22.197,-0.4253367387110181,-0.4253383715142895
22.2,-0.4253367387110181,-0.42533981247284314
22.203,-0.4253367387110181,-0.42534081799078666
22.206,-0.4253367387110181,-0.42534146248966836
22.209,-0.4253367387110181,-0.425341813261679
22.212,-0.4253367387110181,-0.42534193018606453
22.215,-0.4253367387110181,-0.4253418657324221
22.218,-0.4253367387110181,-0.4253416651821736
22.221,-0.42551127163621755,-0.4253426564333719
22.224,-0.42551127163621755,-0.42534710402046066
22.227,-0.42551127163621755,-0.42535533934884384
22.23,-0.42551127163621755,-0.4253662132110067
22.233,-0.42551127163621755,-0.42537877326107254
22.236,-0.42551127163621755,-0.425392245078329
22.239,-0.42551127163621755,-0.42540601250148885
22.242,-0.42551127163621755,-0.42541959798924
22.245,-0.42551127163621755,-0.42543264358117233
22.248,-0.42551127163621755,-0.4254448928781302
22.251,-0.42551127163621755,-0.4254561743307024
22.254,-0.42551127163621755,-0.4254663860168545
22.257,-0.42551127163621755,-0.4254754820024173
22.26,-0.42551127163621755,-0.4254834603089562
22.263,-0.42551127163621755,-0.42549035246018174
22.266,-0.42551127163621755,-0.4254962145383096
22.269,-0.42551127163621755,-0.4255011196535623
22.272,-0.42551127163621755,-0.4255051517113944
22.275,-0.42551127163621755,-0.42550840035127785
22.278,-0.42551127163621755,-0.42551095692643237
22.281,-0.42551127163621755,-0.4255129113943639
22.284,-0.42551127163621755,-0.4255143499922794
22.287,-0.42551127163621755,-0.42551535357836723
22.29,-0.42551127163621755,-0.4255159965287213
22.293,-0.42551127163621755,-0.42551634608962013
22.296,-0.42551127163621755,-0.4255164620954065
22.299,-0.42551127163621755,-0.42551639697286886
22.302,-0.42551127163621755,-0.4255161959634789
22.305,-0.42551127163621755,-0.4255158975048172
22.308,-0.42551127163621755,-0.42551553372184536
22.311,-0.42551127163621755,-0.42551513098723615
22.314,-0.42551127163621755,-0.42551471051768897
22.317,-0.42551127163621755,-0.4255142889800026
22.32,-0.42551127163621755,-0.4255138790866599
22.323,-0.42551127163621755,-0.425513490165835
22.326,-0.42568580456141697,-0.42551441811897034
22.329,-0.42568580456141697,-0.4255188994398484
22.332,-0.42568580456141697,-0.42552724133173325
22.335,-0.42568580456141697,-0.4255382740207138
22.338,-0.42568580456141697,-0.4255510279685345
22.341,-0.42568580456141697,-0.42556471463728185
22.344,-0.42568580456141697,-0.42557870650539653
22.347,-0.42568580456141697,-0.42559251710461404
22.35,-0.42568580456141697,-0.425605781662764
22.353,-0.42568580456141697,-0.42561823877957067
22.356,-0.42568580456141697,-0.42562971342991585
22.359,-0.42568580456141697,-0.42564010147938014
22.362,-0.42568580456141697,-0.4256493558079854
22.365,-0.42568580456141697,-0.4256574740675998
22.368,-0.42568580456141697,-0.42566448804409984
22.371,-0.42568580456141697,-0.42567045455487224
22.374,-0.42568580456141697,-0.42567544778347033
22.377,-0.42568580456141697,-0.42567955293425014
22.38,-0.42568580456141697,-0.4256828610788254
22.383,-0.42568580456141697,-0.4256854650616119
22.386,-0.42568580456141697,-0.42568745633217614
22.389,-0.42568580456141697,-0.4256889225763504
22.392,-0.42568580456141697,-0.4256899460250926
22.395,-0.42568580456141697,-0.42569060232898287
22.398,-0.42568580456141697,-0.4256909598963459
22.401,-0.42568580456141697,-0.42569107960367925
22.404,-0.42568580456141697,-0.42569101479791016
22.407,-0.42568580456141697,-0.42569081152062266
22.41,-0.42568580456141697,-0.425690508894542
22.413,-0.42568580456141697,-0.4256901396220553
22.416,-0.42568580456141697,-0.42568973055423875
22.419,-0.42568580456141697,-0.42568930329671695
22.422,-0.42568580456141697,-0.4256888748256408
22.425,-0.42568580456141697,-0.4256884580931611
22.428,-0.42568580456141697,-0.42568806260701736
22.431,-0.42568580456141697,-0.4256876949733049
22.434,-0.42568580456141697,-0.4256873593951864
22.437,-0.42568580456141697,-0.425687058123346
22.44,-0.42568580456141697,-0.42568679185641534
22.443,-0.42568580456141697,-0.425686560091503
22.446,-0.42568580456141697,-0.4256863614264008
22.449,-0.42568580456141697,-0.4256861938160938
22.452,-0.42568580456141697,-0.4256860547869209
22.455,-0.42568580456141697,-0.4256859416121864
22.458,-0.42568580456141697,-0.425685851453251
22.461,-0.42568580456141697,-0.4256857814701894
22.464,-0.42568580456141697,-0.4256857289060209
22.467,-0.42568580456141697,-0.425685691148347
22.47,-0.42568580456141697,-0.4256856657719732
22.473,-0.42586033748661645,-0.42568693998968554
22.476,-0.42586033748661645,-0.4256917441951553
22.479,-0.42586033748661645,-0.42570038164129426
22.482,-0.42586033748661645,-0.42571168035621965
22.485,-0.42586033748661645,-0.4257246700019547
22.488,-0.42586033748661645,-0.4257385623283551
22.491,-0.42586033748661645,-0.4257527309205429
22.494,-0.42586033748661645,-0.42576669100729925
22.497,-0.42586033748661645,-0.4257800799125277
22.5,-0.42586033748661645,-0.4257926385736845
22.503,-0.42586033748661645,-0.42580419441816575
22.506,-0.42586033748661645,-0.42581464577892303
22.509,-0.42586033748661645,-0.42582394794173817
22.512,-0.42586033748661645,-0.4258321008462697
22.515,-0.42586033748661645,-0.4258391384088193
22.518,-0.42586033748661645,-0.4258451193945109
22.521,-0.42586033748661645,-0.42585011973807896
22.524,-0.42586033748661645,-0.4258542261937608
22.527,-0.42586033748661645,-0.42585753118409153
22.53,-0.42586033748661645,-0.4258601287131085
22.533,-0.42586033748661645,-0.4258621112101808
22.536,-0.42586033748661645,-0.42586356717517343
22.539,-0.42586033748661645,-0.42586457950289597
22.542,-0.42586033748661645,-0.4258652243738969
22.545,-0.42586033748661645,-0.42586557060894276
22.548,-0.42586033748661645,-0.4258656793953652
22.551,-0.42586033748661645,-0.425865604304432
22.554,-0.42586033748661645,-0.42586539152962827
22.557,-0.42586033748661645,-0.42586508028597836
22.56,-0.42586033748661645,-0.42586470332009024
22.563,-0.42586033748661645,-0.4258642874893755
22.566,-0.42586033748661645,-0.4258638543767812
22.569,-0.42586033748661645,-0.4258634209143767
22.572,-0.42586033748661645,-0.42586299999524824
22.575,-0.42586033748661645,-0.425862601058417
22.578,-0.42586033748661645,-0.4258622306359452
22.581,-0.42586033748661645,-0.42586189285510656
22.584,-0.42586033748661645,-0.42586158989152684
22.587,-0.42586033748661645,-0.4258613223716294
22.59,-0.42586033748661645,-0.42586108972461695
22.593,-0.42586033748661645,-0.42586089048565556
22.596,-0.42586033748661645,-0.4258607225529725
22.599,-0.42586033748661645,-0.42586058340229094
22.602,-0.42586033748661645,-0.42586047026246815
22.605,-0.42586033748661645,-0.4258603802564253
22.608,-0.42586033748661645,-0.4258603105115034
22.611,-0.42586033748661645,-0.4258602582432978
22.614,-0.42586033748661645,-0.42586022081683506
22.617,-0.42586033748661645,-0.42586019578870343
22.62,-0.42586033748661645,-0.42586018093344724
22.623,-0.42586033748661645,-0.42586017425720785
22.626,-0.42586033748661645,-0.42586017400125786
22.629,-0.42586033748661645,-0.4258601786377429
22.632,-0.42586033748661645,-0.42586018685961763
22.635,-0.42586033748661645,-0.42586019756646487
22.638,-0.42586033748661645,-0.4258602098475986
22.641,-0.42586033748661645,-0.42586022296360165
22.644,-0.42586033748661645,-0.42586023632721787
22.647,-0.42586033748661645,-0.42586024948431644
22.65,-0.42586033748661645,-0.42586026209547534
22.653,-0.42586033748661645,-0.42586027391857906
22.656,-0.42586033748661645,-0.42586028479270205
22.659,-0.42586033748661645,-0.4258602946234484
22.662,-0.42586033748661645,-0.4258603033698299
22.665,-0.42586033748661645,-0.42586031103270555
22.668,-0.42586033748661645,-0.4258603176447479
22.671,-0.42586033748661645,-0.4258603232618695
22.674,-0.42586033748661645,-0.42586032795601264
22.677,-0.42586033748661645,-0.42586033180919
22.68,-0.42586033748661645,-0.4258603349086524
22.683,-0.42586033748661645,-0.42586033734305795
22.686,-0.42586033748661645,-0.42586033919951555
22.689,-0.42586033748661645,-0.4258603405613809
22.692,-0.42586033748661645,-0.42586034150669133
22.695,-0.42586033748661645,-0.4258603421071309
22.698,-0.42586033748661645,-0.42586034242743204
22.701,-0.42586033748661645,-0.42586034252512484
22.704,-0.42586033748661645,-0.42586034245055926
22.707,-0.42586033748661645,-0.42586034224713454
22.71,-0.42586033748661645,-0.42586034195167904
22.713,-0.42586033748661645,-0.4258603415949331
22.716,-0.42586033748661645,-0.42586034120209676
22.719,-0.42586033748661645,-0.4258603407934098
22.722,-0.42586033748661645,-0.42586034038474024
22.725,-0.42586033748661645,-0.42586033998816086
22.728,-0.42586033748661645,-0.4258603396124996
22.731,-0.42586033748661645,-0.42586033926385514
22.734,-0.42586033748661645,-0.42586033894606956
22.737,-0.42586033748661645,-0.4258603386611537
22.74,-0.42586033748661645,-0.42586033840966653
22.743,-0.42586033748661645,-0.4258603381910453
22.746,-0.42586033748661645,-0.4258603380038908
22.749,-0.42586033748661645,-0.4258603378462082
22.752,-0.42586033748661645,-0.4258603377156091
22.755,-0.42586033748661645,-0.4258603376094759
22.758,-0.42586033748661645,-0.4258603375250939
22.761,-0.42586033748661645,-0.4258603374597549
22.764,-0.42586033748661645,-0.42586033741083557
22.767,-0.42586033748661645,-0.4258603373758548
22.77,-0.42586033748661645,-0.42586033735251294
22.773,-0.42586033748661645,-0.4258603373387162
22.776,-0.42586033748661645,-0.42586033733258966
22.779,-0.42586033748661645,-0.4258603373324801
22.782,-0.42586033748661645,-0.4258603373369516
22.785,-0.42586033748661645,-0.42586033734477663
22.788,-0.42586033748661645,-0.4258603373549218
22.791,-0.42586033748661645,-0.4258603373665326
22.794,-0.42586033748661645,-0.4258603373789153
22.797,-0.42586033748661645,-0.4258603373915194
22.8,-0.42586033748661645,-0.4258603374039195
22.803,-0.42586033748661645,-0.4258603374157979
22.806,-0.42586033748661645,-0.4258603374269284
22.809,-0.42586033748661645,-0.4258603374371609
22.812,-0.42586033748661645,-0.4258603374464078
22.815,-0.42586033748661645,-0.42586033745463153
22.818,-0.42586033748661645,-0.42586033746183377
22.821,-0.42586033748661645,-0.425860337468046
22.824,-0.42586033748661645,-0.42586033747332136
22.827,-0.42586033748661645,-0.425860337477728
22.83,-0.42586033748661645,-0.4258603374813435
22.833,-0.42586033748661645,-0.4258603374842502
22.836,-0.42586033748661645,-0.4258603374865315
22.839,-0.42586033748661645,-0.42586033748826996
22.842,-0.42586033748661645,-0.4258603374895437
22.845,-0.42586033748661645,-0.4258603374904264
22.848,-0.42586033748661645,-0.4258603374909855
22.851,-0.42586033748661645,-0.4258603374912817
22.854,-0.42586033748661645,-0.4258603374913692
22.857,-0.42586033748661645,-0.4258603374912953
22.86,-0.42586033748661645,-0.4258603374911009
22.863,-0.42586033748661645,-0.42586033749082053
22.866,-0.42586033748661645,-0.42586033749048297
22.869,-0.42586033748661645,-0.4258603374901118
22.872,-0.42603487041181587,-0.4258616269136039
22.875,-0.42603487041181587,-0.42586643813749625
22.878,-0.42603487041181587,-0.42587507616531045
22.881,-0.42603487041181587,-0.42588637054732864
22.884,-0.42603487041181587,-0.4258993522489447
22.887,-0.42603487041181587,-0.42591323411839876
22.89,-0.42603487041181587,-0.42592739065077573
22.893,-0.42586033748661645,-0.42594004839069
22.896,-0.42586033748661645,-0.4259486128738388
22.899,-0.42586033748661645,-0.42595252048990934
22.902,-0.42586033748661645,-0.4259527694574288
22.905,-0.42586033748661645,-0.42595022738828253
22.908,-0.42586033748661645,-0.4259456368832533
22.911,-0.42586033748661645,-0.4259396234836369
22.914,-0.42586033748661645,-0.42593270518049536
22.917,-0.42586033748661645,-0.425925302828026
22.92,-0.42586033748661645,-0.42591775093709444
22.923,-0.42586033748661645,-0.42591030843905336
22.926,-0.42586033748661645,-0.4259031691088646
22.929,-0.42586033748661645,-0.42589647142098624
22.932,-0.42586033748661645,-0.42589030768242336
22.935,-0.42586033748661645,-0.42588473234591456
22.938,-0.42586033748661645,-0.4258797694536597
22.941,-0.42586033748661645,-0.4258754191995474
22.944,-0.42586033748661645,-0.42587166362677165
22.947,-0.42586033748661645,-0.4258684714992365
22.95,-0.42586033748661645,-0.4258658024003813
22.953,-0.42586033748661645,-0.42586361012306445
22.956,-0.42586033748661645,-0.4258618454198727
22.959,-0.42586033748661645,-0.4258604581855359
22.962,-0.42586033748661645,-0.4258593991427662
22.965,-0.42586033748661645,-0.42585862110045897
22.968,-0.42586033748661645,-0.4258580798493441
22.971,-0.42586033748661645,-0.4258577347553242
22.974,-0.42586033748661645,-0.42585754910526413
22.977,-0.42586033748661645,-0.4258574902542141
22.98,-0.42586033748661645,-0.4258575296172041
22.983,-0.42586033748661645,-0.42585764254302216
22.986,-0.42586033748661645,-0.42585780810193097
22.989,-0.42586033748661645,-0.42585800881417696
22.992,-0.42586033748661645,-0.42585823034147513
22.995,-0.42586033748661645,-0.42585846115944026
22.998,-0.42586033748661645,-0.42585869222520234
23.001,-0.42586033748661645,-0.42585891665117953
23.004,-0.42586033748661645,-0.42585912939317655
23.007,-0.42586033748661645,-0.42585932695860057
23.01,-0.42586033748661645,-0.4258595071386046
23.013,-0.42586033748661645,-0.4258596687663534
23.016,-0.42586033748661645,-0.425859811502307
23.019,-0.42586033748661645,-0.4258599356464061
23.022,-0.42586033748661645,-0.4258600419762758
23.025,-0.42586033748661645,-0.4258601316100073
23.028,-0.42586033748661645,-0.42586020589169377
23.031,-0.42586033748661645,-0.425860266297662
23.034,-0.42586033748661645,-0.4258603143612209
23.037,-0.42586033748661645,-0.42586035161372293
23.04,-0.42586033748661645,-0.4258603795397782
23.043,-0.42586033748661645,-0.4258603995445605
23.046,-0.42586033748661645,-0.42586041293128024
23.049,-0.42586033748661645,-0.4258604208870565
23.052,-0.42586033748661645,-0.42586042447560024
23.055,-0.42586033748661645,-0.4258604246352925
23.058,-0.42586033748661645,-0.4258604221814273
23.061,-0.42586033748661645,-0.42586041781155437
23.064,-0.42586033748661645,-0.42586041211302483
23.067,-0.42586033748661645,-0.4258604055719878
23.07,-0.42586033748661645,-0.4258603985832266
23.073,-0.42586033748661645,-0.42586039146034266
23.076,-0.42586033748661645,-0.425860384445903
23.079,-0.42586033748661645,-0.4258603777212597
23.082,-0.42586033748661645,-0.4258603714158303
23.085,-0.42586033748661645,-0.4258603656156938
23.088,-0.42586033748661645,-0.4258603603714114
23.091,-0.42586033748661645,-0.42586035570502584
23.094,-0.42586033748661645,-0.42586035161623087
23.097,-0.42586033748661645,-0.42586034808772505
23.1,-0.42586033748661645,-0.4258603450897868
23.103,-0.42586033748661645,-0.42586034258412386
23.106,-0.42586033748661645,-0.42586034052705407
23.109,-0.42586033748661645,-0.4258603388720852
23.112,-0.42586033748661645,-0.4258603375719611
23.115,-0.42586033748661645,-0.4258603365802409
23.118,-0.42586033748661645,-0.42586033585247607
23.121,-0.42586033748661645,-0.42586033534704815
23.124,-0.42586033748661645,-0.4258603350257211
23.127,-0.42586033748661645,-0.42586033485396274
23.13,-0.42586033748661645,-0.4258603348010791
23.133,-0.42586033748661645,-0.42586033484020414
23.136,-0.42586033748661645,-0.4258603349481776
23.139,-0.42586033748661645,-0.42586033510534366
23.142,-0.42586033748661645,-0.42586033529529327
23.145,-0.42586033748661645,-0.425860335504573
23.148,-0.42586033748661645,-0.4258603357223754
23.151,-0.42586033748661645,-0.42586033594022615
23.154,-0.42586033748661645,-0.4258603361516757
23.157,-0.42586033748661645,-0.42586033635200626
23.16,-0.42586033748661645,-0.42586033653795696
23.163,-0.42586033748661645,-0.42586033670747153
23.166,-0.42586033748661645,-0.4258603368594715
23.169,-0.42586033748661645,-0.42586033699365355
23.172,-0.42586033748661645,-0.4258603371103136
23.175,-0.42586033748661645,-0.4258603372101946
23.178,-0.42586033748661645,-0.42586033729435757
23.181,-0.42586033748661645,-0.42586033736407447
23.184,-0.42586033748661645,-0.4258603374207398
23.187,-0.42586033748661645,-0.42586033746580043
23.19,-0.42586033748661645,-0.4258603375006998
23.193,-0.42586033748661645,-0.42586033752683683
23.196,-0.42586033748661645,-0.4258603375455346
23.199,-0.42586033748661645,-0.42586033755801966
23.202,-0.42586033748661645,-0.4258603375654089
23.205,-0.42586033748661645,-0.4258603375687027
23.208,-0.42586033748661645,-0.4258603375687829
23.211,-0.42586033748661645,-0.42586033756641567
23.214,-0.42586033748661645,-0.42586033756225655
23.217,-0.42586033748661645,-0.4258603375568568
23.22,-0.42586033748661645,-0.4258603375506727
23.223,-0.42586033748661645,-0.4258603375440746
23.226,-0.42586033748661645,-0.42586033753735647
23.229,-0.42586033748661645,-0.4258603375307456
23.232,-0.42586033748661645,-0.4258603375244117
23.235,-0.42586033748661645,-0.4258603375184756
23.238,-0.42586033748661645,-0.4258603375130178
23.241,-0.42586033748661645,-0.4258603375080849
23.244,-0.42586033748661645,-0.4258603375036974
23.247,-0.42586033748661645,-0.4258603374998543
23.25,-0.42586033748661645,-0.42586033749653923
23.253,-0.42586033748661645,-0.42586033749372365
23.256,-0.42586033748661645,-0.4258603374913715
23.259,-0.42586033748661645,-0.42586033748944135
23.262,-0.42586033748661645,-0.42586033748788926
23.265,-0.42586033748661645,-0.42586033748667085
23.268,-0.42586033748661645,-0.42586033748574215
23.271,-0.42586033748661645,-0.4258603374850614
23.274,-0.42586033748661645,-0.42586033748458946
23.277,-0.42586033748661645,-0.42586033748429025
23.28,-0.42586033748661645,-0.42586033748413143
23.283,-0.42586033748661645,-0.42586033748408403
23.286,-0.42586033748661645,-0.42586033748412283
23.289,-0.42586033748661645,-0.42586033748422597
23.292,-0.42586033748661645,-0.42586033748437524
23.295,-0.42586033748661645,-0.42586033748455504
23.298,-0.42586033748661645,-0.42586033748475266
23.301,-0.42586033748661645,-0.42586033748495816
23.304,-0.42586033748661645,-0.4258603374851635
23.307,-0.42586033748661645,-0.4258603374853627
23.31,-0.42586033748661645,-0.4258603374855514
23.313,-0.42586033748661645,-0.4258603374857264
23.316,-0.42586033748661645,-0.4258603374858859
23.319,-0.42586033748661645,-0.42586033748602886
23.322,-0.42586033748661645,-0.425860337486155
23.325,-0.42586033748661645,-0.4258603374862646
23.328,-0.42586033748661645,-0.42586033748635843
23.331,-0.42586033748661645,-0.4258603374864375
23.334,-0.42568580456141697,-0.42585904806262526
23.337,-0.42568580456141697,-0.4258542368384008
23.34,-0.42568580456141697,-0.4258455988102551
23.343,-0.42568580456141697,-0.4258343044279158
23.346,-0.42568580456141697,-0.42582132272599604
23.349,-0.42568580456141697,-0.4258074408562604
23.352,-0.42568580456141697,-0.4257932843236272
23.355,-0.42568580456141697,-0.4257793371596056
23.358,-0.42568580456141697,-0.4257659614519768
23.361,-0.42568580456141697,-0.42575341580754245
23.364,-0.42568580456141697,-0.42574187245750067
23.367,-0.42568580456141697,-0.4257314328245762
23.37,-0.42568580456141697,-0.42572214145974757
23.373,-0.42568580456141697,-0.42571399832663426
23.376,-0.42568580456141697,-0.42570696946568
23.379,-0.42568580456141697,-0.4257009961104654
23.382,-0.42568580456141697,-0.4256960023569237
23.385,-0.42568580456141697,-0.4256919015048975
23.388,-0.42568580456141697,-0.42568860120214747
23.391,-0.42568580456141697,-0.42568600752519153
23.394,-0.42568580456141697,-0.42568402813064227
23.397,-0.42568580456141697,-0.4256825746062032
23.4,-0.42568580456141697,-0.4256815641432538
23.403,-0.42568580456141697,-0.42568092064383706
23.406,-0.42568580456141697,-0.425680575364601
23.409,-0.42568580456141697,-0.4256804671894012
23.412,-0.42568580456141697,-0.42568054261131577
23.415,-0.42568580456141697,-0.42568075549409823
23.418,-0.42568580456141697,-0.4256810666728651
23.421,-0.42568580456141697,-0.4256814434442656
23.424,-0.42568580456141697,-0.4256818589876307
23.427,-0.42568580456141697,-0.42568229175071287
23.43,-0.42568580456141697,-0.4256827248266376
23.433,-0.42568580456141697,-0.42568314534258045
23.436,-0.42568580456141697,-0.4256835438754302
23.439,-0.42568580456141697,-0.4256839139052533
23.442,-0.42568580456141697,-0.42568425131366894
23.445,-0.42568580456141697,-0.4256845539312201
23.448,-0.42568580456141697,-0.4256848211353967
23.451,-0.42568580456141697,-0.425685053499078
23.454,-0.42568580456141697,-0.42568525248772465
23.457,-0.42568580456141697,-0.4256854202026108
23.46,-0.42568580456141697,-0.4256855591666727
23.463,-0.42568580456141697,-0.4256856721491118
23.466,-0.42568580456141697,-0.4256857620246662
23.469,-0.42568580456141697,-0.4256858316634189
23.472,-0.42568580456141697,-0.425685883847096
23.475,-0.42568580456141697,-0.42568592120799364
23.478,-0.42568580456141697,-0.4256859461869258
23.481,-0.42568580456141697,-0.4256859610068882
23.484,-0.42568580456141697,-0.4256859676594572
23.487,-0.42568580456141697,-0.4256859679012796
23.49,-0.42568580456141697,-0.4256859632583454
23.493,-0.42568580456141697,-0.4256859550360539
23.496,-0.42568580456141697,-0.4256859443333922
23.499,-0.42568580456141697,-0.42568593205982186
23.502,-0.42568580456141697,-0.42568591895372876
23.505,-0.42568580456141697,-0.42568590560151504
23.508,-0.42568580456141697,-0.4256858924566175
23.511,-0.42568580456141697,-0.4256858798579066
23.514,-0.42568580456141697,-0.42568586804707126
23.517,-0.42568580456141697,-0.4256858571847171
23.52,-0.42568580456141697,-0.4256858473650119
23.523,-0.42568580456141697,-0.42568583862879156
23.526,-0.42568580456141697,-0.42568583097510715
23.529,-0.42568580456141697,-0.4256858243712466
23.532,-0.42568580456141697,-0.4256858187612969
23.535,-0.42568580456141697,-0.4256858140733454
23.538,-0.42568580456141697,-0.42568581022543084
23.541,-0.42568580456141697,-0.4256858071303691
23.544,-0.42568580456141697,-0.425685804699578
23.547,-0.42568580456141697,-0.42568580284603014
23.55,-0.42568580456141697,-0.42568580148645213
23.553,-0.42568580456141697,-0.425685800542888
23.556,-0.42568580456141697,-0.4256857999437314
23.559,-0.42568580456141697,-0.4256857996243228
23.562,-0.42568580456141697,-0.4256857995271992
23.565,-0.42551127163621755,-0.4256845101781934
23.568,-0.42551127163621755,-0.42567969915743775
23.571,-0.42551127163621755,-0.4256710614246407
23.574,-0.42551127163621755,-0.4256597673988287
23.577,-0.42551127163621755,-0.42564678608944817
23.58,-0.42551127163621755,-0.4256329046280512
23.583,-0.42551127163621755,-0.4256187485037107
23.586,-0.42551127163621755,-0.4256048017358813
23.589,-0.42551127163621755,-0.4255914264035298
23.592,-0.42551127163621755,-0.42557888110736997
23.595,-0.42551127163621755,-0.4255673380747655
23.598,-0.42551127163621755,-0.4255568987264351
23.601,-0.42551127163621755,-0.42554760761280175
23.604,-0.42551127163621755,-0.425539464698049
23.607,-0.42551127163621755,-0.4255324360240202
23.61,-0.42551127163621755,-0.42552646282628986
23.613,-0.42551127163621755,-0.4255214692031781
23.616,-0.42551127163621755,-0.42551736845714333
23.619,-0.42551127163621755,-0.4255140682386584
23.622,-0.42551127163621755,-0.4255114746269471
23.625,-0.42551127163621755,-0.4255094952812425
23.628,-0.42551127163621755,-0.42550804179172685
23.631,-0.42551127163621755,-0.42550703135207685
23.634,-0.42551127163621755,-0.4255063878664271
23.637,-0.42551127163621755,-0.42550604259329805
23.64,-0.42551127163621755,-0.42550593441819695
23.643,-0.42551127163621755,-0.42550600983563586
23.646,-0.42551127163621755,-0.4255062227105945
23.649,-0.42551127163621755,-0.42550653387922127
23.652,-0.42551127163621755,-0.42550691063901913
23.655,-0.42551127163621755,-0.42550732617001163
23.658,-0.42551127163621755,-0.4255077589205009
23.661,-0.42551127163621755,-0.4255081919840373
23.664,-0.42551127163621755,-0.42550861248811356
23.667,-0.42551127163621755,-0.42550901100984445
23.67,-0.42551127163621755,-0.425509381029446
23.673,-0.42551127163621755,-0.42550971842862506
23.676,-0.42551127163621755,-0.4255100210379619
23.679,-0.42551127163621755,-0.4255102882349447
23.682,-0.42551127163621755,-0.42551052059242134
23.685,-0.42551127163621755,-0.4255107195757992
23.688,-0.42551127163621755,-0.42551088728628433
23.691,-0.42551127163621755,-0.4255110262467356
23.694,-0.42551127163621755,-0.42551113922627193
23.697,-0.42551127163621755,-0.425511229099548
23.7,-0.42551127163621755,-0.42551129873656496
23.703,-0.42551127163621755,-0.4255113509189703
23.706,-0.42551127163621755,-0.42551138827898666
23.709,-0.42551127163621755,-0.4255114132573609
23.712,-0.42551127163621755,-0.42551142807702796
23.715,-0.42551127163621755,-0.42551143472950986
23.718,-0.42551127163621755,-0.42551143497140637
23.721,-0.42551127163621755,-0.4255114303286666
23.724,-0.42551127163621755,-0.4255114221066554
23.727,-0.42551127163621755,-0.4255114114043311
23.73,-0.42551127163621755,-0.4255113991311316
23.733,-0.42551127163621755,-0.4255113860254238
23.736,-0.42551127163621755,-0.42551137267359496
23.739,-0.42551127163621755,-0.4255113595290707
23.742,-0.42551127163621755,-0.4255113469307133
23.745,-0.42551127163621755,-0.42551133512020567
23.748,-0.42551127163621755,-0.42551132425815014
23.751,-0.42551127163621755,-0.42551131443871265
23.754,-0.42551127163621755,-0.42551130570272844
23.757,-0.42551127163621755,-0.4255112980492493
23.76,-0.42551127163621755,-0.4255112914455644
23.763,-0.42551127163621755,-0.4255112858357626
23.766,-0.42551127163621755,-0.42551128114793346
23.769,-0.42551127163621755,-0.42551127730011834
23.772,-0.42551127163621755,-0.4255112742051355
23.775,-0.42551127163621755,-0.4255112717744056
23.778,-0.42551127163621755,-0.4255112699209034
23.781,-0.42551127163621755,-0.42551126856135796
23.784,-0.42551127163621755,-0.4255112676178156
23.787,-0.42551127163621755,-0.42551126701867176
23.79,-0.42551127163621755,-0.4255112666992688
23.793,-0.42551127163621755,-0.42551126660214517
23.796,-0.42551127163621755,-0.4255112666770128
23.799,-0.42551127163621755,-0.4255112668805272
23.802,-0.42551127163621755,-0.4255112671759084
23.805,-0.42551127163621755,-0.4255112675324574
23.808,-0.42551127163621755,-0.4255112679250094
23.811,-0.42551127163621755,-0.4255112683333537
23.814,-0.42551127163621755,-0.42551126874164635
23.817,-0.42551127163621755,-0.42551126913783416
23.82,-0.42551127163621755,-0.4255112695131041
23.823,-0.42551127163621755,-0.42551126986136883
23.826,-0.42551127163621755,-0.4255112701787951
23.829,-0.42551127163621755,-0.42551127046337744
23.832,-0.42551127163621755,-0.4255112707145608
23.835,-0.42551127163621755,-0.42551127093290975
23.838,-0.42551127163621755,-0.425511271119824
23.841,-0.42551127163621755,-0.4255112712772978
23.844,-0.42551127163621755,-0.4255112714077181
23.847,-0.42551127163621755,-0.4255112715137009
23.85,-0.42551127163621755,-0.42551127159795826
23.853,-0.42551127163621755,-0.42551127166319613
23.856,-0.42551127163621755,-0.425511271712035
23.859,-0.42551127163621755,-0.4255112717469535
23.862,-0.42551127163621755,-0.42551127177024883
23.865,-0.42551127163621755,-0.42551127178401227
23.868,-0.42551127163621755,-0.4255112717901166
23.871,-0.42551127163621755,-0.42551127179021314
23.874,-0.42551127163621755,-0.4255112717857359
23.877,-0.42551127163621755,-0.42551127177791087
23.88,-0.42551127163621755,-0.42551127176777
23.883,-0.42551127163621755,-0.4255112717561668
23.886,-0.42551127163621755,-0.4255112717437939
23.889,-0.42551127163621755,-0.42551127173120096
23.892,-0.42551127163621755,-0.4255112717188127
23.895,-0.42551127163621755,-0.42551127170694636
23.898,-0.42551127163621755,-0.4255112716958277
23.901,-0.42551127163621755,-0.4255112716856066
23.904,-0.42551127163621755,-0.42551127167637026
23.907,-0.42551127163621755,-0.42551127166815633
23.91,-0.42551127163621755,-0.425511271660963
23.913,-0.42551127163621755,-0.42551127165475866
23.916,-0.42551127163621755,-0.4255112716494902
23.919,-0.42551127163621755,-0.4255112716450895
23.922,-0.42551127163621755,-0.42551127164147906
23.925,-0.42551127163621755,-0.42551127163857655
23.928,-0.42551127163621755,-0.4255112716362985
23.931,-0.42551127163621755,-0.42551127163456287
23.934,-0.42551127163621755,-0.4255112716332912
23.937,-0.42551127163621755,-0.42551127163241015
23.94,-0.42551127163621755,-0.4255112716318524
23.943,-0.42551127163621755,-0.425511271631557
23.946,-0.42551127163621755,-0.42551127163146996
23.949,-0.42551127163621755,-0.42551127163154406
23.952,-0.42551127163621755,-0.4255112716317386
23.955,-0.42551127163621755,-0.42551127163201896
23.958,-0.42551127163621755,-0.42551127163235636
23.961,-0.42551127163621755,-0.4255112716327271
23.964,-0.42551127163621755,-0.42551127163311236
23.967,-0.42551127163621755,-0.4255112716334974
23.97,-0.42551127163621755,-0.42551127163387065
23.973,-0.42551127163621755,-0.425511271634224
23.976,-0.42551127163621755,-0.4255112716345518
23.979,-0.42551127163621755,-0.4255112716348504
23.982,-0.42551127163621755,-0.4255112716351181
23.985,-0.42551127163621755,-0.42551127163535424
23.988,-0.42551127163621755,-0.4255112716355594
23.991,-0.42551127163621755,-0.42551127163573504
23.994,-0.42551127163621755,-0.425511271635883
23.997,-0.42551127163621755,-0.4255112716360054
24.0,-0.42551127163621755,-0.42551127163610475
24.003,-0.42551127163621755,-0.4255112716361838
24.006,-0.42551127163621755,-0.42551127163624486
24.009,-0.42551127163621755,-0.4255112716362906
24.012,-0.42551127163621755,-0.4255112716363233
24.015,-0.42551127163621755,-0.425511271636345
24.018,-0.42551127163621755,-0.4255112716363578
24.021,-0.42551127163621755,-0.4255112716363634
24.024,-0.42551127163621755,-0.42551127163636343
24.027,-0.42551127163621755,-0.42551127163635905
24.03,-0.42551127163621755,-0.42551127163635166
24.033,-0.42551127163621755,-0.425511271636342
24.036,-0.42551127163621755,-0.42551127163633107
24.039,-0.42551127163621755,-0.4255112716363194
24.042,-0.42551127163621755,-0.4255112716363074
24.045,-0.42551127163621755,-0.4255112716362958
24.048,-0.42551127163621755,-0.4255112716362846
24.051,-0.42551127163621755,-0.42551127163627417
24.054,-0.42551127163621755,-0.42551127163626445
24.057,-0.42551127163621755,-0.42551127163625574
24.06,-0.42551127163621755,-0.425511271636248
24.063,-0.42551127163621755,-0.42551127163624125
24.066,-0.42551127163621755,-0.4255112716362354
24.069,-0.42551127163621755,-0.42551127163623054
24.072,-0.42551127163621755,-0.42551127163622643
24.075,-0.42551127163621755,-0.425511271636223
24.078,-0.42551127163621755,-0.42551127163622027
24.081,-0.42551127163621755,-0.42551127163621816
24.084,-0.42551127163621755,-0.42551127163621655
24.087,-0.42551127163621755,-0.4255112716362153
24.09,-0.42568580456141697,-0.4255125610600922
24.093,-0.42568580456141697,-0.4255173722843693
24.096,-0.42568580456141697,-0.42552601031255693
24.099,-0.42568580456141697,-0.4255373046949288
24.102,-0.42568580456141697,-0.425550286396873
24.105,-0.42568580456141697,-0.4255641682666263
24.108,-0.42568580456141697,-0.4255783247992714
24.111,-0.42568580456141697,-0.4255922719633001
24.114,-0.42568580456141697,-0.42560564767093223
24.117,-0.42568580456141697,-0.4256181933153669
24.12,-0.42568580456141697,-0.42562973666540665
24.123,-0.42568580456141697,-0.42564017629832746
24.126,-0.42568580456141697,-0.42564946766315126
24.129,-0.42568580456141697,-0.4256576107962591
24.132,-0.42568580456141697,-0.4256646396572074
24.135,-0.42568580456141697,-0.42567061301241593
24.138,-0.42568580456141697,-0.42567560676595173
24.141,-0.42568580456141697,-0.42567970761797197
24.144,-0.42568580456141697,-0.42568300792071667
24.147,-0.42568580456141697,-0.4256856015976676
24.15,-0.42568580456141697,-0.4256875809922123
24.153,-0.42568580456141697,-0.42568903451664736
24.156,-0.42568580456141697,-0.42569004497959334
24.159,-0.42568580456141697,-0.42569068847900693
24.162,-0.42568580456141697,-0.42569103375824047
24.165,-0.42568580456141697,-0.4256911419334382
24.168,-0.42568580456141697,-0.42569106651152183
24.171,-0.42568580456141697,-0.4256908536287379
24.174,-0.42568580456141697,-0.4256905424499699
24.177,-0.42568580456141697,-0.42569016567856843
24.18,-0.42568580456141697,-0.42568975013520277
24.183,-0.42568580456141697,-0.42568931737212024
24.186,-0.42568580456141697,-0.4256888842961953
24.189,-0.42568580456141697,-0.4256884637802522
24.192,-0.42568580456141697,-0.4256880652474024
24.195,-0.42568580456141697,-0.4256876952175793
24.198,-0.42568580456141697,-0.4256873578091638
24.201,-0.42568580456141697,-0.4256870551916127
24.204,-0.42568580456141697,-0.42568678798743625
24.207,-0.42568580456141697,-0.4256865556237552
24.21,-0.42568580456141697,-0.4256863566351086
24.213,-0.42568580456141697,-0.42568618892022264
24.216,-0.42568580456141697,-0.42568604995616083
24.219,-0.42568580456141697,-0.4256859369737219
24.222,-0.42568580456141697,-0.42568584709816765
24.225,-0.42568580456141697,-0.4256857774594151
24.228,-0.42568580456141697,-0.4256857252757381
24.231,-0.42568580456141697,-0.4256856879148406
24.234,-0.42568580456141697,-0.42568566293590854
24.237,-0.42568580456141697,-0.42568564811594617
24.24,-0.42568580456141697,-0.4256856414633772
24.243,-0.42568580456141697,-0.42568564122155483
24.246,-0.42568580456141697,-0.42568564586448915
24.249,-0.42568580456141697,-0.4256856540867808
24.252,-0.42568580456141697,-0.4256856647894426
24.255,-0.42568580456141697,-0.4256856770630128
24.258,-0.42568580456141697,-0.42568569016910607
24.261,-0.42568580456141697,-0.4256857035213198
24.264,-0.42568580456141697,-0.4256857166662173
24.267,-0.42568580456141697,-0.42568572926492815
24.27,-0.42568580456141697,-0.4256857410757636
24.273,-0.42568580456141697,-0.42568575193811775
24.276,-0.42568580456141697,-0.42568576175782286
24.279,-0.42568580456141697,-0.4256857704940433
24.282,-0.42568580456141697,-0.4256857781477276
24.285,-0.42568580456141697,-0.4256857847515882
24.288,-0.42568580456141697,-0.4256857903615378
24.291,-0.42568580456141697,-0.4256857950494894
24.294,-0.42568580456141697,-0.4256857988974039
24.297,-0.42568580456141697,-0.4256858019924657
24.3,-0.42568580456141697,-0.42568580442325676
24.303,-0.42568580456141697,-0.42568580627680463
24.306,-0.42568580456141697,-0.42568580763638264
24.309,-0.42568580456141697,-0.4256858085799467
24.312,-0.42568580456141697,-0.42568580917910337
24.315,-0.42568580456141697,-0.425685809498512
24.318,-0.42568580456141697,-0.4256858095956355
24.321,-0.42568580456141697,-0.4256858095207637
24.324,-0.42568580456141697,-0.4256858093172417
24.327,-0.42568580456141697,-0.42568580902185094
24.33,-0.42568580456141697,-0.42568580866529093
24.333,-0.42568580456141697,-0.42568580827272734
24.336,-0.42568580456141697,-0.4256858078643712
24.339,-0.42568580456141697,-0.4256858074560668
24.342,-0.42568580456141697,-0.42568580705986786
24.345,-0.42568580456141697,-0.42568580668458744
24.348,-0.42568580456141697,-0.42568580633631303
24.351,-0.42568580456141697,-0.4256858060188781
24.354,-0.42568580456141697,-0.425685805734288
24.357,-0.42568580456141697,-0.4256858054830979
24.36,-0.42568580456141697,-0.42568580526474314
24.363,-0.42568580456141697,-0.4256858050778239
24.366,-0.42568580456141697,-0.425685804920346
24.369,-0.42568580456141697,-0.42568580478992224
24.372,-0.42568580456141697,-0.42568580468393685
24.375,-0.42568580456141697,-0.42568580459967725
24.378,-0.42568580456141697,-0.4256858045344379
24.381,-0.42568580456141697,-0.42568580448559784
24.384,-0.42568580456141697,-0.4256858044506785
24.387,-0.42568580456141697,-0.42568580442738263
24.39,-0.42568580456141697,-0.4256858044136189
24.393,-0.42568580456141697,-0.42568580440751447
24.396,-0.42568580456141697,-0.42568580440741793
24.399,-0.42568580456141697,-0.4256858044118954
24.402,-0.42568580456141697,-0.42568580441972065
24.405,-0.42568580456141697,-0.42568580442986176
24.408,-0.42568580456141697,-0.4256858044414653
24.411,-0.42568580456141697,-0.4256858044538387
24.414,-0.42568580456141697,-0.425685804466432
24.417,-0.42568580456141697,-0.4256858044788206
24.42,-0.42568580456141697,-0.42568580449068727
24.423,-0.42568580456141697,-0.42568580450180626
24.426,-0.42568580456141697,-0.42568580451202764
24.429,-0.42568580456141697,-0.42568580452126414
24.432,-0.42568580456141697,-0.4256858045294783
24.435,-0.42568580456141697,-0.4256858045366719
24.438,-0.42568580456141697,-0.4256858045428764
24.441,-0.42568580456141697,-0.4256858045481449
24.444,-0.42568580456141697,-0.4256858045525458
24.447,-0.42568580456141697,-0.4256858045561563
24.45,-0.42568580456141697,-0.4256858045590588
24.453,-0.42568580456141697,-0.42568580456133687
24.456,-0.42568580456141697,-0.4256858045630725
24.459,-0.42568580456141697,-0.4256858045643442
24.462,-0.42568580456141697,-0.4256858045652252
24.465,-0.42568580456141697,-0.42568580456578314
24.468,-0.42551127163621755,-0.42568451514220085
24.471,-0.42551127163621755,-0.42567970391801024
24.474,-0.42551127163621755,-0.42567106588974823
24.477,-0.42551127163621755,-0.42565977150718187
24.48,-0.42551127163621755,-0.4256467898049573
24.483,-0.42551127163621755,-0.4256329079348668
24.486,-0.42551127163621755,-0.4256187514018512
24.489,-0.42551127163621755,-0.4256048042374375
24.492,-0.42551127163621755,-0.4255914285294208
24.495,-0.42551127163621755,-0.42557888288461315
24.498,-0.42551127163621755,-0.42556733953422027
24.501,-0.42551127163621755,-0.425556899900972
24.504,-0.42551127163621755,-0.4255476085358499
24.507,-0.42551127163621755,-0.4255394654024748
24.51,-0.42551127163621755,-0.4255324365412906
24.513,-0.42551127163621755,-0.42552646318587717
24.516,-0.42551127163621755,-0.42552146943216607
24.519,-0.42551127163621755,-0.42551736857999817
24.522,-0.42551127163621755,-0.4255140682771311
24.525,-0.42551127163621755,-0.42551147460008093
24.528,-0.42551127163621755,-0.4255094952054573
24.531,-0.42551127163621755,-0.42550804168096124
24.534,-0.42551127163621755,-0.4255070312179697
24.537,-0.42551127163621755,-0.4255063877185234
24.54,-0.42551127163621755,-0.4255060424392682
24.543,-0.42551127163621755,-0.42550593426405786
24.546,-0.42551127163621755,-0.4255060096859686
24.549,-0.42551127163621755,-0.42550622256875253
24.552,-0.42551127163621755,-0.42550653374752484
24.555,-0.42551127163621755,-0.42550691051893363
24.558,-0.42551127163621755,-0.425507326062309
24.561,-0.42551127163621755,-0.42550775882540254
24.564,-0.42551127163621755,-0.42550819190133915
24.567,-0.42551127163621755,-0.4255086124172941
24.57,-0.42551127163621755,-0.4255090109501556
24.573,-0.4253367387110181,-0.42550809155611213
24.576,-0.4253367387110181,-0.4255036177402606
24.579,-0.4253367387110181,-0.4254952823296332
24.582,-0.4253367387110181,-0.4254842551514464
24.585,-0.4253367387110181,-0.4254715058131911
24.588,-0.4253367387110181,-0.4254578229320912
24.591,-0.4253367387110181,-0.42544383411433806
24.594,-0.4253367387110181,-0.4254300259143764
24.597,-0.4253367387110181,-0.42541676318918764
24.6,-0.4253367387110181,-0.42540430742031093
24.603,-0.4253367387110181,-0.42539283370902675
24.606,-0.4253367387110181,-0.42538244625978544
24.609,-0.4253367387110181,-0.425373192255861
24.612,-0.4253367387110181,-0.42536507410168667
24.615,-0.4253367387110181,-0.42535806006070187
24.618,-0.4253367387110181,-0.425352093358063
24.621,-0.4253367387110181,-0.42534709984635016
24.624,-0.4253367387110181,-0.4253429943513958
24.627,-0.4253367387110181,-0.4253396858263596
24.63,-0.4253367387110181,-0.425337081446747
24.633,-0.4253367387110181,-0.42533508977863177
24.636,-0.4253367387110181,-0.42533362314810325
24.639,-0.4253367387110181,-0.4253325993329433
24.642,-0.4253367387110181,-0.4253319426886318
24.645,-0.4253367387110181,-0.42533158481068717
24.648,-0.4253367387110181,-0.4253314648246537
24.651,-0.4253367387110181,-0.4253315293842157
24.654,-0.4253367387110181,-0.42533173244729416
24.657,-0.42516220578581865,-0.42533074546596383
24.66,-0.42516220578581865,-0.42532630335940314
24.663,-0.42516220578581865,-0.4253180742707202
24.666,-0.42516220578581865,-0.4253072070414809
24.669,-0.42516220578581865,-0.42529465372751
24.672,-0.42516220578581865,-0.42528118852578534
24.675,-0.42516220578581865,-0.42526742743092844
24.678,-0.42516220578581865,-0.42525384786593196
24.681,-0.42516220578581865,-0.42524080771316775
24.684,-0.42516220578581865,-0.4252285633267063
24.687,-0.42516220578581865,-0.4252172862372791
24.69,-0.42516220578581865,-0.4252070783688831
24.693,-0.42516220578581865,-0.42519798567329753
24.696,-0.42516220578581865,-0.4251900101579524
24.699,-0.42516220578581865,-0.42518312033593797
24.702,-0.42516220578581865,-0.42517726016669055
24.705,-0.42516220578581865,-0.42517235658410013
24.708,-0.42516220578581865,-0.42516832572739255
24.711,-0.42516220578581865,-0.4251650780008885
24.714,-0.42516220578581865,-0.42516252209319133
24.717,-0.42516220578581865,-0.4251605680858831
24.72,-0.4249876728606193,-0.4251578403537319
24.723,-0.4249876728606193,-0.42515202569435767
24.726,-0.4249876728606193,-0.42514274475685293
24.729,-0.4249876728606193,-0.42513110076974814
24.732,-0.4249876728606193,-0.42511800295490487
24.735,-0.4249876728606193,-0.4251041860555965
24.738,-0.4249876728606193,-0.42509023035052
24.741,-0.4249876728606193,-0.4250765814460858
24.744,-0.4249876728606193,-0.4250635693151194
24.747,-0.4249876728606193,-0.42505142619957703
24.75,-0.4249876728606193,-0.42504030311989477
24.753,-0.4249876728606193,-0.42503028483632344
24.756,-0.4249876728606193,-0.4250214031903283
24.759,-0.4249876728606193,-0.42501364881920556
24.762,-0.4249876728606193,-0.42500698128677944
24.765,-0.4249876728606193,-0.42500133770959836
24.768,-0.4249876728606193,-0.42499663998351705
24.771,-0.4249876728606193,-0.42499280073182816
24.774,-0.4249876728606193,-0.42498972810490976
24.777,-0.4249876728606193,-0.4249873295642135
24.78,-0.4249876728606193,-0.42498551478166774
24.783,-0.4248131399354198,-0.42498290835648467
24.786,-0.4248131399354198,-0.42497719778654863
24.789,-0.4248131399354198,-0.42496800476255
24.792,-0.4248131399354198,-0.4249564337835397
24.795,-0.4248131399354198,-0.4249433954785297
24.798,-0.4248131399354198,-0.4249296260603152
24.801,-0.4248131399354198,-0.4249157072811438
24.804,-0.4248131399354198,-0.4249020861804963
24.807,-0.4248131399354198,-0.42488909409112025
24.81,-0.4248131399354198,-0.42487696451905066
24.813,-0.4248131399354198,-0.42486584963852586
24.816,-0.4248131399354198,-0.4248558352455979
24.819,-0.4248131399354198,-0.42484695409714324
24.822,-0.4248131399354198,-0.4248391976272187
24.825,-0.42463860701022044,-0.42483123665871125
24.828,-0.42463860701022044,-0.42482077650780503
24.831,-0.42463860701022044,-0.4248074345447314
24.834,-0.42463860701022044,-0.4247922942315042
24.837,-0.42463860701022044,-0.4247762330629797
24.84,-0.42463860701022044,-0.4247599458928772
24.843,-0.42463860701022044,-0.42474396807866543
24.846,-0.42463860701022044,-0.4247286978046674
24.849,-0.42463860701022044,-0.4247144171202351
24.852,-0.42463860701022044,-0.4247013113785787
24.855,-0.42463860701022044,-0.42468948688428865
24.858,-0.42463860701022044,-0.42467898665643594
24.861,-0.42463860701022044,-0.42466980429208867
24.864,-0.42463860701022044,-0.4246618959748463
24.867,-0.42463860701022044,-0.42465519071714225
24.87,-0.42463860701022044,-0.4246495989560372
24.873,-0.42463860701022044,-0.4246450196422487
24.876,-0.42463860701022044,-0.4246413459732705
24.879,-0.42463860701022044,-0.42463846992542714
24.882,-0.42463860701022044,-0.4246362857381702
24.885,-0.42463860701022044,-0.4246346924982239
24.888,-0.42446407408502096,-0.4246323065386079
24.891,-0.42446407408502096,-0.42462680909970985
24.894,-0.42446407408502096,-0.42461781732795495
24.897,-0.42446407408502096,-0.4246064326159297
24.9,-0.42446407408502096,-0.4245935636719311
24.903,-0.42446407408502096,-0.42457994574697555
24.906,-0.42446407408502096,-0.42456616038955985
24.909,-0.42446407408502096,-0.42455265501817957
24.912,-0.42446407408502096,-0.42453976177679337
24.915,-0.42446407408502096,-0.4245277152875113
24.918,-0.42446407408502096,-0.4245166690396204
24.921,-0.42446407408502096,-0.42450671025674874
24.924,-0.42446407408502096,-0.4244978731667784
24.927,-0.42446407408502096,-0.42449015066434487
24.93,-0.42428954115982154,-0.424482214981818
24.933,-0.42428954115982154,-0.42447177276433656
24.936,-0.42428954115982154,-0.42445844261054444
24.939,-0.42428954115982154,-0.4244433090980692
24.942,-0.42428954115982154,-0.42442725071858955
24.945,-0.42428954115982154,-0.42441096320280836
24.948,-0.42428954115982154,-0.4243949826680815
24.951,-0.42428954115982154,-0.4243797079470714
24.954,-0.42428954115982154,-0.42436542163343915
24.957,-0.42428954115982154,-0.42435230952946695
24.96,-0.42428954115982154,-0.424340478303086
24.963,-0.42428954115982154,-0.42432997126074234
24.966,-0.42428954115982154,-0.42432078222058783
24.969,-0.42428954115982154,-0.42431286753033526
24.972,-0.4241150082346221,-0.42430486689445773
24.975,-0.4241150082346221,-0.4242944584493155
24.978,-0.4241150082346221,-0.4242812361851907
24.981,-0.4241150082346221,-0.4242662637661894
24.984,-0.4241150082346221,-0.4242504021997099
24.987,-0.4241150082346221,-0.42423433285799317
24.99,-0.4241150082346221,-0.4242185803025237
24.993,-0.4241150082346221,-0.42420353428393226
24.996,-0.4241150082346221,-0.42418947046445454
24.999,-0.4241150082346221,-0.4241765695560669
25.002,-0.4241150082346221,-0.42416493468763516
25.005,-0.4241150082346221,-0.4241546069113837
25.008,-0.4241150082346221,-0.4241455788354308
25.011,-0.4241150082346221,-0.42413780642768306
25.014,-0.42394047530942264,-0.4241299296557088
25.017,-0.42394047530942264,-0.4241196274003403
25.02,-0.42394047530942264,-0.4241064947405857
25.023,-0.42394047530942264,-0.4240915966590299
25.026,-0.42394047530942264,-0.42407579561739317
25.029,-0.42394047530942264,-0.42405977450261884
25.032,-0.42394047530942264,-0.42404405939207096
25.035,-0.42394047530942264,-0.4240290415083603
25.038,-0.42394047530942264,-0.42401499790880176
25.041,-0.42394047530942264,-0.424002110600715
25.044,-0.42394047530942264,-0.4239904838941455
25.047,-0.42394047530942264,-0.4239801599007306
25.05,-0.42394047530942264,-0.4239711321640488
25.053,-0.42394047530942264,-0.42396335746551234
25.056,-0.4237659423842232,-0.42395547646936715
25.059,-0.4237659423842232,-0.4239451686436458
25.062,-0.4237659423842232,-0.4239320295539089
25.065,-0.4237659423842232,-0.4239171245783377
25.068,-0.4237659423842232,-0.42390131649335433
25.071,-0.4237659423842232,-0.4238852884297557
25.074,-0.4237659423842232,-0.4238695666476483
25.077,-0.4237659423842232,-0.4238545425004891
25.08,-0.4237659423842232,-0.42384049313308625
25.083,-0.4237659423842232,-0.42382760060468344
25.086,-0.4237659423842232,-0.42381596924865184
25.089,-0.4237659423842232,-0.42380564117750696
25.092,-0.4237659423842232,-0.4237966099185995
25.095,-0.4237659423842232,-0.42378883222457925
25.098,-0.4235914094590238,-0.42378094872224215
25.101,-0.4235914094590238,-0.4237706388366675
25.104,-0.4235914094590238,-0.4237574980875452
25.107,-0.4235914094590238,-0.4237425918063215
25.11,-0.4235914094590238,-0.42372678272340697
25.113,-0.4235914094590238,-0.4237107539254966
25.116,-0.4235914094590238,-0.4236950316313525
25.119,-0.4235914094590238,-0.4236800071564053
25.122,-0.4235914094590238,-0.4236659576110869
25.125,-0.4235914094590238,-0.42365306502405625
25.128,-0.4235914094590238,-0.42364143370188945
25.131,-0.4235914094590238,-0.42363110573398144
25.134,-0.4235914094590238,-0.4236220746280418
25.137,-0.4235914094590238,-0.42361429712030657
25.14,-0.42341687653382437,-0.4236064138240989
25.143,-0.42341687653382437,-0.42359610415366095
25.146,-0.42341687653382437,-0.423582963620171
25.149,-0.42341687653382437,-0.42356805754858445
25.152,-0.42341687653382437,-0.4235522486645505
25.155,-0.42341687653382437,-0.4235362200514595
25.158,-0.42341687653382437,-0.4235204979259744
25.161,-0.42341687653382437,-0.4235054736024067
25.164,-0.42341687653382437,-0.4234914241908472
25.167,-0.42341687653382437,-0.42347853172021593
25.17,-0.42341687653382437,-0.42346690049780095
25.173,-0.42341687653382437,-0.4234565726140306
25.176,-0.42341687653382437,-0.42344754157786213
25.179,-0.42341687653382437,-0.42343976412690554
25.182,-0.4232423436086249,-0.42343188087591344
25.185,-0.4232423436086249,-0.42342157124055685
25.188,-0.4232423436086249,-0.4234084307334011
25.191,-0.4232423436086249,-0.4233935246807152
25.194,-0.4232423436086249,-0.4233777158093676
25.197,-0.4232423436086249,-0.42336168720386
25.2,-0.4232423436086249,-0.4233459650818515
25.203,-0.4232423436086249,-0.423330940758533
25.206,-0.4232423436086249,-0.4233168913447598
25.209,-0.4232423436086249,-0.42330399887010645
25.212,-0.4232423436086249,-0.4232923676424121
25.215,-0.4232423436086249,-0.423282039752562
25.218,-0.4232423436086249,-0.4232730087098845
25.221,-0.4232423436086249,-0.4232652312522846
25.224,-0.4230678106834255,-0.42325734799474307
25.227,-0.4230678106834255,-0.42324703835310246
25.23,-0.4230678106834255,-0.42323389784005006
25.233,-0.4230678106834255,-0.42321899178193656
25.236,-0.4230678106834255,-0.42320318290567854
25.239,-0.4230678106834255,-0.4231871542957992
25.242,-0.4230678106834255,-0.42317143216995795
25.245,-0.4230678106834255,-0.4231564078433302
25.248,-0.4230678106834255,-0.42314235842674364
25.251,-0.4230678106834255,-0.42312946594973755
25.254,-0.4230678106834255,-0.4231178347201105
25.257,-0.4230678106834255,-0.4231075068287042
25.26,-0.4230678106834255,-0.4230984757848029
25.263,-0.4230678106834255,-0.42309069832626856
25.266,-0.42289327775822605,-0.4230828150680402
25.269,-0.42289327775822605,-0.42307250542592123
25.272,-0.42289327775822605,-0.4230593649125636
25.275,-0.42289327775822605,-0.42304445885428527
25.278,-0.42289327775822605,-0.42302864997797446
25.281,-0.42289327775822605,-0.4230126213681289
25.284,-0.42289327775822605,-0.4229968992423865
25.287,-0.42289327775822605,-0.42298187491590394
25.29,-0.42289327775822605,-0.42296782549949363
25.293,-0.42289327775822605,-0.42295493302268233
25.296,-0.42289327775822605,-0.42294330179325823
25.299,-0.42289327775822605,-0.4229329739020551
25.302,-0.42289327775822605,-0.42292394285835133
25.305,-0.42289327775822605,-0.42291616540000415
25.308,-0.42271874483302657,-0.4229082821419497
25.311,-0.42271874483302657,-0.4228979724999896
25.314,-0.42271874483302657,-0.4228848319867743
25.317,-0.42271874483302657,-0.4228699259286218
25.32,-0.42271874483302657,-0.42285411705242043
25.323,-0.42271874483302657,-0.4228380884426686
25.326,-0.42271874483302657,-0.4228223663170052
25.329,-0.4225442119078272,-0.42280605256671044
25.332,-0.4225442119078272,-0.42278719192607594
25.335,-0.4225442119078272,-0.4227656614211189
25.338,-0.4225442119078272,-0.4227427358093558
25.341,-0.4225442119078272,-0.4227194262162331
25.344,-0.4225442119078272,-0.42269651330279395
25.347,-0.4225442119078272,-0.4226745793118137
25.35,-0.4225442119078272,-0.42265403831361564
25.353,-0.4225442119078272,-0.42263516418830444
25.356,-0.4225442119078272,-0.4226181160588429
25.359,-0.4225442119078272,-0.4226029610330208
25.362,-0.4225442119078272,-0.4225896942258392
25.365,-0.4225442119078272,-0.422578256121012
25.368,-0.4225442119078272,-0.4225685473948801
25.371,-0.4223696789826277,-0.42255915194765953
25.374,-0.4223696789826277,-0.4225476936594424
25.377,-0.4223696789826277,-0.42253371504537807
25.38,-0.4223696789826277,-0.42251823193162824
25.383,-0.4223696789826277,-0.42250206166867615
25.386,-0.4223696789826277,-0.42248584644310455
25.389,-0.4223696789826277,-0.4224700761906826
25.392,-0.4223696789826277,-0.4224551105289936
25.395,-0.4223696789826277,-0.4224411992959411
25.398,-0.4223696789826277,-0.4224285014205984
25.401,-0.4223696789826277,-0.4224171019675604
25.404,-0.4223696789826277,-0.4224070272879235
25.407,-0.4223696789826277,-0.4223982582819616
25.41,-0.4223696789826277,-0.42239074183315695
25.413,-0.42219514605742836,-0.42238311108913823
25.416,-0.42219514605742836,-0.4223730400352674
25.419,-0.42219514605742836,-0.42236012046398175
25.422,-0.42219514605742836,-0.42234541539254744
25.425,-0.42219514605742836,-0.42232978638071755
25.428,-0.42219514605742836,-0.42231391624917236
25.431,-0.42219514605742836,-0.42229833164681624
25.434,-0.4220206131322289,-0.4222821354123045
25.437,-0.4220206131322289,-0.42226337359198873
25.44,-0.4220206131322289,-0.42224192476264355
25.443,-0.4220206131322289,-0.42221906536832765
25.446,-0.4220206131322289,-0.42219580827450287
25.449,-0.4220206131322289,-0.42217293587149163
25.452,-0.4220206131322289,-0.4221510320720784
25.455,-0.4220206131322289,-0.4221305125221479
25.458,-0.4220206131322289,-0.42211165255894645
25.461,-0.4220206131322289,-0.4220946126294178
25.464,-0.4220206131322289,-0.4220794610248923
25.467,-0.4220206131322289,-0.4220661939020822
25.47,-0.4220206131322289,-0.4220547526477178
25.473,-0.4220206131322289,-0.42204503870894516
25.476,-0.42184608020702946,-0.4220356366334144
25.479,-0.42184608020702946,-0.4220241708356523
25.482,-0.42184608020702946,-0.4220101842634741
25.485,-0.42184608020702946,-0.4219946930854907
25.488,-0.42184608020702946,-0.4219785149158734
25.491,-0.42184608020702946,-0.4219622921371756
25.494,-0.42184608020702946,-0.42194651482382284
25.497,-0.42184608020702946,-0.42193154268434996
25.5,-0.42184608020702946,-0.42191762560862817
25.503,-0.42184608020702946,-0.42190492254650147
25.506,-0.42184608020702946,-0.42189351855898616
25.509,-0.42184608020702946,-0.4218834399751791
25.512,-0.42184608020702946,-0.4218746676599894
25.515,-0.42184608020702946,-0.4218671484524106
25.518,-0.42167154728183004,-0.4218595154499556
25.521,-0.42167154728183004,-0.4218494425850701
25.524,-0.42167154728183004,-0.42183652159670826
25.527,-0.42167154728183004,-0.42182181544980196
25.53,-0.42167154728183004,-0.4218061856541911
25.533,-0.42167154728183004,-0.4217903149839596
25.536,-0.42167154728183004,-0.4217747300453162
25.539,-0.42167154728183004,-0.42175982306232757
25.542,-0.42167154728183004,-0.4217458724237564
25.545,-0.42167154728183004,-0.4217330616800975
25.548,-0.42167154728183004,-0.42172149680006166
25.551,-0.42167154728183004,-0.4217112215928057
25.554,-0.42167154728183004,-0.4217022312788254
25.557,-0.42167154728183004,-0.4216944842512209
25.56,-0.4214970143566306,-0.4216866226886677
25.563,-0.4214970143566306,-0.4216763274548754
25.566,-0.4214970143566306,-0.4216631953794856
25.569,-0.4214970143566306,-0.4216482929672795
25.572,-0.4214970143566306,-0.4216324839833848
25.575,-0.4214970143566306,-0.421616452413169
25.578,-0.4214970143566306,-0.4216007252439995
25.581,-0.42132248143143114,-0.42158440501436095
25.584,-0.42132248143143114,-0.4215655369934005
25.587,-0.42132248143143114,-0.4215439986407053
25.59,-0.42132248143143114,-0.42152106505748554
25.593,-0.42132248143143114,-0.4214977476343433
25.596,-0.42132248143143114,-0.42147482722988466
25.599,-0.42132248143143114,-0.42145288622718335
25.602,-0.42132248143143114,-0.4214323387891441
25.605,-0.42132248143143114,-0.42141345884941245
25.608,-0.42132248143143114,-0.42139640555320573
25.611,-0.42132248143143114,-0.42138124600610605
25.614,-0.42132248143143114,-0.4213679753023606
25.617,-0.42132248143143114,-0.42135653389143146
25.62,-0.42132248143143114,-0.4213468224061499
25.623,-0.42132248143143114,-0.42133871412134216
25.626,-0.42132248143143114,-0.42133206524143035
25.629,-0.42132248143143114,-0.42132672323219894
25.632,-0.42132248143143114,-0.42132253341825077
25.635,-0.42132248143143114,-0.42131934406594945
25.638,-0.42132248143143114,-0.4213170101638394
25.641,-0.42132248143143114,-0.4213153961003239
25.644,-0.4211479485062317,-0.42131308799931727
25.647,-0.4211479485062317,-0.42130774120043923
25.65,-0.4211479485062317,-0.4212989509927462
25.653,-0.4211479485062317,-0.42128780063378857
25.656,-0.4211479485062317,-0.4212751840648762
25.659,-0.4211479485062317,-0.4212618247690011
25.662,-0.4211479485062317,-0.4212482951561552
25.665,-0.4209734155810323,-0.42123374635317523
25.668,-0.4209734155810323,-0.4212162731903464
25.671,-0.4209734155810323,-0.4211958019639355
25.674,-0.4209734155810323,-0.4211736546174358
25.677,-0.4209734155810323,-0.42115088648204124
25.68,-0.4209734155810323,-0.42112831885069474
25.683,-0.4209734155810323,-0.42110657067818336
25.686,-0.4209734155810323,-0.42108608867950587
25.689,-0.4209734155810323,-0.42106717532011784
25.692,-0.4209734155810323,-0.42105001437506145
25.695,-0.4209734155810323,-0.4210346938830764
25.698,-0.4209734155810323,-0.42102122644035617
25.701,-0.4209734155810323,-0.42100956687046875
25.704,-0.4209734155810323,-0.4209996273757612
25.707,-0.4207988826558328,-0.42099000090093264
25.71,-0.4207988826558328,-0.4209783182152166
25.713,-0.4207988826558328,-0.42096412687943013
25.716,-0.4207988826558328,-0.42094844621369054
25.719,-0.4207988826558328,-0.4209320957785668
25.722,-0.4207988826558328,-0.42091571892858515
25.725,-0.4207988826558328,-0.4208998059400309
25.728,-0.4207988826558328,-0.420884716131393
25.731,-0.4207988826558328,-0.42087069856367304
25.734,-0.4207988826558328,-0.42085791104846065
25.737,-0.4207988826558328,-0.42084643730675947
25.74,-0.4207988826558328,-0.42083630221374596
25.743,-0.4207988826558328,-0.4208274851367071
25.746,-0.4207988826558328,-0.4208199314280211
25.749,-0.42062434973063345,-0.4208122727508916
25.752,-0.42062434973063345,-0.42080218168563754
25.755,-0.42062434973063345,-0.4207892487215724
25.758,-0.42062434973063345,-0.42077453568889284
25.761,-0.42062434973063345,-0.42075890308366143
25.764,-0.42062434973063345,-0.4207430327881746
25.767,-0.42062434973063345,-0.42072745063602296
25.77,-0.42062434973063345,-0.4207125481921569
25.773,-0.42062434973063345,-0.42069860329205816
25.776,-0.42062434973063345,-0.420685799029816
25.779,-0.42062434973063345,-0.4206742410049303
25.782,-0.42062434973063345,-0.4206639727345997
25.785,-0.42062434973063345,-0.42065498921476757
25.788,-0.42062434973063345,-0.4206472486719025
25.791,-0.420449816805434,-0.420639393167042
25.794,-0.420449816805434,-0.4206291034870112
25.797,-0.420449816805434,-0.42061597641784565
25.8,-0.420449816805434,-0.4206010784473295
25.803,-0.420449816805434,-0.4205852733443412
25.806,-0.420449816805434,-0.42056924511367383
25.809,-0.420449816805434,-0.4205535207734727
25.812,-0.420449816805434,-0.4205384923246057
25.815,-0.420449816805434,-0.4205244374559899
25.818,-0.420449816805434,-0.4205115386763001
25.821,-0.420449816805434,-0.4204999006830229
25.824,-0.420449816805434,-0.42048956587711617
25.827,-0.420449816805434,-0.4204805280082734
25.83,-0.420449816805434,-0.4204727439946251
25.833,-0.4202752838802346,-0.4204648545802936
25.836,-0.4202752838802346,-0.4204545392675805
25.839,-0.4202752838802346,-0.4204413936206014
25.842,-0.4202752838802346,-0.42042648298896296
25.845,-0.4202752838802346,-0.4204106701007155
25.848,-0.4202752838802346,-0.42039463802465
25.851,-0.4202752838802346,-0.4203789129503277
25.854,-0.4202752838802346,-0.42036388615624576
25.857,-0.4202752838802346,-0.42034983471111087
25.86,-0.4202752838802346,-0.4203369405994439
25.863,-0.4202752838802346,-0.4203253080831514
25.866,-0.4202752838802346,-0.4203149792078745
25.869,-0.4202752838802346,-0.4203059474395586
25.872,-0.4202752838802346,-0.42029816947542387
25.875,-0.4202752838802346,-0.4202915753168987
25.878,-0.4202752838802346,-0.4202860767225005
25.881,-0.4202752838802346,-0.42028157417830597
25.884,-0.4202752838802346,-0.4202779625345434
25.887,-0.4202752838802346,-0.420275135460736
25.89,-0.4202752838802346,-0.42027298887028514
25.893,-0.4202752838802346,-0.42027142345975116
25.896,-0.42010075095503513,-0.42026905707563655
25.899,-0.42010075095503513,-0.42026357235377554
25.902,-0.42010075095503513,-0.420254587704995
25.905,-0.42010075095503513,-0.420243205649213
25.908,-0.42010075095503513,-0.4202303358844535
25.911,-0.42010075095503513,-0.4202167145175166
25.914,-0.42010075095503513,-0.4202029238254816
25.917,-0.42010075095503513,-0.4201894118371158
25.92,-0.42010075095503513,-0.42017651119859833
25.923,-0.42010075095503513,-0.42016445693720755
25.926,-0.42010075095503513,-0.42015340286158354
25.929,-0.42010075095503513,-0.42014343643997754
25.932,-0.42010075095503513,-0.4201345920808079
25.935,-0.42010075095503513,-0.42012686280515066
25.938,-0.4199262180298357,-0.4201189209269208
25.941,-0.4199262180298357,-0.42010847313623456
25.944,-0.4199262180298357,-0.4200951380475608
25.947,-0.4199262180298357,-0.42008000023170416
25.95,-0.4199262180298357,-0.4200639381564906
25.953,-0.4199262180298357,-0.42004764751651763
25.956,-0.4199262180298357,-0.4200316643847806
25.959,-0.4199262180298357,-0.4200163875446114
25.962,-0.4199262180298357,-0.4200020995380167
25.965,-0.4199262180298357,-0.4199889861153828
25.968,-0.4199262180298357,-0.41997715389409485
25.971,-0.4199262180298357,-0.4199666461325734
25.974,-0.4199262180298357,-0.41995745660428246
25.977,-0.4199262180298357,-0.41994954161610587
25.98,-0.4199262180298357,-0.41994283025970913
25.983,-0.4199262180298357,-0.4199372330155258
25.986,-0.4199262180298357,-0.4199326488490814
25.989,-0.4199262180298357,-0.41992897095050646
25.992,-0.4199262180298357,-0.41992609127211084
25.995,-0.4199262180298357,-0.41992390401737206
25.998,-0.4199262180298357,-0.41992230822900406
26.001,-0.4197516851046363,-0.41991992019120217
26.004,-0.4197516851046363,-0.41991442109331006
26.007,-0.4197516851046363,-0.4199054280305284
26.01,-0.4197516851046363,-0.4198940423455957
26.013,-0.4197516851046363,-0.4198811726994812
26.016,-0.4197516851046363,-0.41986755429918987
26.019,-0.4197516851046363,-0.4198537686530305
26.022,-0.4197516851046363,-0.41984026314340783
26.025,-0.4197516851046363,-0.41982736988237324
26.028,-0.4197516851046363,-0.41981532346425565
26.031,-0.4197516851046363,-0.4198042773545211
26.034,-0.4197516851046363,-0.41979431875669365
26.037,-0.4197516851046363,-0.4197854818819739
26.04,-0.4197516851046363,-0.4197777596114124
26.043,-0.4197516851046363,-0.41977111359042946
26.046,-0.4197516851046363,-0.4197654828322774
26.049,-0.4197516851046363,-0.41976079093278923
26.052,-0.4197516851046363,-0.4197569520153213
26.055,-0.4197516851046363,-0.41975387553388077
26.058,-0.4197516851046363,-0.41975147006556796
26.061,-0.4197516851046363,-0.41974964622196537
26.064,-0.4197516851046363,-0.4197483188041441
26.067,-0.4197516851046363,-0.4197474083184931
26.07,-0.4197516851046363,-0.41974684196143563
26.073,-0.4197516851046363,-0.41974655417095047
26.076,-0.4197516851046363,-0.4197464868321981
26.079,-0.4197516851046363,-0.4197465892138956
26.082,-0.4197516851046363,-0.419746817701714
26.085,-0.4197516851046363,-0.4197471353851173
26.088,-0.4197516851046363,-0.41974751154490253
26.091,-0.4197516851046363,-0.419747921080333
26.094,-0.4197516851046363,-0.41974834390723886
26.097,-0.4197516851046363,-0.4197487643518165
26.1,-0.4197516851046363,-0.41974917055906846
26.103,-0.4197516851046363,-0.4197495539298639
26.106,-0.4195771521794368,-0.4197486191725343
26.109,-0.4195771521794368,-0.4197441302943054
26.112,-0.4195771521794368,-0.41973578049536164
26.115,-0.4195771521794368,-0.419724739866912
26.118,-0.4195771521794368,-0.4197119781895855
26.121,-0.4195771521794368,-0.4196982841795007
26.124,-0.4195771521794368,-0.4196842854823329
26.127,-0.4195771521794368,-0.4196704686456415
26.13,-0.4195771521794368,-0.4196571984844464
26.133,-0.4195771521794368,-0.4196447364128772
26.136,-0.4195771521794368,-0.41963325744743474
26.139,-0.4195771521794368,-0.41962286569707924
26.142,-0.4195771521794368,-0.4196136082442675
26.145,-0.4195771521794368,-0.41960548739154124
26.148,-0.4195771521794368,-0.41959847130264244
26.151,-0.4195771521794368,-0.41959250310764584
26.154,-0.4195771521794368,-0.4195875085703708
26.157,-0.4195771521794368,-0.41958340243532216
26.16,-0.4195771521794368,-0.4195800935823902
26.163,-0.4195771521794368,-0.4195774891221074
26.166,-0.4195771521794368,-0.41957549756380763
26.169,-0.4195771521794368,-0.4195740311847799
26.172,-0.4195771521794368,-0.41957300772148975
26.175,-0.4195771521794368,-0.41957235149501554
26.178,-0.4195771521794368,-0.4195719940727517
26.181,-0.4195771521794368,-0.4195718745577264
26.184,-0.4195771521794368,-0.4195719395860391
26.187,-0.4195771521794368,-0.4195721431022987
26.19,-0.4195771521794368,-0.419572445972789
26.193,-0.4195771521794368,-0.41957281548659975
26.196,-0.4195771521794368,-0.4195732247862613
26.199,-0.4195771521794368,-0.4195736522615646
26.202,-0.4195771521794368,-0.4195740809332863
26.205,-0.4195771521794368,-0.4195744978474444
26.208,-0.4195771521794368,-0.41957489349546645
26.211,-0.4195771521794368,-0.4195752612712085
26.214,-0.4195771521794368,-0.41957559697205765
26.217,-0.4195771521794368,-0.4195758983483184
26.22,-0.4195771521794368,-0.419576164702652
26.223,-0.4195771521794368,-0.41957639653943696
26.226,-0.4195771521794368,-0.4195765952624714
26.229,-0.4195771521794368,-0.41957676291839235
26.232,-0.4195771521794368,-0.4195769019824587
26.235,-0.4195771521794368,-0.419577015182899
26.238,-0.4195771521794368,-0.4195771053597899
26.241,-0.4195771521794368,-0.4195771753543799
26.244,-0.4195771521794368,-0.41957722792484564
26.247,-0.4195771521794368,-0.419577265684651
26.25,-0.4195771521794368,-0.4195772910599235
26.253,-0.4195771521794368,-0.41957730626256035
26.256,-0.4195771521794368,-0.4195773132760976
26.259,-0.4195771521794368,-0.4195773138517059
26.262,-0.4195771521794368,-0.41957730951201216
26.265,-0.4195771521794368,-0.4195773015607594
26.268,-0.4195771521794368,-0.4195772910966262
26.271,-0.4195771521794368,-0.41957727902980035
26.274,-0.4195771521794368,-0.41957726610015894
26.277,-0.4195771521794368,-0.41957725289613457
26.28,-0.4195771521794368,-0.4195772398735436
26.283,-0.4195771521794368,-0.4195772273738323
26.286,-0.4195771521794368,-0.41957721564133765
26.289,-0.4195771521794368,-0.41957720483929084
26.292,-0.4195771521794368,-0.41957719506439034
26.295,-0.4197516851046363,-0.4195784757837328
26.298,-0.4197516851046363,-0.41958327937509327
26.301,-0.4197516851046363,-0.4195919108112669
26.304,-0.4197516851046363,-0.41960319958839803
26.307,-0.4197516851046363,-0.41961617660153
26.31,-0.4197516851046363,-0.4196300546182956
26.313,-0.4197516851046363,-0.4196442080477507
26.316,-0.4197516851046363,-0.4196581527707759
26.319,-0.4197516851046363,-0.4196715266133637
26.322,-0.4197516851046363,-0.4196840708860866
26.325,-0.4197516851046363,-0.4196956132803024
26.328,-0.4197516851046363,-0.41970605230207303
26.331,-0.4197516851046363,-0.4197153433360516
26.334,-0.4197516851046363,-0.4197234863613611
26.337,-0.4197516851046363,-0.4197305152874015
26.34,-0.4197516851046363,-0.4197364888373222
26.343,-0.4197516851046363,-0.4197414828784373
26.346,-0.4197516851046363,-0.4197455840801966
26.349,-0.4197516851046363,-0.419748884769639
26.352,-0.4197516851046363,-0.41975147884998026
26.355,-0.4197516851046363,-0.4197534586486952
26.358,-0.4197516851046363,-0.4197549125659498
26.361,-0.4197516851046363,-0.41975592340147094
26.364,-0.4197516851046363,-0.41975656724704674
26.367,-0.4197516851046363,-0.41975691284211647
26.37,-0.4197516851046363,-0.41975702130074344
26.373,-0.4197516851046363,-0.41975694612922404
26.376,-0.4197516851046363,-0.4197567334643047
26.379,-0.4199262180298357,-0.4197577118960886
26.382,-0.4199262180298357,-0.41976214650639126
26.385,-0.4199262180298357,-0.41977036912173477
26.388,-0.4199262180298357,-0.4197812308472175
26.391,-0.4199262180298357,-0.4197937795577821
26.394,-0.4199262180298357,-0.4198072409771682
26.397,-0.4199262180298357,-0.4198209990261686
26.4,-0.4199262180298357,-0.4198345761956696
26.403,-0.4199262180298357,-0.4198476145185553
26.406,-0.4199262180298357,-0.41985985755956284
26.409,-0.4199262180298357,-0.4198711337118702
26.412,-0.4199262180298357,-0.4198813409815202
26.415,-0.4199262180298357,-0.4198904333535049
26.418,-0.4199262180298357,-0.419898408764156
26.421,-0.42010075095503513,-0.41990658807500303
26.424,-0.42010075095503513,-0.41991725966064064
26.427,-0.42010075095503513,-0.41993080155460233
26.43,-0.42010075095503513,-0.4199461271377877
26.433,-0.42010075095503513,-0.41996235694652556
26.436,-0.42010075095503513,-0.4199787951205582
26.439,-0.42010075095503513,-0.41999490605777023
26.442,-0.42010075095503513,-0.4200102919161062
26.445,-0.42010075095503513,-0.42002467142492045
26.448,-0.42010075095503513,-0.4200378603187615
26.451,-0.42010075095503513,-0.4200497535837945
26.454,-0.42010075095503513,-0.4200603096080106
26.457,-0.42010075095503513,-0.4200695362483152
26.46,-0.42010075095503513,-0.4200774787678074
26.463,-0.42010075095503513,-0.4200842095524652
26.466,-0.42010075095503513,-0.4200898194855755
26.469,-0.42010075095503513,-0.4200944108383551
26.472,-0.42010075095503513,-0.4200980915242569
26.475,-0.42010075095503513,-0.4201009705606288
26.478,-0.42010075095503513,-0.4201031545830981
26.481,-0.42010075095503513,-0.4201047452639289
26.484,-0.4202752838802346,-0.4201071269183327
26.487,-0.4202752838802346,-0.42011261885072787
26.49,-0.4202752838802346,-0.4201216043647037
26.493,-0.4202752838802346,-0.42013298243226854
26.496,-0.4202752838802346,-0.4201458446339538
26.499,-0.4202752838802346,-0.4201594559413895
26.502,-0.4202752838802346,-0.42017323497179154
26.505,-0.420449816805434,-0.4201880238480395
26.508,-0.420449816805434,-0.42020572288003755
26.511,-0.420449816805434,-0.4202264024936881
26.514,-0.420449816805434,-0.42024873876817936
26.517,-0.420449816805434,-0.4202716754429245
26.52,-0.420449816805434,-0.4202943911203664
26.523,-0.420449816805434,-0.42031626737172695
26.526,-0.42062434973063345,-0.42033814789615925
26.529,-0.42062434973063345,-0.42036196391897523
26.532,-0.42062434973063345,-0.4203878381905441
26.535,-0.42062434973063345,-0.4204145138573213
26.538,-0.42062434973063345,-0.4204410109610998
26.541,-0.42062434973063345,-0.4204665891783859
26.544,-0.42062434973063345,-0.42049071238914215
26.547,-0.42062434973063345,-0.4205130156844474
26.55,-0.42062434973063345,-0.42053327520477385
26.553,-0.42062434973063345,-0.4205513810232591
26.556,-0.42062434973063345,-0.4205673131470975
26.559,-0.42062434973063345,-0.4205811206005415
26.562,-0.42062434973063345,-0.4205929034706719
26.565,-0.42062434973063345,-0.4206027977379587
26.568,-0.4207988826558328,-0.42061225209778613
26.571,-0.4207988826558328,-0.4206236712124467
26.574,-0.4207988826558328,-0.4206375371818231
26.577,-0.4207988826558328,-0.4206528550792538
26.58,-0.4207988826558328,-0.42066882500918723
26.583,-0.4207988826558328,-0.42068481910335687
26.586,-0.4207988826558328,-0.42070035893469293
26.589,-0.4209734155810323,-0.4207163833403966
26.592,-0.4209734155810323,-0.4207348817378904
26.595,-0.4209734155810323,-0.42075600523971185
26.598,-0.4209734155810323,-0.42077850182025955
26.601,-0.4209734155810323,-0.4208013783006036
26.604,-0.4209734155810323,-0.42082386779490777
26.607,-0.4209734155810323,-0.42084539825478856
26.61,-0.4211479485062317,-0.42086685220247466
26.613,-0.4211479485062317,-0.4208901927890983
26.616,-0.4211479485062317,-0.42091556849962475
26.619,-0.4211479485062317,-0.420941742744025
26.622,-0.4211479485062317,-0.4209677510661255
26.625,-0.4211479485062317,-0.42099286456358925
26.628,-0.4211479485062317,-0.42101655509509367
26.631,-0.4211479485062317,-0.42103846287547064
26.634,-0.4211479485062317,-0.4210583668453366
26.637,-0.4211479485062317,-0.42107615802730997
26.64,-0.4211479485062317,-0.421091815941931
26.643,-0.4211479485062317,-0.42110538804849823
26.646,-0.4211479485062317,-0.4211169720949611
26.649,-0.4211479485062317,-0.4211267012027515
26.652,-0.4214970143566306,-0.4211373103210106
26.655,-0.4214970143566306,-0.42115343317542747
26.658,-0.4214970143566306,-0.4211758535453715
26.661,-0.4214970143566306,-0.4212024028203696
26.664,-0.4214970143566306,-0.4212313090001739
26.667,-0.4214970143566306,-0.4212611542101758
26.67,-0.4214970143566306,-0.42129083191213346
26.673,-0.42167154728183004,-0.4213207945714402
26.676,-0.42167154728183004,-0.42135266744895067
26.679,-0.42167154728183004,-0.4213863412493278
26.682,-0.42167154728183004,-0.42142039017161415
26.685,-0.42167154728183004,-0.4214537183111025
26.688,-0.42167154728183004,-0.4214855131498772
26.691,-0.42167154728183004,-0.4215152017956544
26.694,-0.42184608020702946,-0.4215437000287451
26.697,-0.42184608020702946,-0.4215730292220019
26.7,-0.42184608020702946,-0.4216034133551367
26.703,-0.42184608020702946,-0.42163370224405594
26.706,-0.42184608020702946,-0.4216630235868714
26.709,-0.42184608020702946,-0.42169074228586845
26.712,-0.42184608020702946,-0.421716422487944
26.715,-0.4220206131322289,-0.42174108223902634
26.718,-0.4220206131322289,-0.42176681569805813
26.721,-0.4220206131322289,-0.4217938950504381
26.724,-0.4220206131322289,-0.42182119819123687
26.727,-0.4220206131322289,-0.421847864754705
26.73,-0.4220206131322289,-0.4218732589441309
26.733,-0.4220206131322289,-0.4218969346146405
26.736,-0.42219514605742836,-0.4219198925258733
26.739,-0.42219514605742836,-0.4219442047395459
26.742,-0.42219514605742836,-0.4219701183364383
26.745,-0.42219514605742836,-0.42199648456070726
26.748,-0.42219514605742836,-0.4220224160067643
26.751,-0.42219514605742836,-0.42204725034121227
26.754,-0.42219514605742836,-0.42207051604951035
26.757,-0.4225442119078272,-0.4220944795831451
26.76,-0.4225442119078272,-0.42212342359563365
26.763,-0.4225442119078272,-0.42215788051192155
26.766,-0.4225442119078272,-0.4221955136651475
26.769,-0.4225442119078272,-0.42223445134221227
26.772,-0.4225442119078272,-0.4222732309014281
26.775,-0.4225442119078272,-0.422310744165844
26.778,-0.42271874483302657,-0.42234747482475044
26.781,-0.42271874483302657,-0.4223851034436709
26.784,-0.42271874483302657,-0.42242359271944013
26.787,-0.42271874483302657,-0.42246159941247124
26.79,-0.42271874483302657,-0.42249811578118746
26.793,-0.42271874483302657,-0.4225324191275517
26.796,-0.42271874483302657,-0.4225640249853895
26.799,-0.42289327775822605,-0.42259393388755534
26.802,-0.42289327775822605,-0.4226242466598595
26.805,-0.42289327775822605,-0.4226552603548379
26.808,-0.42289327775822605,-0.4226858908474977
26.811,-0.42289327775822605,-0.4227153246065255
26.814,-0.42289327775822605,-0.4227429780225603
26.817,-0.42289327775822605,-0.42276845966862725
26.82,-0.4232423436086249,-0.4227941147545179
26.823,-0.4232423436086249,-0.4228243013532672
26.826,-0.4232423436086249,-0.42285962254027276
26.829,-0.4232423436086249,-0.42289780658276416
26.832,-0.4232423436086249,-0.4229370404335508
26.835,-0.4232423436086249,-0.4229759136140523
26.838,-0.4232423436086249,-0.4230133636212807
26.841,-0.4235914094590238,-0.4230512029553775
26.844,-0.4235914094590238,-0.423093377997971
26.847,-0.4235914094590238,-0.4231401843757344
26.85,-0.4235914094590238,-0.4231891313056661
26.853,-0.4235914094590238,-0.42323826042149987
26.856,-0.4235914094590238,-0.4232860763182452
26.859,-0.4235914094590238,-0.42333148002590276
26.862,-0.4237659423842232,-0.42337499610166524
26.865,-0.4237659423842232,-0.4234183688604588
26.868,-0.4237659423842232,-0.4234616402740028
26.871,-0.4237659423842232,-0.423503555847459
26.874,-0.4237659423842232,-0.4235432011666028
26.877,-0.4237659423842232,-0.4235799475894633
26.88,-0.4237659423842232,-0.4236134024808832
26.883,-0.42394047530942264,-0.42364465379807154
26.886,-0.42394047530942264,-0.4236758838548735
26.889,-0.42394047530942264,-0.4237074642671303
26.892,-0.42394047530942264,-0.4237383780010286
26.895,-0.42394047530942264,-0.42376787094863516
26.898,-0.42394047530942264,-0.42379541133388604
26.901,-0.42394047530942264,-0.4238206522564483
26.904,-0.42428954115982154,-0.42384597657766837
26.907,-0.42428954115982154,-0.42387577367857565
26.91,-0.42428954115982154,-0.4239106721908743
26.913,-0.42428954115982154,-0.42394842080670936
26.916,-0.42428954115982154,-0.4239872223960064
26.919,-0.42428954115982154,-0.42402567849717243
26.922,-0.42428954115982154,-0.4240627353016792
26.925,-0.42463860701022044,-0.4241002112192516
26.928,-0.42463860701022044,-0.4241420562475951
26.931,-0.42463860701022044,-0.4241885677775867
26.934,-0.42463860701022044,-0.4242372553292985
26.937,-0.42463860701022044,-0.424286159718882
26.94,-0.42463860701022044,-0.4243337838952751
26.943,-0.42463860701022044,-0.4243790266606955
26.946,-0.42516220578581865,-0.4244249888155475
26.949,-0.42516220578581865,-0.42447787661356834
26.952,-0.42516220578581865,-0.4245383391428867
26.955,-0.42516220578581865,-0.42460277814590996
26.958,-0.42516220578581865,-0.4246683383812813
26.961,-0.42516220578581865,-0.4247328143072832
26.964,-0.42516220578581865,-0.4247945598824464
26.967,-0.4253367387110181,-0.424853692827279
26.97,-0.4253367387110181,-0.4249116693401291
26.973,-0.4253367387110181,-0.42496834211847323
26.976,-0.4253367387110181,-0.425022348190651
26.979,-0.4253367387110181,-0.4250727293459013
26.982,-0.4253367387110181,-0.42511886365190127
26.985,-0.4253367387110181,-0.42516040341244543
26.988,-0.42568580456141697,-0.42519979870629226
26.991,-0.42568580456141697,-0.42524155589335755
26.994,-0.42568580456141697,-0.4252864549883113
26.997,-0.42568580456141697,-0.425332417768994
27.0,-0.42568580456141697,-0.42537783158860065
27.003,-0.42568580456141697,-0.42542148568889915
27.006,-0.42568580456141697,-0.4254625108678245
27.009,-0.42603487041181587,-0.42550290232991084
27.012,-0.42603487041181587,-0.4255467756996457
27.015,-0.42603487041181587,-0.425594580602999
27.018,-0.42603487041181587,-0.4256439641073181
27.021,-0.42603487041181587,-0.42569308933610095
27.024,-0.42603487041181587,-0.42574056633599056
27.027,-0.42603487041181587,-0.42578538626977913
27.03,-0.4263839362622147,-0.42582943893245007
27.033,-0.4263839362622147,-0.4258767636944509
27.036,-0.4263839362622147,-0.4259277583640703
27.039,-0.4263839362622147,-0.425980038314641
27.042,-0.4263839362622147,-0.4260317512233219
27.045,-0.4263839362622147,-0.4260815045089072
27.048,-0.4263839362622147,-0.42612829653693324
27.051,-0.42673300211261356,-0.42617403157187345
27.054,-0.42673300211261356,-0.4262227685549686
27.057,-0.42673300211261356,-0.42627492816827744
27.06,-0.42673300211261356,-0.4263281504960173
27.063,-0.42673300211261356,-0.42638060859375687
27.066,-0.42673300211261356,-0.4264309350166179
27.069,-0.42673300211261356,-0.42647815233946235
27.072,-0.4270820679630124,-0.42652418761536065
27.075,-0.4270820679630124,-0.42657312081975546
27.078,-0.4270820679630124,-0.42662539171248637
27.081,-0.4270820679630124,-0.42667865740323546
27.084,-0.4270820679630124,-0.42673110590840685
27.087,-0.4270820679630124,-0.42678138273097227
27.09,-0.4270820679630124,-0.42682852147943817
27.093,-0.4276056667386107,-0.42687574788191623
27.096,-0.4276056667386107,-0.42692938191195046
27.099,-0.4276056667386107,-0.4269901744893742
27.102,-0.4276056667386107,-0.4270546171339767
27.105,-0.4276056667386107,-0.4271199325572137
27.108,-0.4276056667386107,-0.4271839818698521
27.111,-0.4276056667386107,-0.42724517511538684
27.114,-0.4279547325890096,-0.4273049658254901
27.117,-0.4279547325890096,-0.42736708021303965
27.12,-0.4279547325890096,-0.4274317058478927
27.123,-0.4279547325890096,-0.4274963323837237
27.126,-0.4279547325890096,-0.4275590497992579
27.129,-0.4279547325890096,-0.42761846127381076
27.132,-0.4279547325890096,-0.4276736017329184
27.135,-0.42830379843940847,-0.42772644196289944
27.138,-0.42830379843940847,-0.42778112825746645
27.141,-0.42830379843940847,-0.42783818191872386
27.144,-0.42830379843940847,-0.42789535077209
27.147,-0.42830379843940847,-0.4279509178485545
27.15,-0.42830379843940847,-0.428003624128634
27.153,-0.42830379843940847,-0.4280525962291253
27.156,-0.42865286428980737,-0.4280998588352955
27.159,-0.42865286428980737,-0.42814958179277046
27.162,-0.42865286428980737,-0.42820228617006145
27.165,-0.42865286428980737,-0.42825570146871755
27.168,-0.42865286428980737,-0.4283080791733842
27.171,-0.42865286428980737,-0.42835811959016684
27.174,-0.42865286428980737,-0.4284049029183556
27.177,-0.42917646306540563,-0.42845169385166326
27.18,-0.42917646306540563,-0.4285048443761331
27.183,-0.42917646306540563,-0.4285651311878226
27.186,-0.42917646306540563,-0.4286290660761562
27.189,-0.42917646306540563,-0.42869388723354607
27.192,-0.42917646306540563,-0.42875746715076885
27.195,-0.42917646306540563,-0.4288182237948328
27.198,-0.42970006184100396,-0.428878905180778
27.201,-0.42970006184100396,-0.42894547262889016
27.204,-0.42970006184100396,-0.42901841959100423
27.207,-0.42970006184100396,-0.42909406471416545
27.21,-0.42970006184100396,-0.42916952730994123
27.213,-0.42970006184100396,-0.4292426210031796
27.216,-0.42970006184100396,-0.42931175229682494
27.219,-0.4298745947662034,-0.42937711529854167
27.222,-0.4298745947662034,-0.4294402584772136
27.225,-0.4298745947662034,-0.4295011361589825
27.228,-0.4298745947662034,-0.4295584911177053
27.231,-0.4298745947662034,-0.42961147089551205
27.234,-0.4298745947662034,-0.4296595561934332
27.237,-0.4298745947662034,-0.42970249654215753
27.24,-0.43039819354180164,-0.4297441216845241
27.243,-0.43039819354180164,-0.4297912526146304
27.246,-0.43039819354180164,-0.42984504810397417
27.249,-0.43039819354180164,-0.4299023245839519
27.252,-0.43039819354180164,-0.4299605569711633
27.255,-0.43039819354180164,-0.43001779580985444
27.258,-0.43039819354180164,-0.43007258721920955
27.261,-0.43092179231739997,-0.43012776561201344
27.264,-0.43092179231739997,-0.43018934438430123
27.267,-0.43092179231739997,-0.43025784141088635
27.27,-0.43092179231739997,-0.43032957800047483
27.273,-0.43092179231739997,-0.43040165949056025
27.276,-0.43092179231739997,-0.43047187328758746
27.279,-0.43092179231739997,-0.43053859113480253
27.282,-0.43144539109299823,-0.4306045457564885
27.285,-0.43144539109299823,-0.4306757071693854
27.288,-0.43144539109299823,-0.43075259551543815
27.291,-0.43144539109299823,-0.43083156903352654
27.294,-0.43144539109299823,-0.430909795273323
27.297,-0.43144539109299823,-0.43098514125078324
27.3,-0.43144539109299823,-0.4310560692028328
27.303,-0.4317944569433972,-0.4311241185305504
27.306,-0.4317944569433972,-0.4311931244009925
27.309,-0.4317944569433972,-0.4312633976824706
27.312,-0.4317944569433972,-0.4313325585972993
27.315,-0.4317944569433972,-0.4313988293658687
27.318,-0.4317944569433972,-0.43146094277414965
27.321,-0.4317944569433972,-0.43151805751942907
27.324,-0.4323180557189954,-0.43157354948654103
27.327,-0.4323180557189954,-0.43163390344132846
27.33,-0.4323180557189954,-0.4317000413615417
27.333,-0.4323180557189954,-0.4317686255370728
27.336,-0.4323180557189954,-0.4318370441839983
27.339,-0.4323180557189954,-0.43190331502057266
27.342,-0.4323180557189954,-0.43196599330042906
27.345,-0.4328416544945937,-0.43202795422642815
27.348,-0.4328416544945937,-0.4320952748644293
27.351,-0.4328416544945937,-0.43216855228557294
27.354,-0.4328416544945937,-0.43224419646785245
27.357,-0.4328416544945937,-0.4323194060052388
27.36,-0.4328416544945937,-0.43239206229495275
27.363,-0.4328416544945937,-0.43246062885214487
27.366,-0.43336525327019204,-0.4325279257727874
27.369,-0.43336525327019204,-0.43260000451545244
27.372,-0.43336525327019204,-0.4326774597454683
27.375,-0.43336525327019204,-0.4327567167589324
27.378,-0.43336525327019204,-0.43283500250047274
27.381,-0.43336525327019204,-0.43291023579597093
27.384,-0.43336525327019204,-0.43298092339015903
27.387,-0.43371431912059094,-0.43304864232084267
27.39,-0.43371431912059094,-0.4331172590517313
27.393,-0.43371431912059094,-0.4331871099990913
27.396,-0.43371431912059094,-0.4332558358043206
27.399,-0.43371431912059094,-0.43332167460118326
27.402,-0.43371431912059094,-0.433383371190597
27.405,-0.43371431912059094,-0.43344009296362174
27.408,-0.43423791789618915,-0.43349522171503946
27.411,-0.43423791789618915,-0.4335552458279225
27.414,-0.43423791789618915,-0.4336210890459445
27.417,-0.43423791789618915,-0.43368941396416977
27.42,-0.43423791789618915,-0.4337576079834186
27.423,-0.43423791789618915,-0.43382368717830355
27.426,-0.43423791789618915,-0.43388620457711186
27.429,-0.4347615166717875,-0.43394803278053096
27.432,-0.4347615166717875,-0.434015246042437
27.435,-0.4347615166717875,-0.43408843854545065
27.438,-0.4347615166717875,-0.43416401740617305
27.441,-0.4347615166717875,-0.4342391784623812
27.444,-0.4347615166717875,-0.4343118005165908
27.447,-0.4347615166717875,-0.434380344688794
27.45,-0.4352851154473858,-0.4344476289024093
27.453,-0.4352851154473858,-0.43451970267702594
27.456,-0.4352851154473858,-0.43459715897400114
27.459,-0.4352851154473858,-0.4346764216146243
27.462,-0.4352851154473858,-0.43475471628665685
27.465,-0.4352851154473858,-0.4348299607620765
27.468,-0.4352851154473858,-0.43490066091727964
27.471,-0.4356341812977847,-0.4349683930885863
27.474,-0.4356341812977847,-0.4350370231858978
27.477,-0.4356341812977847,-0.4351068872003986
27.48,-0.4356341812977847,-0.43517562545890764
27.483,-0.4356341812977847,-0.4352414758739825
27.486,-0.4356341812977847,-0.4353031831029133
27.489,-0.4356341812977847,-0.4353599144564031
27.492,-0.43615778007338296,-0.4354150516993907
27.495,-0.43615778007338296,-0.4354750832244211
27.498,-0.43615778007338296,-0.43554093281427303
27.501,-0.43615778007338296,-0.43560926312450726
27.504,-0.43615778007338296,-0.4356774616309277
27.507,-0.43615778007338296,-0.43574354449193714
27.51,-0.43615778007338296,-0.43580606482383794
27.513,-0.4363323129985824,-0.43586531646819054
27.516,-0.4363323129985824,-0.4359229090123022
27.519,-0.4363323129985824,-0.4359788267140552
27.522,-0.4363323129985824,-0.43603181766616417
27.525,-0.4363323129985824,-0.43608101584574727
27.528,-0.4363323129985824,-0.4361258744219144
27.531,-0.4363323129985824,-0.4361661055803317
27.534,-0.4363323129985824,-0.4362016270844913
27.537,-0.4363323129985824,-0.436232515541787
27.54,-0.4363323129985824,-0.43625896615198956
27.543,-0.4363323129985824,-0.4362812585773379
27.546,-0.4363323129985824,-0.4362997284788455
27.549,-0.4363323129985824,-0.4363147442048816
27.552,-0.4363323129985824,-0.4363266880887426
27.555,-0.4363323129985824,-0.4363359418056525
27.558,-0.4363323129985824,-0.43634287525109716
27.561,-0.4363323129985824,-0.43634783842702357
27.564,-0.4363323129985824,-0.43635115585634426
27.567,-0.4363323129985824,-0.4363531230861597
27.57,-0.4363323129985824,-0.43635400488351517
27.573,-0.4363323129985824,-0.4363540347722377
27.576,-0.4363323129985824,-0.43635341560382085
27.579,-0.4363323129985824,-0.4363523208981927
27.582,-0.4363323129985824,-0.436350896730627
27.585,-0.4363323129985824,-0.4363492639784263
27.588,-0.4363323129985824,-0.43634752077494526
27.591,-0.4363323129985824,-0.4363457450488465
27.594,-0.4363323129985824,-0.4363439970531697
27.597,-0.4363323129985824,-0.43634232181190996
27.6,-0.4363323129985824,-0.43634075143153606
27.603,-0.4363323129985824,-0.4363393072414363
27.606,-0.4363323129985824,-0.43633800174095455
27.609,-0.4363323129985824,-0.4363368403417296
27.612,-0.4363323129985824,-0.4363358229028056
27.615,-0.4363323129985824,-0.436334945062705
27.618,-0.4363323129985824,-0.43633419937765855
27.621,-0.4363323129985824,-0.4363335762787121
27.624,-0.4363323129985824,-0.43633306486274276
27.627,-0.4363323129985824,-0.4363326535337292
27.63,-0.4363323129985824,-0.43633233051113796
27.633,-0.4363323129985824,-0.43633208422218117
27.636,-0.4363323129985824,-0.4363319035941264
27.639,-0.4363323129985824,-0.43633177826192254
27.642,-0.4363323129985824,-0.4363316987052595
27.645,-0.4363323129985824,-0.436331656327886
27.648,-0.4363323129985824,-0.4363316434906516
27.651,-0.4363323129985824,-0.436331653508363
27.654,-0.4363323129985824,-0.43633168061920075
27.657,-0.4363323129985824,-0.43633171993416403
27.66,-0.4363323129985824,-0.43633176737281176
27.663,-0.4363323129985824,-0.43633181959047795
27.666,-0.4363323129985824,-0.4363318739011498
27.669,-0.4363323129985824,-0.43633192819932554
27.672,-0.4363323129985824,-0.4363319808834055
27.675,-0.4363323129985824,-0.43633203078251304
27.678,-0.4363323129985824,-0.4363320770880874
27.681,-0.4363323129985824,-0.4363321192911301
27.684,-0.4363323129985824,-0.4363321571256055
27.687,-0.4363323129985824,-0.43633219051819827
27.69,-0.4363323129985824,-0.4363322195443903
27.693,-0.4363323129985824,-0.4363322443906453
27.696,-0.4363323129985824,-0.43633226532235686
27.699,-0.4363323129985824,-0.43633228265713025
27.702,-0.4363323129985824,-0.43633229674290924
27.705,-0.4363323129985824,-0.43633230794043915
27.708,-0.4363323129985824,-0.43633231660954463
27.711,-0.4363323129985824,-0.43633232309871633
27.714,-0.4363323129985824,-0.4363323277375234
27.717,-0.4363323129985824,-0.4363323308313987
27.72,-0.4363323129985824,-0.43633233265838584
27.723,-0.4363323129985824,-0.43633233346747224
27.726,-0.4363323129985824,-0.4363323334781802
27.729,-0.4363323129985824,-0.4363323328811261
27.732,-0.4363323129985824,-0.4363323318393007
27.735,-0.4363323129985824,-0.43633233048985887
27.738,-0.4363323129985824,-0.43633232894624535
27.741,-0.4363323129985824,-0.43633232730051236
27.744,-0.4363323129985824,-0.4363323256257156
27.747,-0.4363323129985824,-0.43633232397829846
27.75,-0.4363323129985824,-0.43633232240039643
27.753,-0.4363323129985824,-0.43633232092201424
27.756,-0.4363323129985824,-0.43633231956303997
27.759,-0.4363323129985824,-0.4363323183350765
27.762,-0.4363323129985824,-0.43633231724308075
27.765,-0.4363323129985824,-0.43633231628680597
27.768,-0.4363323129985824,-0.43633231546205337
27.771,-0.4363323129985824,-0.4363323147617422
27.774,-0.4363323129985824,-0.4363323141768071
27.777,-0.4363323129985824,-0.4363323136969417
27.78,-0.4363323129985824,-0.436332313311199
27.783,-0.4363323129985824,-0.43633231300846875
27.786,-0.4363323129985824,-0.4363323127778446
27.789,-0.4363323129985824,-0.4363323126088976
27.792,-0.4363323129985824,-0.4363323124918701
27.795,-0.4363323129985824,-0.436332312417804
27.798,-0.4363323129985824,-0.43633231237861364
27.801,-0.4363323129985824,-0.4363323123671167
27.804,-0.4363323129985824,-0.43633231237702996
27.807,-0.4363323129985824,-0.43633231240294024
27.81,-0.4363323129985824,-0.43633231244025616
27.813,-0.4363323129985824,-0.43633231248514726
27.816,-0.4363323129985824,-0.4363323125344754
27.819,-0.4363323129985824,-0.43633231258572164
27.822,-0.4363323129985824,-0.43633231263691297
27.825,-0.4363323129985824,-0.43633231268654965
27.828,-0.4363323129985824,-0.4363323127335367
27.831,-0.4363323129985824,-0.4363323127771192
27.834,-0.4363323129985824,-0.4363323128168235
27.837,-0.4363323129985824,-0.43633231285240376
27.84,-0.4363323129985824,-0.43633231288379476
27.843,-0.4363323129985824,-0.43633231291107066
27.846,-0.4363323129985824,-0.4363323129344097
27.849,-0.4363323129985824,-0.4363323129540635
27.852,-0.4363323129985824,-0.43633231297033265
27.855,-0.4363323129985824,-0.43633231298354597
27.858,-0.4363323129985824,-0.43633231299404357
27.861,-0.4363323129985824,-0.43633231300216474
27.864,-0.4363323129985824,-0.43633231300823805
27.867,-0.4363323129985824,-0.43633231301257347
27.87,-0.4363323129985824,-0.43633231301545866
27.873,-0.4363323129985824,-0.43633231301715514
27.876,-0.4363323129985824,-0.4363323130178971
27.879,-0.4363323129985824,-0.43633231301789077
27.882,-0.4363323129985824,-0.43633231301731545
27.885,-0.4363323129985824,-0.4363323130163241
27.888,-0.4363323129985824,-0.43633231301504555
27.891,-0.4363323129985824,-0.4363323130135862
27.894,-0.4363323129985824,-0.4363323130120325
27.897,-0.4363323129985824,-0.43633231301045305
27.9,-0.4363323129985824,-0.4363323130089004
27.903,-0.4363323129985824,-0.43633231300741426
27.906,-0.4363323129985824,-0.43633231300602243
27.909,-0.4363323129985824,-0.4363323130047437
27.912,-0.4363323129985824,-0.4363323130035886
27.915,-0.4363323129985824,-0.4363323130025619
27.918,-0.4363323129985824,-0.43633231300166314
27.921,-0.4363323129985824,-0.4363323130008882
27.924,-0.4363323129985824,-0.4363323130002305
27.927,-0.4363323129985824,-0.4363323129996814
27.93,-0.4363323129985824,-0.4363323129992312
27.933,-0.4363323129985824,-0.43633231299886943
27.936,-0.4363323129985824,-0.4363323129985857
27.939,-0.4363323129985824,-0.4363323129983698
27.942,-0.4363323129985824,-0.4363323129982118
27.945,-0.4363323129985824,-0.43633231299810254
27.948,-0.4363323129985824,-0.43633231299803366
27.951,-0.4363323129985824,-0.4363323129979974
27.954,-0.4363323129985824,-0.43633231299798714
27.957,-0.4363323129985824,-0.43633231299799685
27.96,-0.4363323129985824,-0.4363323129980216
27.963,-0.4363323129985824,-0.436332312998057
27.966,-0.4363323129985824,-0.4363323129980996
27.969,-0.4363323129985824,-0.4363323129981462
27.972,-0.4363323129985824,-0.4363323129981945
27.975,-0.4363323129985824,-0.43633231299824277
27.978,-0.4363323129985824,-0.43633231299828945
27.981,-0.4363323129985824,-0.43633231299833375
27.984,-0.4363323129985824,-0.43633231299837477
27.987,-0.4363323129985824,-0.4363323129984121
27.99,-0.4363323129985824,-0.43633231299844555
27.993,-0.4363323129985824,-0.4363323129984751
27.996,-0.4363323129985824,-0.4363323129985007
27.999,-0.4363323129985824,-0.43633231299852265
28.002,-0.4363323129985824,-0.436332312998541
28.005,-0.4363323129985824,-0.43633231299855635
28.008,-0.4363323129985824,-0.4363323129985687
28.011,-0.4363323129985824,-0.43633231299857855
28.014,-0.4363323129985824,-0.43633231299858616
28.017,-0.4363323129985824,-0.4363323129985918
28.02,-0.4363323129985824,-0.43633231299859593
28.023,-0.4363323129985824,-0.43633231299859854
28.026,-0.4363323129985824,-0.43633231299860015
28.029,-0.4363323129985824,-0.43633231299860087
28.032,-0.4363323129985824,-0.43633231299860087
28.035,-0.4363323129985824,-0.43633231299860037
28.038,-0.4363323129985824,-0.4363323129985994
28.041,-0.4363323129985824,-0.4363323129985982
28.044,-0.4363323129985824,-0.4363323129985968
28.047,-0.4363323129985824,-0.4363323129985953
28.05,-0.4363323129985824,-0.4363323129985939
28.053,-0.4363323129985824,-0.4363323129985924
28.056,-0.4363323129985824,-0.436332312998591
28.059,-0.4363323129985824,-0.4363323129985896
28.062,-0.4363323129985824,-0.4363323129985884
28.065,-0.4363323129985824,-0.4363323129985874
28.068,-0.4363323129985824,-0.4363323129985864
28.071,-0.4363323129985824,-0.4363323129985855
28.074,-0.4363323129985824,-0.43633231299858477
28.077,-0.4363323129985824,-0.43633231299858416
28.08,-0.4363323129985824,-0.43633231299858366
28.083,-0.4363323129985824,-0.43633231299858327
28.086,-0.4363323129985824,-0.4363323129985829
28.089,-0.4363323129985824,-0.4363323129985826
28.092,-0.4363323129985824,-0.43633231299858233
28.095,-0.4363323129985824,-0.43633231299858216
28.098,-0.4363323129985824,-0.43633231299858205
28.101,-0.4363323129985824,-0.436332312998582
28.104,-0.4363323129985824,-0.43633231299858205
28.107,-0.4363323129985824,-0.43633231299858205
28.11,-0.4363323129985824,-0.4363323129985821
28.113,-0.4363323129985824,-0.43633231299858216
28.116,-0.4363323129985824,-0.4363323129985822
28.119,-0.4363323129985824,-0.4363323129985823
28.122,-0.4363323129985824,-0.43633231299858233
28.125,-0.4363323129985824,-0.4363323129985824
28.128,-0.4363323129985824,-0.43633231299858244
28.131,-0.4363323129985824,-0.43633231299858244
28.134,-0.4363323129985824,-0.43633231299858244
28.137,-0.4363323129985824,-0.43633231299858244
28.14,-0.4363323129985824,-0.43633231299858244
28.143,-0.4363323129985824,-0.43633231299858244
28.146,-0.4363323129985824,-0.43633231299858244
28.149,-0.4363323129985824,-0.43633231299858244
28.152,-0.4363323129985824,-0.43633231299858244
28.155,-0.4363323129985824,-0.43633231299858244
28.158,-0.4363323129985824,-0.43633231299858244
28.161,-0.4363323129985824,-0.43633231299858244
28.164,-0.4363323129985824,-0.43633231299858244
28.167,-0.4363323129985824,-0.43633231299858244
28.17,-0.4363323129985824,-0.43633231299858244
28.173,-0.4363323129985824,-0.43633231299858244
28.176,-0.4363323129985824,-0.43633231299858244
28.179,-0.4363323129985824,-0.43633231299858244
28.182,-0.4363323129985824,-0.43633231299858244
28.185,-0.4363323129985824,-0.43633231299858244
28.188,-0.4363323129985824,-0.43633231299858244
28.191,-0.4363323129985824,-0.43633231299858244
28.194,-0.4363323129985824,-0.43633231299858244
28.197,-0.4363323129985824,-0.43633231299858244
28.2,-0.4363323129985824,-0.43633231299858244
28.203,-0.4363323129985824,-0.43633231299858244
28.206,-0.4363323129985824,-0.43633231299858244
28.209,-0.4363323129985824,-0.43633231299858244
28.212,-0.4363323129985824,-0.43633231299858244
28.215,-0.4363323129985824,-0.43633231299858244
28.218,-0.4363323129985824,-0.43633231299858244
28.221,-0.4363323129985824,-0.43633231299858244
28.224,-0.4363323129985824,-0.43633231299858244
28.227,-0.4363323129985824,-0.43633231299858244
28.23,-0.4363323129985824,-0.43633231299858244
28.233,-0.4363323129985824,-0.43633231299858244
28.236,-0.4363323129985824,-0.43633231299858244
28.239,-0.4363323129985824,-0.43633231299858244
28.242,-0.4363323129985824,-0.43633231299858244
28.245,-0.4363323129985824,-0.43633231299858244
28.248,-0.4363323129985824,-0.43633231299858244
28.251,-0.4363323129985824,-0.43633231299858244
28.254,-0.4363323129985824,-0.43633231299858244
28.257,-0.4363323129985824,-0.43633231299858244
28.26,-0.4363323129985824,-0.43633231299858244
28.263,-0.4363323129985824,-0.43633231299858244
28.266,-0.4363323129985824,-0.43633231299858244
28.269,-0.4363323129985824,-0.43633231299858244
28.272,-0.4363323129985824,-0.43633231299858244
28.275,-0.4363323129985824,-0.43633231299858244
28.278,-0.4363323129985824,-0.43633231299858244
28.281,-0.4363323129985824,-0.43633231299858244
28.284,-0.4363323129985824,-0.43633231299858244
28.287,-0.4363323129985824,-0.43633231299858244
28.29,-0.4363323129985824,-0.43633231299858244
28.293,-0.4363323129985824,-0.43633231299858244
28.296,-0.4363323129985824,-0.43633231299858244
28.299,-0.4363323129985824,-0.43633231299858244
28.302,-0.4363323129985824,-0.43633231299858244
28.305,-0.4363323129985824,-0.43633231299858244
28.308,-0.4363323129985824,-0.43633231299858244
28.311,-0.4363323129985824,-0.43633231299858244
28.314,-0.4363323129985824,-0.43633231299858244
28.317,-0.4363323129985824,-0.43633231299858244
28.32,-0.4363323129985824,-0.43633231299858244
28.323,-0.4363323129985824,-0.43633231299858244
28.326,-0.4363323129985824,-0.43633231299858244
28.329,-0.4363323129985824,-0.43633231299858244
28.332,-0.4363323129985824,-0.43633231299858244
28.335,-0.4363323129985824,-0.43633231299858244
28.338,-0.4363323129985824,-0.43633231299858244
28.341,-0.4363323129985824,-0.43633231299858244
28.344,-0.4363323129985824,-0.43633231299858244
28.347,-0.4363323129985824,-0.43633231299858244
28.35,-0.4363323129985824,-0.43633231299858244
28.353,-0.4363323129985824,-0.43633231299858244
28.356,-0.4363323129985824,-0.43633231299858244
28.359,-0.4363323129985824,-0.43633231299858244
28.362,-0.4363323129985824,-0.43633231299858244
28.365,-0.4363323129985824,-0.43633231299858244
28.368,-0.4363323129985824,-0.43633231299858244
28.371,-0.4363323129985824,-0.43633231299858244
28.374,-0.4363323129985824,-0.43633231299858244
28.377,-0.4363323129985824,-0.43633231299858244
28.38,-0.4363323129985824,-0.43633231299858244
28.383,-0.4363323129985824,-0.43633231299858244
28.386,-0.4363323129985824,-0.43633231299858244
28.389,-0.4363323129985824,-0.43633231299858244
28.392,-0.4363323129985824,-0.43633231299858244
28.395,-0.4363323129985824,-0.43633231299858244
28.398,-0.4363323129985824,-0.43633231299858244
28.401,-0.4363323129985824,-0.43633231299858244
28.404,-0.4363323129985824,-0.43633231299858244
28.407,-0.4363323129985824,-0.43633231299858244
28.41,-0.4363323129985824,-0.43633231299858244
28.413,-0.4363323129985824,-0.43633231299858244
28.416,-0.4363323129985824,-0.43633231299858244
28.419,-0.4363323129985824,-0.43633231299858244
28.422,-0.4363323129985824,-0.43633231299858244
28.425,-0.4363323129985824,-0.43633231299858244
28.428,-0.4363323129985824,-0.43633231299858244
28.431,-0.4363323129985824,-0.43633231299858244
28.434,-0.4363323129985824,-0.43633231299858244
28.437,-0.4363323129985824,-0.43633231299858244
28.44,-0.4363323129985824,-0.43633231299858244
28.443,-0.4363323129985824,-0.43633231299858244
28.446,-0.4363323129985824,-0.43633231299858244
28.449,-0.4363323129985824,-0.43633231299858244
28.452,-0.4363323129985824,-0.43633231299858244
28.455,-0.4363323129985824,-0.43633231299858244
28.458,-0.4363323129985824,-0.43633231299858244
28.461,-0.4363323129985824,-0.43633231299858244
28.464,-0.4363323129985824,-0.43633231299858244
28.467,-0.4363323129985824,-0.43633231299858244
28.47,-0.4363323129985824,-0.43633231299858244
28.473,-0.4363323129985824,-0.43633231299858244
28.476,-0.4363323129985824,-0.43633231299858244
28.479,-0.4363323129985824,-0.43633231299858244
28.482,-0.4363323129985824,-0.43633231299858244
28.485,-0.4363323129985824,-0.43633231299858244
28.488,-0.4363323129985824,-0.43633231299858244
28.491,-0.4363323129985824,-0.43633231299858244
28.494,-0.4363323129985824,-0.43633231299858244
28.497,-0.4363323129985824,-0.43633231299858244
28.5,-0.4363323129985824,-0.43633231299858244
28.503,-0.4363323129985824,-0.43633231299858244
28.506,-0.4363323129985824,-0.43633231299858244
28.509,-0.4363323129985824,-0.43633231299858244
28.512,-0.4363323129985824,-0.43633231299858244
28.515,-0.4363323129985824,-0.43633231299858244
28.518,-0.4363323129985824,-0.43633231299858244
28.521,-0.4363323129985824,-0.43633231299858244
28.524,-0.4363323129985824,-0.43633231299858244
28.527,-0.4363323129985824,-0.43633231299858244
28.53,-0.4363323129985824,-0.43633231299858244
28.533,-0.4363323129985824,-0.43633231299858244
28.536,-0.4363323129985824,-0.43633231299858244
28.539,-0.4363323129985824,-0.43633231299858244
28.542,-0.4363323129985824,-0.43633231299858244
28.545,-0.4363323129985824,-0.43633231299858244
28.548,-0.4363323129985824,-0.43633231299858244
28.551,-0.4363323129985824,-0.43633231299858244
28.554,-0.4363323129985824,-0.43633231299858244
28.557,-0.4363323129985824,-0.43633231299858244
28.56,-0.4363323129985824,-0.43633231299858244
28.563,-0.4363323129985824,-0.43633231299858244
28.566,-0.4363323129985824,-0.43633231299858244
28.569,-0.4363323129985824,-0.43633231299858244
28.572,-0.4363323129985824,-0.43633231299858244
28.575,-0.4363323129985824,-0.43633231299858244
28.578,-0.4363323129985824,-0.43633231299858244
28.581,-0.4363323129985824,-0.43633231299858244
28.584,-0.4363323129985824,-0.43633231299858244
28.587,-0.4363323129985824,-0.43633231299858244
28.59,-0.4363323129985824,-0.43633231299858244
28.593,-0.4363323129985824,-0.43633231299858244
28.596,-0.4363323129985824,-0.43633231299858244
28.599,-0.4363323129985824,-0.43633231299858244
28.602,-0.4363323129985824,-0.43633231299858244
28.605,-0.4363323129985824,-0.43633231299858244
28.608,-0.4363323129985824,-0.43633231299858244
28.611,-0.4363323129985824,-0.43633231299858244
28.614,-0.4363323129985824,-0.43633231299858244
28.617,-0.4363323129985824,-0.43633231299858244
28.62,-0.4363323129985824,-0.43633231299858244
28.623,-0.4363323129985824,-0.43633231299858244
28.626,-0.4363323129985824,-0.43633231299858244
28.629,-0.4363323129985824,-0.43633231299858244
28.632,-0.4363323129985824,-0.43633231299858244
28.635,-0.4363323129985824,-0.43633231299858244
28.638,-0.4363323129985824,-0.43633231299858244
28.641,-0.4363323129985824,-0.43633231299858244
28.644,-0.4363323129985824,-0.43633231299858244
28.647,-0.4363323129985824,-0.43633231299858244
28.65,-0.4363323129985824,-0.43633231299858244
28.653,-0.4363323129985824,-0.43633231299858244
28.656,-0.4363323129985824,-0.43633231299858244
28.659,-0.4363323129985824,-0.43633231299858244
28.662,-0.4363323129985824,-0.43633231299858244
28.665,-0.4363323129985824,-0.43633231299858244
28.668,-0.4363323129985824,-0.43633231299858244
28.671,-0.4363323129985824,-0.43633231299858244
28.674,-0.4363323129985824,-0.43633231299858244
28.677,-0.4363323129985824,-0.43633231299858244
28.68,-0.4363323129985824,-0.43633231299858244
28.683,-0.4363323129985824,-0.43633231299858244
28.686,-0.4363323129985824,-0.43633231299858244
28.689,-0.4363323129985824,-0.43633231299858244
28.692,-0.4363323129985824,-0.43633231299858244
28.695,-0.4363323129985824,-0.43633231299858244
28.698,-0.4363323129985824,-0.43633231299858244
28.701,-0.4363323129985824,-0.43633231299858244
28.704,-0.4363323129985824,-0.43633231299858244
28.707,-0.4363323129985824,-0.43633231299858244
28.71,-0.4363323129985824,-0.43633231299858244
28.713,-0.4363323129985824,-0.43633231299858244
28.716,-0.4363323129985824,-0.43633231299858244
28.719,-0.4363323129985824,-0.43633231299858244
28.722,-0.4363323129985824,-0.43633231299858244
28.725,-0.4363323129985824,-0.43633231299858244
28.728,-0.4363323129985824,-0.43633231299858244
28.731,-0.4363323129985824,-0.43633231299858244
28.734,-0.4363323129985824,-0.43633231299858244
28.737,-0.4363323129985824,-0.43633231299858244
28.74,-0.4363323129985824,-0.43633231299858244
28.743,-0.4363323129985824,-0.43633231299858244
28.746,-0.4363323129985824,-0.43633231299858244
28.749,-0.4363323129985824,-0.43633231299858244
28.752,-0.4363323129985824,-0.43633231299858244
28.755,-0.4363323129985824,-0.43633231299858244
28.758,-0.4363323129985824,-0.43633231299858244
28.761,-0.4363323129985824,-0.43633231299858244
28.764,-0.4363323129985824,-0.43633231299858244
28.767,-0.4363323129985824,-0.43633231299858244
28.77,-0.4363323129985824,-0.43633231299858244
28.773,-0.4363323129985824,-0.43633231299858244
28.776,-0.4363323129985824,-0.43633231299858244
28.779,-0.4363323129985824,-0.43633231299858244
28.782,-0.4363323129985824,-0.43633231299858244
28.785,-0.4363323129985824,-0.43633231299858244
28.788,-0.4363323129985824,-0.43633231299858244
28.791,-0.4363323129985824,-0.43633231299858244
28.794,-0.4363323129985824,-0.43633231299858244
28.797,-0.4363323129985824,-0.43633231299858244
28.8,-0.4363323129985824,-0.43633231299858244
28.803,-0.4363323129985824,-0.43633231299858244
28.806,-0.4363323129985824,-0.43633231299858244
28.809,-0.4363323129985824,-0.43633231299858244
28.812,-0.4363323129985824,-0.43633231299858244
28.815,-0.4363323129985824,-0.43633231299858244
28.818,-0.4363323129985824,-0.43633231299858244
28.821,-0.4363323129985824,-0.43633231299858244
28.824,-0.4363323129985824,-0.43633231299858244
28.827,-0.4363323129985824,-0.43633231299858244
28.83,-0.4363323129985824,-0.43633231299858244
28.833,-0.4363323129985824,-0.43633231299858244
28.836,-0.4363323129985824,-0.43633231299858244
28.839,-0.4363323129985824,-0.43633231299858244
28.842,-0.4363323129985824,-0.43633231299858244
28.845,-0.4363323129985824,-0.43633231299858244
28.848,-0.4363323129985824,-0.43633231299858244
28.851,-0.4363323129985824,-0.43633231299858244
28.854,-0.4363323129985824,-0.43633231299858244
28.857,-0.4363323129985824,-0.43633231299858244
28.86,-0.4363323129985824,-0.43633231299858244
28.863,-0.4363323129985824,-0.43633231299858244
28.866,-0.4363323129985824,-0.43633231299858244
28.869,-0.4363323129985824,-0.43633231299858244
28.872,-0.4363323129985824,-0.43633231299858244
28.875,-0.4363323129985824,-0.43633231299858244
28.878,-0.4363323129985824,-0.43633231299858244
28.881,-0.4363323129985824,-0.43633231299858244
28.884,-0.4363323129985824,-0.43633231299858244
28.887,-0.4363323129985824,-0.43633231299858244
28.89,-0.4363323129985824,-0.43633231299858244
28.893,-0.4363323129985824,-0.43633231299858244
28.896,-0.4363323129985824,-0.43633231299858244
28.899,-0.4363323129985824,-0.43633231299858244
28.902,-0.4363323129985824,-0.43633231299858244
28.905,-0.4363323129985824,-0.43633231299858244
28.908,-0.4363323129985824,-0.43633231299858244
28.911,-0.4363323129985824,-0.43633231299858244
28.914,-0.4363323129985824,-0.43633231299858244
28.917,-0.4363323129985824,-0.43633231299858244
28.92,-0.4363323129985824,-0.43633231299858244
28.923,-0.4363323129985824,-0.43633231299858244
28.926,-0.4363323129985824,-0.43633231299858244
28.929,-0.4363323129985824,-0.43633231299858244
28.932,-0.4363323129985824,-0.43633231299858244
28.935,-0.4363323129985824,-0.43633231299858244
28.938,-0.4363323129985824,-0.43633231299858244
28.941,-0.4363323129985824,-0.43633231299858244
28.944,-0.4363323129985824,-0.43633231299858244
28.947,-0.4363323129985824,-0.43633231299858244
28.95,-0.4363323129985824,-0.43633231299858244
28.953,-0.4363323129985824,-0.43633231299858244
28.956,-0.4363323129985824,-0.43633231299858244
28.959,-0.4363323129985824,-0.43633231299858244
28.962,-0.4363323129985824,-0.43633231299858244
28.965,-0.4363323129985824,-0.43633231299858244
28.968,-0.4363323129985824,-0.43633231299858244
28.971,-0.4363323129985824,-0.43633231299858244
28.974,-0.4363323129985824,-0.43633231299858244
28.977,-0.4363323129985824,-0.43633231299858244
28.98,-0.4363323129985824,-0.43633231299858244
28.983,-0.4363323129985824,-0.43633231299858244
28.986,-0.4363323129985824,-0.43633231299858244
28.989,-0.4363323129985824,-0.43633231299858244
28.992,-0.4363323129985824,-0.43633231299858244
28.995,-0.4363323129985824,-0.43633231299858244
28.998,-0.4363323129985824,-0.43633231299858244
29.001,-0.4363323129985824,-0.43633231299858244
29.004,-0.4363323129985824,-0.43633231299858244
29.007,-0.4363323129985824,-0.43633231299858244
29.01,-0.4363323129985824,-0.43633231299858244
29.013,-0.4363323129985824,-0.43633231299858244
29.016,-0.4363323129985824,-0.43633231299858244
29.019,-0.4363323129985824,-0.43633231299858244
29.022,-0.4363323129985824,-0.43633231299858244
29.025,-0.4363323129985824,-0.43633231299858244
29.028,-0.4363323129985824,-0.43633231299858244
29.031,-0.4363323129985824,-0.43633231299858244
29.034,-0.4363323129985824,-0.43633231299858244
29.037,-0.4363323129985824,-0.43633231299858244
29.04,-0.4363323129985824,-0.43633231299858244
29.043,-0.4363323129985824,-0.43633231299858244
29.046,-0.4363323129985824,-0.43633231299858244
29.049,-0.4363323129985824,-0.43633231299858244
29.052,-0.4363323129985824,-0.43633231299858244
29.055,-0.4363323129985824,-0.43633231299858244
29.058,-0.4363323129985824,-0.43633231299858244
29.061,-0.4363323129985824,-0.43633231299858244
29.064,-0.4363323129985824,-0.43633231299858244
29.067,-0.4363323129985824,-0.43633231299858244
29.07,-0.4363323129985824,-0.43633231299858244
29.073,-0.4363323129985824,-0.43633231299858244
29.076,-0.4363323129985824,-0.43633231299858244
29.079,-0.4363323129985824,-0.43633231299858244
29.082,-0.4363323129985824,-0.43633231299858244
29.085,-0.4363323129985824,-0.43633231299858244
29.088,-0.4363323129985824,-0.43633231299858244
29.091,-0.4363323129985824,-0.43633231299858244
29.094,-0.4363323129985824,-0.43633231299858244
29.097,-0.4363323129985824,-0.43633231299858244
29.1,-0.4363323129985824,-0.43633231299858244
29.103,-0.4363323129985824,-0.43633231299858244
29.106,-0.4363323129985824,-0.43633231299858244
29.109,-0.4363323129985824,-0.43633231299858244
29.112,-0.4363323129985824,-0.43633231299858244
29.115,-0.4363323129985824,-0.43633231299858244
29.118,-0.4363323129985824,-0.43633231299858244
29.121,-0.4363323129985824,-0.43633231299858244
29.124,-0.4363323129985824,-0.43633231299858244
29.127,-0.4363323129985824,-0.43633231299858244
29.13,-0.4363323129985824,-0.43633231299858244
29.133,-0.4363323129985824,-0.43633231299858244
29.136,-0.4363323129985824,-0.43633231299858244
29.139,-0.4363323129985824,-0.43633231299858244
29.142,-0.4363323129985824,-0.43633231299858244
29.145,-0.4363323129985824,-0.43633231299858244
29.148,-0.4363323129985824,-0.43633231299858244
29.151,-0.4363323129985824,-0.43633231299858244
29.154,-0.4363323129985824,-0.43633231299858244
29.157,-0.4363323129985824,-0.43633231299858244
29.16,-0.4363323129985824,-0.43633231299858244
29.163,-0.4363323129985824,-0.43633231299858244
29.166,-0.4363323129985824,-0.43633231299858244
29.169,-0.4363323129985824,-0.43633231299858244
29.172,-0.4363323129985824,-0.43633231299858244
29.175,-0.4363323129985824,-0.43633231299858244
29.178,-0.4363323129985824,-0.43633231299858244
29.181,-0.4363323129985824,-0.43633231299858244
29.184,-0.4363323129985824,-0.43633231299858244
29.187,-0.4363323129985824,-0.43633231299858244
29.19,-0.4363323129985824,-0.43633231299858244
29.193,-0.4363323129985824,-0.43633231299858244
29.196,-0.4363323129985824,-0.43633231299858244
29.199,-0.4363323129985824,-0.43633231299858244
29.202,-0.4363323129985824,-0.43633231299858244
29.205,-0.4363323129985824,-0.43633231299858244
29.208,-0.4363323129985824,-0.43633231299858244
29.211,-0.4363323129985824,-0.43633231299858244
29.214,-0.4363323129985824,-0.43633231299858244
29.217,-0.4363323129985824,-0.43633231299858244
29.22,-0.4363323129985824,-0.43633231299858244
29.223,-0.4363323129985824,-0.43633231299858244
29.226,-0.4363323129985824,-0.43633231299858244
29.229,-0.4363323129985824,-0.43633231299858244
29.232,-0.4363323129985824,-0.43633231299858244
29.235,-0.4363323129985824,-0.43633231299858244
29.238,-0.4363323129985824,-0.43633231299858244
29.241,-0.4363323129985824,-0.43633231299858244
29.244,-0.4363323129985824,-0.43633231299858244
29.247,-0.4363323129985824,-0.43633231299858244
29.25,-0.4363323129985824,-0.43633231299858244
29.253,-0.4363323129985824,-0.43633231299858244
29.256,-0.4363323129985824,-0.43633231299858244
29.259,-0.4363323129985824,-0.43633231299858244
29.262,-0.4363323129985824,-0.43633231299858244
29.265,-0.4363323129985824,-0.43633231299858244
29.268,-0.4363323129985824,-0.43633231299858244
29.271,-0.4363323129985824,-0.43633231299858244
29.274,-0.4363323129985824,-0.43633231299858244
29.277,-0.4363323129985824,-0.43633231299858244
29.28,-0.4363323129985824,-0.43633231299858244
29.283,-0.4363323129985824,-0.43633231299858244
29.286,-0.4363323129985824,-0.43633231299858244
29.289,-0.4363323129985824,-0.43633231299858244
29.292,-0.4363323129985824,-0.43633231299858244
29.295,-0.4363323129985824,-0.43633231299858244
29.298,-0.4363323129985824,-0.43633231299858244
29.301,-0.4363323129985824,-0.43633231299858244
29.304,-0.4363323129985824,-0.43633231299858244
29.307,-0.4363323129985824,-0.43633231299858244
29.31,-0.4363323129985824,-0.43633231299858244
29.313,-0.4363323129985824,-0.43633231299858244
29.316,-0.4363323129985824,-0.43633231299858244
29.319,-0.4363323129985824,-0.43633231299858244
29.322,-0.4363323129985824,-0.43633231299858244
29.325,-0.4363323129985824,-0.43633231299858244
29.328,-0.4363323129985824,-0.43633231299858244
29.331,-0.4363323129985824,-0.43633231299858244
29.334,-0.4363323129985824,-0.43633231299858244
29.337,-0.4363323129985824,-0.43633231299858244
29.34,-0.4363323129985824,-0.43633231299858244
29.343,-0.4363323129985824,-0.43633231299858244
29.346,-0.4363323129985824,-0.43633231299858244
29.349,-0.4363323129985824,-0.43633231299858244
29.352,-0.4363323129985824,-0.43633231299858244
29.355,-0.4363323129985824,-0.43633231299858244
29.358,-0.4363323129985824,-0.43633231299858244
29.361,-0.4363323129985824,-0.43633231299858244
29.364,-0.4363323129985824,-0.43633231299858244
29.367,-0.4363323129985824,-0.43633231299858244
29.37,-0.4363323129985824,-0.43633231299858244
29.373,-0.4363323129985824,-0.43633231299858244
29.376,-0.4363323129985824,-0.43633231299858244
29.379,-0.4363323129985824,-0.43633231299858244
29.382,-0.4363323129985824,-0.43633231299858244
29.385,-0.4363323129985824,-0.43633231299858244
29.388,-0.4363323129985824,-0.43633231299858244
29.391,-0.4363323129985824,-0.43633231299858244
29.394,-0.4363323129985824,-0.43633231299858244
29.397,-0.4363323129985824,-0.43633231299858244
29.4,-0.4363323129985824,-0.43633231299858244
29.403,-0.4363323129985824,-0.43633231299858244
29.406,-0.4363323129985824,-0.43633231299858244
29.409,-0.4363323129985824,-0.43633231299858244
29.412,-0.4363323129985824,-0.43633231299858244
29.415,-0.4363323129985824,-0.43633231299858244
29.418,-0.4363323129985824,-0.43633231299858244
29.421,-0.4363323129985824,-0.43633231299858244
29.424,-0.4363323129985824,-0.43633231299858244
29.427,-0.4363323129985824,-0.43633231299858244
29.43,-0.4363323129985824,-0.43633231299858244
29.433,-0.4363323129985824,-0.43633231299858244
29.436,-0.4363323129985824,-0.43633231299858244
29.439,-0.4363323129985824,-0.43633231299858244
29.442,-0.4363323129985824,-0.43633231299858244
29.445,-0.4363323129985824,-0.43633231299858244
29.448,-0.4363323129985824,-0.43633231299858244
29.451,-0.4363323129985824,-0.43633231299858244
29.454,-0.4363323129985824,-0.43633231299858244
29.457,-0.4363323129985824,-0.43633231299858244
29.46,-0.4363323129985824,-0.43633231299858244
29.463,-0.4363323129985824,-0.43633231299858244
29.466,-0.4363323129985824,-0.43633231299858244
29.469,-0.4363323129985824,-0.43633231299858244
29.472,-0.4363323129985824,-0.43633231299858244
29.475,-0.4363323129985824,-0.43633231299858244
29.478,-0.4363323129985824,-0.43633231299858244
29.481,-0.4363323129985824,-0.43633231299858244
29.484,-0.4363323129985824,-0.43633231299858244
29.487,-0.4363323129985824,-0.43633231299858244
29.49,-0.4363323129985824,-0.43633231299858244
29.493,-0.4363323129985824,-0.43633231299858244
29.496,-0.4363323129985824,-0.43633231299858244
29.499,-0.4363323129985824,-0.43633231299858244
29.502,-0.4363323129985824,-0.43633231299858244
29.505,-0.4363323129985824,-0.43633231299858244
29.508,-0.4363323129985824,-0.43633231299858244
29.511,-0.4363323129985824,-0.43633231299858244
29.514,-0.4363323129985824,-0.43633231299858244
29.517,-0.4363323129985824,-0.43633231299858244
29.52,-0.4363323129985824,-0.43633231299858244
29.523,-0.4363323129985824,-0.43633231299858244
29.526,-0.4363323129985824,-0.43633231299858244
29.529,-0.4363323129985824,-0.43633231299858244
29.532,-0.4363323129985824,-0.43633231299858244
29.535,-0.4363323129985824,-0.43633231299858244
29.538,-0.4363323129985824,-0.43633231299858244
29.541,-0.4363323129985824,-0.43633231299858244
29.544,-0.4363323129985824,-0.43633231299858244
29.547,-0.4363323129985824,-0.43633231299858244
29.55,-0.4363323129985824,-0.43633231299858244
29.553,-0.4363323129985824,-0.43633231299858244
29.556,-0.4363323129985824,-0.43633231299858244
29.559,-0.4363323129985824,-0.43633231299858244
29.562,-0.4363323129985824,-0.43633231299858244
29.565,-0.4363323129985824,-0.43633231299858244
29.568,-0.4363323129985824,-0.43633231299858244
29.571,-0.4363323129985824,-0.43633231299858244
29.574,-0.4363323129985824,-0.43633231299858244
29.577,-0.4363323129985824,-0.43633231299858244
29.58,-0.4363323129985824,-0.43633231299858244
29.583,-0.4363323129985824,-0.43633231299858244
29.586,-0.4363323129985824,-0.43633231299858244
29.589,-0.4363323129985824,-0.43633231299858244
29.592,-0.4363323129985824,-0.43633231299858244
29.595,-0.4363323129985824,-0.43633231299858244
29.598,-0.4363323129985824,-0.43633231299858244
29.601,-0.4363323129985824,-0.43633231299858244
29.604,-0.4363323129985824,-0.43633231299858244
29.607,-0.4363323129985824,-0.43633231299858244
29.61,-0.4363323129985824,-0.43633231299858244
29.613,-0.4363323129985824,-0.43633231299858244
29.616,-0.4363323129985824,-0.43633231299858244
29.619,-0.4363323129985824,-0.43633231299858244
29.622,-0.4363323129985824,-0.43633231299858244
29.625,-0.4363323129985824,-0.43633231299858244
29.628,-0.4363323129985824,-0.43633231299858244
29.631,-0.4363323129985824,-0.43633231299858244
29.634,-0.4363323129985824,-0.43633231299858244
29.637,-0.4363323129985824,-0.43633231299858244
29.64,-0.4363323129985824,-0.43633231299858244
29.643,-0.4363323129985824,-0.43633231299858244
29.646,-0.4363323129985824,-0.43633231299858244
29.649,-0.4363323129985824,-0.43633231299858244
29.652,-0.4363323129985824,-0.43633231299858244
29.655,-0.4363323129985824,-0.43633231299858244
29.658,-0.4363323129985824,-0.43633231299858244
29.661,-0.4363323129985824,-0.43633231299858244
29.664,-0.4363323129985824,-0.43633231299858244
29.667,-0.4363323129985824,-0.43633231299858244
29.67,-0.4363323129985824,-0.43633231299858244
29.673,-0.4363323129985824,-0.43633231299858244
29.676,-0.4363323129985824,-0.43633231299858244
29.679,-0.4363323129985824,-0.43633231299858244
29.682,-0.4363323129985824,-0.43633231299858244
29.685,-0.4363323129985824,-0.43633231299858244
29.688,-0.4363323129985824,-0.43633231299858244
29.691,-0.4363323129985824,-0.43633231299858244
29.694,-0.4363323129985824,-0.43633231299858244
29.697,-0.4363323129985824,-0.43633231299858244
29.7,-0.4363323129985824,-0.43633231299858244
29.703,-0.4363323129985824,-0.43633231299858244
29.706,-0.4363323129985824,-0.43633231299858244
29.709,-0.4363323129985824,-0.43633231299858244
29.712,-0.4363323129985824,-0.43633231299858244
29.715,-0.4363323129985824,-0.43633231299858244
29.718,-0.4363323129985824,-0.43633231299858244
29.721,-0.4363323129985824,-0.43633231299858244
29.724,-0.4363323129985824,-0.43633231299858244
29.727,-0.4363323129985824,-0.43633231299858244
29.73,-0.4363323129985824,-0.43633231299858244
29.733,-0.4363323129985824,-0.43633231299858244
29.736,-0.4363323129985824,-0.43633231299858244
29.739,-0.4363323129985824,-0.43633231299858244
29.742,-0.4363323129985824,-0.43633231299858244
29.745,-0.4363323129985824,-0.43633231299858244
29.748,-0.4363323129985824,-0.43633231299858244
29.751,-0.4363323129985824,-0.43633231299858244
29.754,-0.4363323129985824,-0.43633231299858244
29.757,-0.4363323129985824,-0.43633231299858244
29.76,-0.4363323129985824,-0.43633231299858244
29.763,-0.4363323129985824,-0.43633231299858244
29.766,-0.4363323129985824,-0.43633231299858244
29.769,-0.4363323129985824,-0.43633231299858244
29.772,-0.4363323129985824,-0.43633231299858244
29.775,-0.4363323129985824,-0.43633231299858244
29.778,-0.4363323129985824,-0.43633231299858244
29.781,-0.4363323129985824,-0.43633231299858244
29.784,-0.4363323129985824,-0.43633231299858244
29.787,-0.4363323129985824,-0.43633231299858244
29.79,-0.4363323129985824,-0.43633231299858244
29.793,-0.4363323129985824,-0.43633231299858244
29.796,-0.4363323129985824,-0.43633231299858244
29.799,-0.4363323129985824,-0.43633231299858244
29.802,-0.4363323129985824,-0.43633231299858244
29.805,-0.4363323129985824,-0.43633231299858244
29.808,-0.4363323129985824,-0.43633231299858244
29.811,-0.4363323129985824,-0.43633231299858244
29.814,-0.4363323129985824,-0.43633231299858244
29.817,-0.4363323129985824,-0.43633231299858244
29.82,-0.4363323129985824,-0.43633231299858244
29.823,-0.4363323129985824,-0.43633231299858244
29.826,-0.4363323129985824,-0.43633231299858244
29.829,-0.4363323129985824,-0.43633231299858244
29.832,-0.4363323129985824,-0.43633231299858244
29.835,-0.4363323129985824,-0.43633231299858244
29.838,-0.4363323129985824,-0.43633231299858244
29.841,-0.4363323129985824,-0.43633231299858244
29.844,-0.4363323129985824,-0.43633231299858244
29.847,-0.4363323129985824,-0.43633231299858244
29.85,-0.4363323129985824,-0.43633231299858244
29.853,-0.4363323129985824,-0.43633231299858244
29.856,-0.4363323129985824,-0.43633231299858244
29.859,-0.4363323129985824,-0.43633231299858244
29.862,-0.4363323129985824,-0.43633231299858244
29.865,-0.4363323129985824,-0.43633231299858244
29.868,-0.4363323129985824,-0.43633231299858244
29.871,-0.4363323129985824,-0.43633231299858244
29.874,-0.4363323129985824,-0.43633231299858244
29.877,-0.4363323129985824,-0.43633231299858244
29.88,-0.4363323129985824,-0.43633231299858244
29.883,-0.4363323129985824,-0.43633231299858244
29.886,-0.4363323129985824,-0.43633231299858244
29.889,-0.4363323129985824,-0.43633231299858244
29.892,-0.4363323129985824,-0.43633231299858244
29.895,-0.4363323129985824,-0.43633231299858244
29.898,-0.4363323129985824,-0.43633231299858244
29.901,-0.4363323129985824,-0.43633231299858244
29.904,-0.4363323129985824,-0.43633231299858244
29.907,-0.4363323129985824,-0.43633231299858244
29.91,-0.4363323129985824,-0.43633231299858244
29.913,-0.4363323129985824,-0.43633231299858244
29.916,-0.4363323129985824,-0.43633231299858244
29.919,-0.4363323129985824,-0.43633231299858244
29.922,-0.4363323129985824,-0.43633231299858244
29.925,-0.4363323129985824,-0.43633231299858244
29.928,-0.4363323129985824,-0.43633231299858244
29.931,-0.4363323129985824,-0.43633231299858244
29.934,-0.4363323129985824,-0.43633231299858244
29.937,-0.4363323129985824,-0.43633231299858244
29.94,-0.4363323129985824,-0.43633231299858244
29.943,-0.4363323129985824,-0.43633231299858244
29.946,-0.4363323129985824,-0.43633231299858244
29.949,-0.4363323129985824,-0.43633231299858244
29.952,-0.4363323129985824,-0.43633231299858244
29.955,-0.4363323129985824,-0.43633231299858244
29.958,-0.4363323129985824,-0.43633231299858244
29.961,-0.4363323129985824,-0.43633231299858244
29.964,-0.4363323129985824,-0.43633231299858244
29.967,-0.4363323129985824,-0.43633231299858244
29.97,-0.4363323129985824,-0.43633231299858244
29.973,-0.4363323129985824,-0.43633231299858244
29.976,-0.4363323129985824,-0.43633231299858244
29.979,-0.4363323129985824,-0.43633231299858244
29.982,-0.4363323129985824,-0.43633231299858244
29.985,-0.4363323129985824,-0.43633231299858244
29.988,-0.4363323129985824,-0.43633231299858244
29.991,-0.4363323129985824,-0.43633231299858244
29.994,-0.4363323129985824,-0.43633231299858244
29.997,-0.4363323129985824,-0.43633231299858244
30.0,-0.4363323129985824,-0.43633231299858244
